"batter","Year","Runs.Created","Runs.Start","Runs.End","Avg.Runs","N"
"",2017,-14.71,0.65,0.32,0,45
"",2018,-12.29,0.64,0.31,0,38
"A. Cain",2017,-0.33,0.22,0.06,0,2
"A. Cruz",2017,-0.93,0.59,0.41,0.09,11
"A. Fultz",2017,-0.75,0.35,0.2,0,5
"A. Gard",2017,-0.91,0.75,0.3,0,2
"A. Lechtenbe",2017,-1.36,0.79,0.52,0,5
"A. Nell",2017,-2.94,0.77,0.4,0,8
"A. Newman",2017,0.12,0.69,0.72,0,5
"A. Paschal",2017,-0.26,1.31,1.18,0,2
"A. Rolfsen",2017,0.47,0.66,1.12,0,1
"A. Wilson",2017,0.4,0.57,0.67,0,4
"A. Winters",2017,-0.53,0.83,0.72,0,5
"A.C. Long",2017,3.79,0.82,0.8,0.33,12
"A.J. Sayer",2017,-1.24,0.84,0.28,0.25,4
"Aaron Ochsner",2017,-3.15,0.65,0.55,0.08,159
"Adam Mundle",2017,-2.71,0.78,0.58,0,14
"Adam Naliwaj",2017,-0.94,0.52,0.29,0,4
"Adam Richman",2017,-3.72,0.7,0.54,0.11,66
"Adam Twitchell",2017,0.28,0.48,0.76,0,1
"Adams",2017,-1.01,0.93,0.53,0.2,5
"Adams, Jake",2017,1.47,0.77,0.65,0.25,12
"Adrian Spitz",2017,2.3,0.57,0.42,0.33,12
"Agerbeek",2017,-0.58,2.03,1.45,0,1
"AJ Liddell",2017,-1.26,0.84,0.63,0,6
"Alek Zentzis",2017,-0.01,0.55,0.3,0.25,8
"Alex Bell",2017,-0.12,0.36,0.32,0,3
"Alex Carey",2017,1,0.94,0.94,1,1
"Alex Crile",2017,-1.17,0.44,0.3,0,8
"Alex Elliott",2017,-0.09,0.62,0.6,0,4
"Alex Loberger",2017,-0.46,0.63,0.48,0,3
"Alex Loberger",2018,-0.52,0.53,0.46,0,7
"Alex Payne",2017,0.14,1.04,0.73,0.33,6
"Alex Sablan",2017,1.88,0.93,1.05,0.14,7
"Alex Toomey",2017,1.24,0.81,0.5,0.44,9
"Alex Toomey",2018,0.37,0.53,0.45,0.12,8
"Alex Vaassen",2017,0.47,0.66,1.12,0,1
"Alex Vaassen",2018,-0.24,0.24,0,0,1
"Allbee",2017,-0.78,0.41,0.15,0,3
"Allbee",2018,-0.48,1.12,0.64,0,1
"Almon",2017,0.21,0.22,0.32,0,2
"Amari Newman",2017,1.68,0.47,0.89,0,4
"Amari Newman",2018,-1.39,0.7,0.35,0,4
"Amundsen, Ca",2017,1.35,0.53,0.6,0.2,5
"Anctil",2017,-0.6,0.6,0.38,0.17,12
"Anderson",2017,-0.32,1.49,1.17,0,1
"Anderson",2018,1.01,0.56,0.77,0,5
"Anderson, Joey",2017,-0.34,0.41,0.32,0,4
"Anderson,J",2017,-0.07,0.55,0.52,0,3
"Andrew Brierton",2017,14.85,0.65,0.57,0.18,156
"Andrew Casteel",2017,0.35,0.47,0.59,0,3
"Andrew Lauber",2017,-2.47,0.82,0.33,0.14,7
"Andrew Recker",2017,-0.95,0.87,0.63,0,4
"Andrew Roginski",2017,1.99,1.25,1.05,0.6,5
"Andrew Shults",2017,2.17,1.05,1.24,0.17,6
"Andrew Sugarman",2017,-1.22,1.03,0.41,0,2
"Andrew White",2017,0.32,0.33,0.64,0,1
"Andrew Wrona",2017,-1.34,0.54,0.15,0.17,6
"Andrew Wrona",2018,-1.9,0.6,0.3,0.15,13
"Andy Anderson",2017,-1.01,0.71,0.56,0.12,41
"Andy Fritz",2017,-0.02,0.9,0.64,0.25,4
"Anguiano",2017,-0.71,0.61,0.43,0,4
"Anthony Corrado",2017,0.49,0.86,0.65,0.29,7
"Anthony Corrado",2018,-2.73,0.52,0.18,0,8
"Anthony DiPrizio",2017,1.41,1.12,0.72,0.75,4
"Anthony Dominguez",2017,-1.12,0.61,0.48,0,9
"Anthony Ortiz",2017,1.37,0.96,0.85,0.33,6
"Antionio Archina",2017,-1.23,0.87,0.31,0.25,4
"Antonio Rosanova",2017,-1.1,1.01,0.77,0.11,9
"Apdiel Vazquez",2017,-0.48,0.48,0,0,1
"Appino, Danny",2017,1.29,0.46,0.5,0.14,7
"Athman",2017,-1.05,0.61,0.49,0,9
"Austin Gehl",2017,1.86,0.95,0.74,0.4,10
"Austin Hardy",2017,-1.66,0.98,0.52,0.25,8
"Austin Heuer",2017,-2.3,0.55,0.37,0.05,19
"Austin Heuer",2018,-0.91,0.4,0.17,0,4
"Austin Konagel",2017,9.5,0.61,0.54,0.14,143
"Austin Konagel",2018,9.28,0.64,0.61,0.08,190
"Austin Lechtenberg",2017,2.78,0.63,0.56,0.1,94
"Austin Ledin",2017,-1.65,0.7,0.29,0,4
"Austin Ledin",2018,4.28,0.47,0.56,0.2,15
"Austin McWhite",2017,11.68,0.62,0.54,0.15,171
"Austin Sliva-Wynne",2017,-0.94,0.53,0.21,0,3
"Austin Stuckart",2017,0.58,1.39,1.25,0.33,3
"Austin Stuckart",2018,0.47,0.66,1.12,0,1
"Austin Wacker",2017,-0.23,0.65,0.59,0,4
"Avella",2017,-0.48,1.12,0.64,0,1
"B. Carney",2017,-0.98,0.55,0.46,0,10
"B. Carpenter",2017,-0.05,0.52,0.51,0,5
"B. Garwood",2017,-0.66,0.66,0.33,0,2
"B. Goodall",2017,-0.54,0.85,0.75,0.07,15
"B. Julian",2017,-0.33,0.66,0.33,0,1
"B. Mahoney",2017,2.41,0.61,0.42,0.32,19
"B. Mapes",2017,0.39,0.68,0.61,0.12,8
"B. McGuire",2017,0.68,0.65,0.88,0,3
"B. Norman",2017,-0.77,0.47,0.22,0,3
"B. Norman",2018,-0.19,0.48,0.44,0,4
"B. Ryan",2017,-0.21,0.33,0.11,0,1
"B. Sanders",2017,-0.58,0.82,0.67,0,4
"B.Breithaupt",2017,1.49,0.61,0.4,0.43,7
"Banse",2017,0.4,0.58,0.46,0.2,5
"Barsness",2017,-0.21,0.33,0.11,0,1
"Bartelt",2017,0.33,1.2,0.97,0.33,3
"Beale, Anthony",2017,-0.48,0.62,0.38,0,2
"Belovich",2017,-0.92,0.63,0.32,0,3
"Ben Beachy",2017,-0.68,0.62,0.49,0,5
"Ben Buerkle",2017,0.41,0.89,0.99,0,4
"Ben DeRitter",2017,-1,0.55,0.22,0,3
"Ben Dinter",2017,0.13,0.77,0.8,0,4
"Ben Durland",2017,0.12,0.33,0.37,0,3
"Ben Frerichs",2017,1.51,0.6,0.51,0.19,16
"Ben Jacobson",2017,0.84,0.69,0.58,0.12,124
"Benjamin Milewski",2017,0.03,0.72,0.73,0,3
"Benson",2017,-1.62,0.77,0.32,0.25,8
"Berg, Casey",2017,4.46,0.58,0.62,0.33,12
"Bergbreiter, Josh",2017,0.28,0.66,0.73,0,4
"Berliner, Evan",2017,-0.48,0.48,0,0,1
"Bernardo Bonifacio",2017,0.89,0.41,0.63,0,4
"Berry",2017,-0.9,0.47,0.25,0,4
"Bill",2017,0.32,0.33,0.64,0,1
"Billy Ballantine",2017,0.47,0.66,1.12,0,1
"Billy Pulasky",2017,0.47,0.55,0.61,0,8
"Billy Stephen",2017,-1.62,0.47,0.09,0.14,7
"Blake Lishka",2017,-0.31,0.66,0.56,0.1,58
"Blake Mahoney",2017,11.57,0.77,0.67,0.17,158
"Blake Mahoney",2018,6.38,0.7,0.58,0.15,181
"Blake Phillips",2017,-0.5,0.65,0.48,0,3
"Blake Strebl",2017,2.2,0.84,0.93,0.08,13
"Blazsen Ferreira",2017,-0.66,0.36,0.15,0,3
"Bob Kinne",2017,-1.53,0.94,0.44,0.2,5
"Bobby Finn",2017,0.25,0.6,0.64,0,6
"Bobby Finn",2018,1.6,0.42,0.36,0.33,6
"Bobby Moscow",2017,-1.48,0.64,0.15,0,3
"Boe",2017,-0.26,0.99,0.92,0,4
"Boe",2018,0.16,0.73,0.11,0.67,3
"Bogucki, Garrett",2017,0.05,0.94,0.95,0,6
"Bohn, Ian",2017,-1.8,1.18,0.73,0,4
"Bohn, Ian",2018,0.88,0.62,0.6,0.17,6
"Bonnett",2017,0.45,1.12,1.35,0,2
"Borrowman",2017,-1.35,0.68,0.48,0.12,17
"Bowers",2017,0.21,0.54,0.56,0,8
"Boyer, E.",2017,1.03,0.65,0.53,0.17,24
"Brad Thaxton",2017,-1.08,0.91,0.37,0,2
"Brad Weaver",2017,1.11,0.92,0.54,0.6,5
"Brad Wilkins",2017,0.77,0.51,0.48,0.17,6
"Brady Soders",2017,0.52,0.24,0.76,0,1
"Bragg",2017,-0.65,1.04,0.63,0.25,4
"Brandon Hull",2017,-1.35,0.6,0.45,0.07,15
"Brandon Meye",2017,0.47,0.66,1.12,0,1
"Brandon Meye",2018,0.24,0.54,0.38,0.18,11
"Brandon Meyer",2017,-0.11,0.11,0,0,1
"Brandon Scott",2017,-0.72,0.35,0.23,0,6
"Brandon Smit",2017,-0.22,0.48,0.42,0,4
"Brandon,C",2017,-0.67,0.26,0.04,0,3
"Brandyn Olsen",2017,-0.86,0.51,0.2,0.17,6
"Brd Hoffer",2017,-0.58,0.8,0.68,0,5
"Breard",2017,2.68,0.64,0.55,0.21,24
"Breard",2018,-1.02,0.78,0.68,0,11
"Brendan Greene",2017,3.6,0.86,1.15,0.11,9
"Brendan Greene",2018,-1.61,0.6,0.37,0,7
"Brendan Powers",2017,-1.71,0.85,0.51,0,5
"Brendon Fischel",2017,-0.44,0.38,0.16,0,2
"Brendon Fischel",2018,-1.45,0.79,0.55,0,6
"Bret Neuvill",2017,-2.4,1.27,0.78,0.14,7
"Bret Neuville",2017,-0.44,1.15,0.54,0.5,4
"Brett LaBonte",2017,-0.25,0.86,0.68,0.14,7
"Brian Carney",2017,-0.11,0.11,0,0,1
"Brian Meerholz",2017,3.03,0.92,1.17,0.5,4
"Brian Rhone",2017,-1.02,0.76,0.47,0.14,7
"Brinkman",2017,4.93,0.82,0.89,0.31,13
"Brinkman",2018,-1.32,0.7,0.39,0.21,14
"Bristol",2017,-0.85,0.59,0.32,0.14,7
"Brock Frentz",2017,0.5,0.59,0.46,0.25,4
"Brody Labbe",2017,1.81,0.68,0.53,0.38,8
"Brody Labbe",2018,-0.28,0.7,0.65,0,5
"Brook Johnson",2017,0.8,0.69,0.6,0.09,150
"Brook Johnson",2018,-3.75,0.67,0.49,0.14,73
"Browdy",2017,1.55,0.81,0.66,0.25,16
"Brown",2017,-2.34,0.68,0.57,0.03,31
"Brown, M.",2017,-0.19,0.69,0.46,0.23,22
"Bruce",2017,1.37,0.62,0.49,0.4,5
"Bruggers",2017,0.6,0.85,0.68,0.2,20
"Bruggers",2018,-0.26,0.45,0.4,0,5
"Bruner",2017,1.63,0.7,0.65,0.29,7
"Bruno",2017,-0.94,0.94,0,0,1
"Bryan",2017,0.26,0.38,0.44,0,4
"Bryan Terzian",2017,-0.12,0.33,0.29,0,3
"Bryant",2017,-1.47,0.75,0.55,0.12,17
"Bryant",2018,0.89,0.79,0.96,0,5
"Bryce Aldridge",2017,-0.17,1.3,1.24,0,3
"Bryce Aldridge",2018,-1.41,0.48,0.2,0,5
"Bryce Hingst",2017,8.16,0.74,0.67,0.11,175
"Bryce Hingst",2018,7.03,0.7,0.53,0.21,192
"Bryce Marqua",2017,1.13,1,1.23,0,5
"Bryce Marquardt",2017,0.12,0.95,0.97,0,5
"Bryce Rheault",2017,-2.32,0.66,0.55,0.1,167
"Bryce Rheault",2018,15.3,0.63,0.54,0.17,192
"Bryce Riege",2017,-2.16,0.65,0.29,0,6
"Bryson Sheppard",2017,-1.1,0.8,0.66,0,8
"Buck",2017,-0.64,0.57,0.41,0,4
"Buerkle",2017,2.05,0.54,0.54,0.2,10
"Burkiewicz",2017,-0.91,0.75,0.3,0,2
"Burkiewicz, John",2017,-0.53,0.47,0.3,0,3
"Burnside",2017,1.3,0.85,0.68,0.5,4
"Byrd, P.",2017,-1.25,0.47,0.16,0,4
"C. Clute",2017,-1.81,0.76,0.31,0,4
"C. Grant",2017,0.89,0.34,0.24,1,1
"C. Henning",2017,-3.77,0.7,0.46,0.05,20
"C. Hyler",2017,1.48,0.69,0.71,0.05,20
"C. Kidd",2017,1.16,1.12,1.71,0,2
"C. Koski",2017,-3.32,0.73,0.34,0.09,11
"C. Lewis",2017,-0.64,0.38,0.06,0,2
"C. MacDowell",2017,-0.99,0.39,0.14,0,4
"C. Tiffin",2017,-0.65,0.76,0.35,0.25,4
"C.Johnson",2017,1.2,0.32,0.16,0.4,5
"C.Pack",2017,-0.56,0.5,0.4,0,6
"Cale Ewald",2017,5.69,0.68,0.48,0.36,36
"Cale Jamesson",2017,0.18,0.67,0.71,0,4
"Cale Jamesson",2018,-3.36,0.54,0.3,0,14
"Cam Lulow",2017,-0.03,0.9,0.64,0.25,12
"Cameron Frazier",2017,-1.89,0.6,0.23,0,5
"Cameron Frazier",2018,0.1,0.64,0.58,0.06,32
"Cameron Johnson",2017,0.03,0.66,0.49,0.17,99
"Cameron Smail",2017,-0.99,0.59,0.35,0,4
"Cameron Upton",2017,-1.26,0.7,0.38,0,4
"Campbell Quirk",2017,0.7,0.67,0.9,0,3
"Cantu",2017,1.69,0.4,0.52,0.17,6
"Cappis, Scott",2017,-0.21,0.33,0.11,0,1
"Cappis,S",2017,0.04,1.42,1.44,0,3
"Carlin",2017,-1.16,0.72,0.48,0.11,9
"Carlin",2018,0.69,0.77,0.69,0.25,4
"Carlisle",2017,0.2,0.45,0.48,0,7
"Carlson",2017,-0.65,0.87,0.34,0.4,5
"Carone",2017,-2.13,0.78,0.43,0,6
"Carson Gampell",2017,1.42,0.63,0.91,0,5
"Caylor Deeth",2017,-4.15,0.53,0.29,0.08,26
"Chafin",2017,-0.64,0.76,0.55,0.12,8
"Chapman",2017,-0.7,1.18,0.48,0,1
"Chase Clarkson",2017,-0.33,0.66,0.33,0,1
"Chazz Brown",2017,-1.41,0.93,0.7,0,6
"Cherven, Mike",2017,-0.55,1.32,0.81,0.4,5
"Chris Bartosz",2017,0.46,0.89,1,0,4
"Chris Bosco",2017,-0.92,0.51,0.35,0,6
"Chris Lasch",2017,0,1.31,0.82,0.5,4
"Chris Lasch",2018,-1.55,0.66,0.4,0,6
"Chris Rebar",2017,-2.23,0.66,0.38,0,8
"Chris Riddle",2017,2,0.77,0.62,0.18,72
"Chris Riddle",2018,-3.35,0.72,0.5,0.17,76
"Chris Winkler",2017,-0.53,0.91,0.77,0,4
"Chris Winters",2017,-0.42,1.18,0.76,0,1
"Christian Ch",2017,-1.53,0.74,0.35,0,4
"Christian Correa",2017,0.94,0.66,1.12,0,2
"Christopher",2017,-0.35,0.17,0,0,2
"Christopher Vincent",2017,1.02,0.73,0.61,0.25,8
"Clark",2017,2.84,0.77,1.23,0.25,4
"Clark",2018,-2.11,0.79,0.36,0,5
"Clay Anderson",2017,0.23,0.68,0.62,0.08,12
"Clay Henning",2017,0.1,0.72,0.66,0.06,135
"Clay Henning",2018,-6.75,0.7,0.52,0.13,141
"Clint Kannegieter",2017,0.02,0.59,0.59,0,4
"Clint Kannegieter",2018,-6.78,0.69,0.48,0.08,51
"Close",2017,-0.04,0.64,0.38,0.25,4
"Codey Houts",2017,-0.73,1.12,0.54,0.33,3
"Cody Hyler",2017,1.3,0.68,0.59,0.11,140
"Cody Hyler",2018,12.92,0.72,0.65,0.14,171
"Cody Kramschuster",2017,-0.11,0.17,0.12,0,2
"Cody Kramschuster",2018,0.23,0.63,0.51,0.13,47
"Cody Reimer",2017,6.57,0.76,0.65,0.15,162
"Coffey",2017,0.96,0.66,0.66,0.17,6
"Cole Harlacher",2017,0.17,1.35,1.08,0.33,3
"Cole Havlovic",2017,-1.01,0.91,0.41,0.25,4
"Cole Havlovic",2018,3.1,1.05,1.23,0.33,6
"Cole Jensen",2017,-1.25,0.41,0.23,0,7
"Cole Jensen",2018,-4.48,0.83,0.64,0.11,62
"Cole Schumacher",2017,12.18,0.71,0.66,0.18,96
"Cole Schumacher",2018,-7.43,0.61,0.48,0.07,135
"Colin Olstad",2017,-0.39,0.84,0.64,0.14,7
"Collin Guinn",2017,1.36,0.83,0.95,0.33,3
"Collin McClain",2017,0.25,0.42,0.5,0,3
"Colman Hendershot",2017,-0.61,1.33,0.77,0.5,10
"Colson Frakes",2017,-1.25,0.73,0.61,0,10
"Colton Knox",2017,-0.44,0.66,0.52,0.12,17
"Coltrane Tait",2017,-1.95,0.57,0.42,0,13
"Conner Wardl",2017,-1.13,0.73,0.44,0,4
"Connor Brett",2017,-0.69,0.7,0.56,0,5
"Connor Rosko",2017,-1.03,0.7,0.36,0,3
"Connor Urevich",2017,2.36,0.74,0.81,0.4,5
"Cooper",2017,0.18,0.53,0.32,0.23,13
"Coppin, Kevin",2017,0.17,0.37,0.16,0.25,4
"Coppin,K",2017,-0.39,0.46,0.36,0,4
"Cory Hecht",2017,-0.48,0.48,0,0,1
"Cory Kukkola",2017,-1.11,0.47,0.29,0,6
"Costello",2017,-1.38,0.4,0.25,0,9
"Could not find",2017,-0.8,0.94,0.65,0.26,27
"Could not find",2018,0.64,0.69,0.53,0.19,27
"Council, Wade",2017,-1.88,0.87,0.39,0.17,6
"Council, Wade",2018,-1.12,0.52,0.15,0,3
"Crampton",2017,-0.85,0.85,0.61,0.12,8
"Crampton",2018,0.57,0.66,0.56,0.25,4
"Crews",2017,1.25,0.45,0.33,0.33,6
"Cropley",2017,1.23,0.68,0.73,0.2,5
"Cropley",2018,3.63,0.74,0.91,0.2,10
"Crowl",2017,-0.64,0.38,0.06,0,2
"Crowl",2018,-0.63,0.97,0.73,0.14,7
"Curtis, Arno",2017,-0.44,0.38,0.16,0,2
"D. Fitzgeral",2017,-0.71,0.57,0.47,0.06,17
"D. Kracht",2017,-0.1,0.5,0.49,0,6
"D. Martin",2017,-0.2,0.38,0.28,0,2
"D. Zaslau",2017,-0.12,0.36,0.32,0,3
"D.Bolingberg",2017,-1.04,0.84,0.32,0,2
"Daley",2017,-2.26,0.76,0.59,0,14
"Dallyn Putz",2017,-2.05,0.75,0.47,0.09,11
"Dallyn Putz",2018,-3.61,0.87,0.54,0.07,14
"Dalton Bidon",2017,0.66,1.35,1.68,0,2
"Dalton James",2017,-0.87,0.69,0.47,0,4
"Dan Connors",2017,-1.35,0.84,0.67,0,8
"Dan Donovan",2017,-0.34,0.34,0,0,1
"Dan McClellan",2017,-1.25,0.64,0.32,0,4
"Dan Urban",2017,1.65,0.61,0.42,0.24,29
"Dandrea",2017,1.55,0.6,0.73,0.25,4
"Danny Blugis",2017,-0.55,0.29,0.11,0,3
"Danny Carrasco",2017,-0.32,0.81,0.66,0.11,9
"Danny Kneeland",2017,-1.15,0.61,0.43,0.08,12
"Danny Paluch",2017,2.48,0.57,0.47,0.12,149
"Danny Paluch",2018,-0.76,0.75,0.61,0.14,181
"Danny Roth",2017,-1.07,1.29,0.75,0,2
"Danny Weis",2017,3.58,0.61,0.5,0.12,168
"Danny Weis",2018,21.15,0.7,0.62,0.2,179
"Dante Serino",2017,2.04,0.82,0.83,0.33,6
"Darmawan",2017,0.28,0.55,0.5,0.06,16
"Darrien Luckett",2017,0.14,0.81,0.86,0,3
"Daubach",2017,1.91,0.6,0.48,0.24,17
"David Fitzgerald",2017,-3,0.68,0.56,0.1,144
"David Fitzgerald",2018,5.54,0.75,0.63,0.16,150
"David Iacobucci",2017,-0.91,0.68,0.57,0,9
"David Laylock",2017,2.14,0.71,0.74,0.4,5
"David Morris",2017,-4.81,0.58,0.46,0.08,116
"Davis, Cole",2017,2,0.94,0.84,0.3,10
"Davis,G",2017,-0.91,0.5,0.32,0,5
"Dawson",2017,1.06,0.94,0,2,1
"Dayton Ince",2017,1.22,1.2,1.04,0.4,5
"Deboer",2017,-1.48,0.6,0.23,0,4
"Deeth",2017,-0.22,0.39,0.33,0,4
"DeFreitas",2017,0.61,0.33,0.54,0,3
"DeFreitas",2018,0.25,0.24,0.48,0,1
"Dehne",2017,-1.35,0.76,0.6,0.07,14
"Dennis Meehan",2017,0.34,0.77,0.84,0,5
"DeSpain, Bryce",2017,-0.89,1.45,0.56,0,1
"DeSpain, Bryce",2018,-2.55,0.73,0.37,0,7
"Devin Rodgers",2017,0.46,1.19,1.01,0.33,3
"Devin Rodgers",2018,-0.18,0.98,0.94,0,5
"Devin Wagenman",2017,9.18,0.67,0.58,0.14,173
"Devin Wagenman",2018,-2.8,0.71,0.58,0.12,181
"Devon Harms",2017,-15.32,0.72,0.51,0.09,128
"Dew, M.",2017,3.25,0.61,0.72,0.17,12
"Diamond",2017,1.09,1.06,0.68,0.6,5
"DiMaggio",2017,2.63,0.63,0.72,0.29,7
"Dimmitt",2017,0.48,0.72,0.59,0.18,11
"Dinter",2017,-0.85,0.94,0.32,0.33,3
"Dinter",2018,0.25,0.24,0.48,0,1
"Dirk Drohner",2017,-1.4,1.29,0.94,0,4
"Dirk Drohner",2018,-1.74,0.8,0.22,0,3
"Dixon Irwin",2017,-1.91,0.81,0.43,0,5
"Dixon Irwin",2018,-1.1,0.42,0.2,0,5
"Dmitri Colla",2017,-0.52,0.66,0.53,0,4
"Doherty, W.",2017,0.73,0.64,0.58,0.1,20
"Dom Lampasona",2017,2.91,0.98,0.96,0.6,5
"Dom Lampasona",2018,0.67,0.8,0.63,0.5,2
"Domenic Dandrea",2017,-1.29,0.87,0.54,0,4
"Dominic Hilo",2017,0.47,0.66,1.12,0,1
"Donnelly",2017,-0.44,0.38,0.16,0,2
"Dooley",2017,0.26,0.53,0.4,0.14,14
"Drada",2017,0.89,0.68,0.49,0.33,6
"Drake Sykes",2017,-2.78,0.58,0.23,0.09,11
"Drohner",2017,-0.22,0.7,0.46,0.2,5
"Dugandzic",2017,-1.01,0.49,0.35,0,7
"Durni",2017,0.8,0.47,0.42,0.25,4
"Dvorak",2017,2.3,0.56,0.88,0.25,4
"Dylan Hayes",2017,-0.5,0.6,0.5,0,5
"Dylan Kramer",2017,-1.7,0.35,0.11,0,7
"Dynes",2017,0.47,0.66,1.12,0,1
"Dziergas",2017,-0.13,0.75,0.56,0.17,6
"E. Noe",2017,-0.33,0.66,0.33,0,1
"E. Willis",2017,-0.12,0.73,0.68,0.05,22
"Eddie Kilkeary",2017,-1.02,0.6,0.39,0,5
"Eddie Kilkeary",2018,1.57,0.69,0.62,0.33,6
"Edouard Bosseloo",2017,1.42,1.16,1.26,0.25,4
"Elfrink",2017,-0.21,0.33,0.11,0,1
"Eli Camner",2017,-0.45,0.56,0.5,0,7
"Eli Valder",2017,-1.13,0.29,0.1,0,6
"Emmer",2017,-0.87,0.44,0,0,2
"Engel, Brodie",2017,-1.09,0.49,0.22,0,4
"Engelbrecht",2017,1.07,0.56,0.41,0.33,6
"Eric Bueno",2017,3.52,0.65,1.01,0.14,7
"Eric Chavez",2017,-0.7,1.3,0.96,0.2,5
"Eric Chavez",2018,-0.4,0.38,0.28,0,4
"Eric Daubach",2017,2.01,0.49,0.5,0.4,5
"Eric Grantland",2017,-0.34,0.64,0.59,0,8
"Eric Hall",2017,-2.5,0.63,0.53,0.08,92
"Eric Willis",2017,8.91,0.69,0.62,0.13,159
"Eric Willis",2018,5.74,0.68,0.59,0.13,183
"Espinosa",2017,0.32,0.33,0.64,0,1
"Esteban Vela",2017,2.13,1.4,1.42,0.4,5
"Esteban Vela",2018,-2.23,0.78,0.51,0.08,12
"Esteban Velasco",2017,1.29,1,1.07,0.25,4
"Ethan Jones",2017,1.38,0.97,0.82,0.5,4
"Ethan McHenry",2017,-1.74,0.78,0.49,0.26,61
"Evan Faccenda",2017,0.65,0.88,0.58,0.38,8
"Evan Finch",2017,-0.7,0.79,0.45,0.2,5
"Evans, J.",2017,-0.74,0.7,0.57,0,6
"Fails",2017,0.54,0.64,1.18,0,1
"Falish",2017,-0.63,0.81,0.63,0.11,9
"Farley",2017,0.32,0.33,0.64,0,1
"Farley",2018,-2.29,0.57,0,0,4
"Farley, M.",2017,-1.09,1.47,0.92,0,2
"Fesmire, Ryan",2017,1.27,0.64,0.46,0.5,4
"Fidler, Michael",2017,-0.57,0.9,0.65,0.2,10
"Figus, Nick",2017,0.32,1.12,1.28,0,2
"Finn",2017,-0.63,0.72,0.51,0,3
"Finn",2018,-0.83,0.71,0.43,0,3
"Fitzgerald",2017,3.84,0.59,0.75,0.06,17
"Fitzgerald",2018,0.3,1.11,0.89,0.25,12
"Flaherty",2017,1.36,0.76,0.52,0.43,7
"Florio, G.",2017,-1.47,0.72,0.22,0,3
"Ford Ladd",2017,1.68,0.68,0.96,0,6
"Fowler, Alex",2017,-0.64,0.71,0.55,0,4
"Frakes",2017,-0.64,0.44,0.12,0,2
"Frese",2017,-1.3,0.65,0.22,0,3
"Frey",2017,-0.04,0.77,0.76,0,6
"Fricke",2017,-0.58,2.03,1.45,0,1
"Fultz",2017,1.03,0.27,0.28,0.17,6
"G. Saunders",2017,2.45,0.73,0.71,0.12,24
"G. Saunders",2018,-0.6,0.72,0.6,0,5
"Gaboriault",2017,-0.15,0.54,0.49,0,3
"Gaetano Florio",2017,-3.57,0.8,0.62,0.14,88
"Galeano, Jason",2017,2.3,0.83,0.77,0.27,11
"Gannon Jordahl",2017,-0.91,0.94,0.77,0.14,35
"Gannon Jordahl",2018,-7.74,0.63,0.46,0.04,57
"Garcia,K",2017,-0.09,0.48,0.44,0,2
"Gard",2017,0.14,0.58,0.41,0.2,5
"Gardner",2017,0.47,0.66,1.12,0,1
"Gardner",2018,1.36,0.52,0.63,0,13
"Garrett",2017,-1.67,0.82,0.55,0.1,10
"Garrett Saunders",2017,8.41,0.78,0.7,0.12,255
"Garrett Saunders",2018,13.28,0.63,0.57,0.12,185
"Garvey, Kevin",2017,-1.66,0.67,0.54,0,13
"Garvey,K",2017,0.16,0.98,0.84,0.17,6
"Gavic, Callen",2017,-0.15,0.54,0.49,0,3
"Geiger, Kaleb",2017,4.68,0.46,0.7,0.18,11
"Geiger, Kaleb",2018,0.52,0.45,0.37,0.17,6
"Gilbertson",2017,-0.41,0.8,0.56,0.17,6
"Golich",2017,-0.53,0.51,0.43,0.05,19
"Grana",2017,0.33,0.65,0.43,0.33,3
"Grant",2017,-1.7,0.84,0.3,0.2,5
"Grant",2018,0.13,0.11,0.24,0,1
"Grant Henning",2017,-2.31,0.64,0.44,0.17,82
"Grant Henning",2018,18.59,0.7,0.58,0.23,170
"Grant Myers",2017,-4.58,0.68,0.11,0,8
"Grant Payne",2017,-0.76,0.62,0.51,0,7
"Graysen Sanchez",2017,-1.41,0.88,0.41,0,3
"Greenwald",2017,-2.03,0.87,0.53,0,6
"Greenwald",2018,-1.11,0.41,0.04,0,3
"Greenway",2017,3.17,0.6,0.47,0.26,23
"Greg Emanuelson",2017,1.02,1.12,1.12,0.33,3
"Greg Martin",2017,-0.22,0.66,0.41,0.2,5
"Gregory, Cody",2017,0.04,0.64,0.65,0,5
"Greiner",2017,0.22,0.69,0.63,0.08,13
"Griffin Bolte",2017,0.53,0.51,0.33,0.25,8
"Griffin Bolte",2018,1.47,0.48,0.67,0,8
"Griffiths",2017,-4.5,0.54,0.4,0,34
"Gubbels",2017,1.43,0.41,0.7,0,5
"Gutierrez",2017,-0.51,0.58,0.07,0.33,3
"Guzzo",2017,1.12,0.94,0.97,0.25,4
"Guzzo",2018,-0.1,1.08,0.73,0.33,6
"H. Cornelius",2017,0.32,0.87,1.18,0,1
"H. Hart",2017,0.38,0.64,0.71,0,6
"Hall-Manley",2017,-1.36,1.71,1.03,0,2
"Hall, E.",2017,-5.79,0.76,0.36,0.06,17
"Hallock",2017,-0.15,0.54,0.49,0,3
"Halverson",2017,-1.91,0.68,0.56,0,16
"Halverson",2018,0.8,0.99,0.63,0.5,6
"Hanson",2017,-0.84,0.49,0.32,0,5
"Harper",2017,1.04,0.73,0.91,0,6
"Harry Sanchez",2017,-1.17,0.59,0.29,0,4
"Hart",2017,1.92,0.71,0.69,0.5,4
"Hartwig",2017,-0.27,1.01,0.94,0,4
"Harvey, Noah",2017,-0.76,0.44,0.18,0,3
"Havel, Ben",2017,0.81,0.29,0.25,0.2,5
"Heck",2017,-0.34,0.55,0.43,0,3
"Hector Ramos",2017,0.71,0.69,0.86,0,4
"Heiser",2017,3.62,0.86,0.96,0.5,6
"Henning",2017,0,0.67,0.58,0.1,21
"Henning",2018,1.54,0.71,0.91,0,8
"Henriksen",2017,0.58,0.26,0.06,0.5,2
"Hernandez, Steven",2017,-0.21,0.33,0.11,0,1
"Hero, Reed",2017,0.68,0.9,0.96,0,10
"Herzog",2017,0.24,0.54,0.48,0.07,14
"Herzog",2018,1.65,0.68,0.85,0.25,4
"Hetherington",2017,0.47,0.66,1.12,0,1
"Hickey, Connor",2017,0.72,0.69,0.87,0,4
"Hickey, Connor",2018,-0.82,0.88,0.76,0,7
"Hillygus",2017,-0.85,0.74,0.61,0.07,15
"Hillygus",2018,0.33,0.74,0.41,0.4,5
"Hingst",2017,4.67,0.67,0.6,0.32,19
"Hirst",2017,2.95,0.67,0.43,0.33,30
"Hoeft",2017,-0.28,0.38,0.24,0,2
"Hoeg",2017,0.42,1.04,0.18,1,3
"Hoeg",2018,4.7,0.85,0.95,0.57,7
"Hoevelmann",2017,-0.71,0.57,0.43,0.08,12
"Hoffman",2017,-0.48,0.48,0,0,1
"Hogan",2017,1.96,0.84,0.64,0.33,15
"Holliday",2017,2.52,0.75,0.66,0.6,5
"Holliday",2018,-1.13,0.44,0.21,0,5
"Horner",2017,-0.52,0.28,0.15,0,4
"Horwath, Trevor",2017,0.8,1.12,1.92,0,1
"Hovick, Z.",2017,1.62,0.86,0.63,0.5,6
"Hull",2017,-0.75,1.17,0.42,0,1
"Hunter",2017,1.91,1.17,1.16,0.25,8
"Hunter",2018,-0.11,0.11,0,0,1
"Hunter Hillygus",2017,9.22,0.61,0.55,0.13,135
"Hunter Hillygus",2018,4.19,0.7,0.58,0.14,166
"Huss",2017,-0.48,1.12,0.64,0,1
"Hyler",2017,-0.81,0.69,0.51,0.14,21
"Hyler",2018,-0.09,0.47,0.46,0,7
"I. Dinsmore",2017,-2.95,0.82,0.4,0,7
"I. Kobernick",2017,1.39,0.65,0.73,0.2,5
"I. Turner",2017,-0.33,0.66,0.33,0,1
"Ian Dinsmore",2017,-0.95,0.43,0.2,0,4
"Ian Dinsmore",2018,-0.87,0.55,0.25,0,3
"Ian Hruniak",2017,-0.93,0.94,0.65,0.2,10
"Ian Lynch",2017,-1.78,0.69,0.33,0,5
"Ian Lynch",2018,0.81,0.56,0.76,0,4
"Irving Ocasio-Dones",2017,-0.81,0.47,0.19,0,3
"Irwin",2017,-2.64,0.62,0.29,0,8
"Irwin",2018,-1.66,0.98,0.46,0.33,9
"Isaac Evans",2017,-0.12,0.69,0.61,0.08,53
"Isaac Evans",2018,-4.37,0.68,0.57,0.08,190
"J Lowery",2017,0.54,0.64,1.18,0,1
"J. Barry",2017,-2.74,0.53,0.19,0,8
"J. Bear",2017,-0.43,0.8,0.58,0,2
"J. Belarde",2017,0.94,0.73,0.72,0.17,6
"J. Clark",2017,0.24,0.73,0.58,0.2,5
"J. Cruz",2017,0.67,0.77,0.84,0,10
"J. Keleman",2017,0.16,0.54,0.55,0,13
"J. Marsjanik",2017,-0.09,0.33,0.24,0,1
"J. Morgan",2017,-0.39,0.93,0.23,0.5,2
"J. Reuter",2017,0.18,0.98,1.03,0,4
"J. Ross",2017,-0.79,0.53,0.42,0,7
"J. Ryan",2017,-1.98,0.79,0.39,0,5
"J. Scott",2017,-2.2,0.74,0.32,0.2,10
"J. Smith",2017,-1.25,0.69,0.44,0.15,13
"J. Thumann",2017,3.39,0.64,0.61,0.2,20
"J. Wiley",2017,-0.13,0.42,0.37,0,3
"Jack Atterberry",2017,1.9,0.39,0.32,0.2,15
"Jack Barreca",2017,0.11,0.24,0.34,0,1
"Jack Brewster",2017,1.99,0.83,0.82,0.5,4
"Jack Elias",2017,-1.06,0.87,0.76,0,10
"Jack Lasswell",2017,-3,0.68,0.55,0.11,130
"Jack Lasswell",2018,8.97,0.71,0.62,0.13,214
"Jack Strellner",2017,-6.55,0.68,0.53,0.1,112
"Jack Walter",2017,6.09,0.8,0.88,0.38,13
"Jacob Blunt",2017,3.69,0.93,0.9,0.4,10
"Jacob Burns",2017,2.57,0.71,0.53,0.2,164
"Jacob Burns",2018,-2.67,0.75,0.58,0.14,152
"Jacob Day",2017,-1.67,0.67,0.11,0,3
"Jacob Evans",2017,-11.9,0.64,0.44,0.05,82
"Jacob Henry",2017,4.28,0.81,0.82,0.19,21
"Jacob Henry",2018,-8.31,0.71,0.51,0.11,98
"Jacob Hirst",2017,-4,0.69,0.53,0.13,131
"Jacob Holub",2017,-0.85,0.76,0.33,0,2
"Jacob Holub",2018,-1.56,0.97,0.45,0,3
"Jacob Leonard",2017,0.52,0.64,0.74,0,5
"Jacob Petry",2017,-0.14,0.67,0.54,0.13,39
"Jacob Picht",2017,0.31,0.7,0.74,0,7
"Jacob Thumann",2017,4.92,0.73,0.58,0.18,171
"Jake Dujmovic",2017,-0.48,0.48,0,0,1
"Jake Dujmovic",2018,-1.53,0.75,0.59,0,10
"Jake Halverson",2017,5.56,0.7,0.56,0.19,129
"Jake Halverson",2018,14.8,0.7,0.65,0.14,159
"Jake LaBerge",2017,-1.33,0.88,0.44,0,3
"Jake LaBerge",2018,-2.55,0.85,0.34,0,5
"Jake Milosch",2017,-0.72,0.7,0.52,0,4
"Jake Morris",2017,0.14,0.36,0.41,0,3
"Jake Oglesby",2017,7.4,0.6,0.52,0.14,128
"Jake Oglesby",2018,3.8,0.72,0.62,0.12,160
"Jake Starkey",2017,-0.02,0.5,0.5,0,7
"Jake Stoulil",2017,-0.33,0.62,0.6,0,14
"Jake Vogt",2017,6.54,0.74,0.66,0.12,190
"Jake Vogt",2018,10.57,0.64,0.56,0.14,199
"Jake White",2017,0.64,0.95,0.86,0.25,4
"Jakob Freele",2017,0.45,0.31,0.17,0.25,4
"Jakob Freele",2018,0,0.84,0.71,0.12,8
"James Babic",2017,-6.5,0.8,0.56,0.03,31
"James Babic",2018,-2.29,0.35,0.16,0,12
"James Borkowski",2017,-0.94,0.94,0,0,1
"Jameson Collins",2017,-0.44,0.49,0.42,0,6
"Jamesson",2017,0.22,0.54,0.43,0.14,7
"Jamesson",2018,2.41,0.78,0.73,0.27,11
"Jancsy, Payton",2017,0.54,0.33,0.87,0,1
"Jancsy, Payton",2018,-1.02,0.94,0.61,0.17,6
"Janosko",2017,0.87,0.94,0.91,0.2,5
"Janosko",2018,-0.09,0.22,0.17,0,2
"Jarad Clevenger",2017,-4.61,0.74,0.57,0.11,84
"Jarad Clevenger",2018,0.31,0.84,0.71,0.13,151
"Jared Blum",2017,-0.48,0.87,0.37,0.4,5
"Jared Gagne",2017,1.27,0.71,0.84,0.5,2
"Jared Herzog",2017,-3.23,0.64,0.54,0.06,83
"Jared Herzog",2018,1.6,0.64,0.57,0.08,171
"Jared High",2017,0.48,0.38,0.54,0,3
"Jared Scdoris",2017,-0.67,0.65,0.52,0.11,45
"Jared Scdoris",2018,-4.38,0.73,0.56,0.12,81
"Jared Wolfe",2017,0.67,0.98,0.92,0.17,6
"Jared Wolfe",2018,1.52,0.45,0.56,0.2,5
"Jensen Orewiler",2017,-0.11,0.11,0,0,1
"Jeremy Szura",2017,-1.01,1.12,0.11,0,1
"Jeremy Szura",2018,-2.88,0.71,0.43,0.07,14
"Jim McGrorry",2017,2.59,0.57,0.66,0.29,7
"Jimmy Fasano",2017,1.68,0.67,0.56,0.67,3
"Jimmy Whelan",2017,0.39,0.73,0.5,0.29,7
"Joe Buonemani",2017,-0.11,0.11,0,0,1
"Joe DiMassimo",2017,-0.98,0.41,0.17,0,4
"Joe Foote",2017,-0.02,0.73,0.63,0.1,10
"Joe Kasper",2017,-0.72,0.7,0.6,0,7
"Joe Norton",2017,0.58,1.04,0.74,0.38,8
"Joe Norton",2018,2.52,0.68,1.18,0,5
"Joe Orisek",2017,-0.21,0.34,0.29,0,4
"Joe Rebik",2017,0.1,0.8,0.67,0.12,24
"Joe Rebik",2018,-3.75,0.72,0.54,0.15,157
"Joe Rock",2017,2.27,0.75,0.77,0.15,13
"Joe Rock",2018,-3.3,0.71,0.53,0.12,57
"Joe Seegers",2017,-0.69,0.58,0.44,0,5
"Joe Seegers",2018,3.19,0.45,0.47,0.38,8
"Joe Setrum",2017,-0.39,0.63,0.59,0,9
"Joe Silversmith",2017,16.53,0.7,0.59,0.23,149
"Joe White",2017,1.23,0.85,0.63,0.38,8
"Joe White",2018,1.35,0.42,0.48,0.17,6
"Joel Maxwell",2017,-0.82,0.38,0.22,0,5
"Joel Maxwell",2018,2.53,0.68,0.57,0.14,69
"Joel Quinones",2017,1.52,1,1.11,0.2,5
"Joey Costello",2017,-0.21,0.6,0.55,0,4
"Joey Costello",2018,-1.2,0.49,0.29,0,6
"Joey Fredric",2017,0.04,0.49,0.35,0.14,7
"Joey Fredric",2018,-0.37,0.62,0.47,0.12,16
"Joey Fredrickson",2017,-1.05,0.29,0.03,0,4
"Joey Gulino",2017,-0.81,0.48,0.27,0,4
"Joey Murphy",2017,0.01,0.8,0.8,0,7
"Joey Sullivan",2017,5.38,0.75,0.63,0.16,137
"John Aguirre",2017,-0.97,0.44,0.2,0,4
"John Brown",2017,1.98,0.63,0.63,0.11,18
"John Brown",2018,0.27,0.84,0.72,0.13,15
"John Collins",2017,2.7,0.65,0.79,0.4,5
"John Horner",2017,3.06,0.62,0.96,0.17,6
"John Horner",2018,-2.72,0.6,0.14,0,6
"John Tesensky",2017,-1.33,0.71,0.38,0,4
"Johnson",2017,4.18,0.97,0.93,0.22,23
"Johnson",2018,1.75,0.63,0.98,0,5
"Johnson, L.",2017,0.05,0.45,0.15,0.3,10
"Jon Opdahl",2017,1.84,0.72,0.57,0.17,168
"Jonathan Greiner",2017,-7.27,0.61,0.43,0.12,130
"Jonathan Iaione",2017,1.8,0.74,0.45,0.45,11
"Jonathan Knusta",2017,0.47,0.66,1.12,0,1
"Jonathan Panaro",2017,-0.33,0.66,0.33,0,1
"Jonathan Sojka",2017,-2.34,0.72,0.25,0,5
"Jordahl",2017,0.47,0.66,1.12,0,1
"Jordan Grams",2017,1.86,0.59,0.5,0.23,13
"Jordan Kaplan",2017,-2.7,0.7,0.54,0.14,144
"Jordan Kaplan",2018,31.5,0.74,0.67,0.23,203
"Jordon Fairchild",2017,-1.01,0.36,0.22,0,7
"Jose Cedano",2017,2.81,0.61,0.59,0.38,8
"Jose Cedano",2018,-0.1,0.38,0.37,0,6
"Joseph Belarde",2017,1.02,0.73,0.99,0,4
"Joseph Gebhardt",2017,1.34,1.18,1.52,1,1
"Joseph Toledo",2017,2.38,0.93,1.09,0.11,9
"Josh Dimmitt",2017,0.48,0.72,0.34,0.5,4
"Josh Montbriand",2017,-1.52,0.66,0.45,0,7
"Josh Osborne",2017,-6.74,0.56,0.39,0.1,93
"Josh Sanchez",2017,-0.66,0.87,0.74,0,5
"Josh Small",2017,-2.31,0.75,0.54,0.1,21
"Josh Small",2018,-1.43,0.86,0.65,0,7
"Joshua Henriksen",2017,-1.69,1.29,0.44,0,2
"Joshua Henriksen",2018,-1.3,0.78,0.64,0,9
"Joy",2017,0.81,0.52,0.72,0,4
"JP Batts",2017,0.24,0.79,0.82,0,8
"Judson",2017,5,0.81,0.81,0.42,12
"Juskiewicz, Jarrod",2017,0.07,0.59,0.6,0,5
"Justin Banks",2017,2.92,0.62,0.73,0.22,9
"Justin Bates",2017,-0.43,0.67,0.56,0,4
"Justin Bates",2018,1.52,0.63,0.53,0.4,5
"Justin Cavegn",2017,-1.51,0.85,0.49,0.14,7
"Justin Corfield",2017,2.28,0.69,0.59,0.24,17
"Justin Corfield",2018,-0.56,0.45,0.23,0.14,7
"Justin Cruz",2017,-0.73,0.65,0.31,0.2,5
"Justin Epifanio",2017,2.58,0.96,0.88,0.6,5
"Justin Stone",2017,-1.99,0.66,0.17,0,4
"Justin Strong",2017,-1,0.92,0.67,0,4
"Juston Woodard",2017,1.3,0.89,0.92,0.1,10
"Justus Stocks",2017,-8.45,0.62,0.45,0.06,71
"Justus Stocks",2018,12.99,0.7,0.67,0.13,119
"K. Divelbiss",2017,0.79,1.32,0.92,0.67,3
"K. Spellman",2017,1.54,0.77,0.81,0.08,13
"K.Friebolin",2017,-1.3,0.55,0.22,0,4
"Kaiden Fiebelkorn",2017,-0.21,0.33,0.11,0,1
"Kaiden Fiebelkorn",2018,-4.32,0.68,0.51,0.1,68
"Kairis",2017,0.95,0.59,0.58,0.2,5
"Kaleb Binstock",2017,-0.91,0.85,0.67,0,5
"Kaleb Reitz",2017,-0.44,0.69,0.64,0,8
"Kam Wells",2017,-0.94,1.13,0.64,0.25,4
"Kaprelian, A",2017,2,1.09,1.08,1,2
"Karrick, R.",2017,-5.44,0.67,0.33,0,16
"Kasey Nelson",2017,0.95,0.76,0.5,0.38,8
"Keamey",2017,0.1,0.33,0.38,0,2
"Keenan Bryant",2017,0.96,0.61,0.8,0,5
"Keenan Bryant",2018,1.35,0.53,0.45,0.25,8
"Keenan Moore",2017,-1.32,0.47,0.33,0,10
"Keenan Moore",2018,-0.3,0.51,0.41,0,3
"Kehoe",2017,0.44,0.22,0.44,0,2
"Kehoe",2018,-0.07,0.57,0.3,0.25,4
"Kelby Johnson",2017,1.36,0.74,0.61,0.25,12
"Kelby Johnson",2018,-8.55,0.78,0.55,0.13,86
"Kelvin Medrano",2017,-0.58,0.76,0.6,0.15,78
"Kempf, T",2017,1.05,0.88,0.76,0.18,17
"Kendall Candor",2017,-1.37,0.77,0.59,0.17,176
"Kent",2017,-0.96,0.47,0.15,0,3
"Kent",2018,-1.06,0.57,0.3,0,4
"Kevin Campbell",2017,0.28,0.36,0.43,0,4
"Kevin DeLaney",2017,4.26,0.7,0.6,0.12,179
"Kevin DeLaney",2018,7.58,0.66,0.6,0.1,179
"Kevin Harris",2017,-1.37,0.6,0.4,0.08,12
"Kevin Harris",2018,3.67,0.65,0.7,0.23,13
"Kevin Hunley",2017,-2.27,0.55,0.32,0,10
"Kevin Lammers",2017,3.7,0.85,1.02,0.75,4
"Kevin Speach",2017,-0.9,0.88,0.43,0,2
"Kilkeary",2017,0.47,0.88,0.75,0.25,4
"Kilkeary",2018,1.67,0.82,0.71,0.67,3
"Kimm",2017,0.41,0.36,0.32,0.07,14
"Kimm",2018,-2.46,0.61,0.2,0,6
"Kinne",2017,0.73,0.52,0.39,0.2,10
"Klar",2017,1.49,0.59,0.67,0.17,6
"Kledzik, Tyler",2017,-0.66,0.66,0.33,0,2
"Kleiboeker",2017,-0.48,1.12,0.64,0,1
"Klein, Brendan",2017,-1.12,0.54,0.43,0,10
"Klein,B",2017,-0.55,0.81,0.7,0,5
"Knoespel, J.",2017,-0.78,1,0.88,0,7
"Kobe Shutter",2017,1.71,0.49,0.58,0.12,8
"Kobernick",2017,0.15,0.32,0.35,0,5
"Koester",2017,-2.11,0.96,0.59,0.26,19
"Koester",2018,2.65,1.14,1.24,0.29,7
"Kolby Hilgenberg",2017,12.08,0.68,0.64,0.12,163
"Konagel",2017,3.18,1.04,1.1,0.1,20
"Konagel",2018,2.29,0.97,1.19,0.17,6
"Korosic, D",2017,1.31,0.85,0.92,0.2,5
"Kory Wolden",2017,-0.89,0.91,0.5,0.33,12
"Kosuke Nishitani",2017,-2.41,0.81,0.2,0,4
"Kramer, Ryan",2017,2.71,1.09,1.37,0.17,6
"Kressner, Brandon",2017,-0.41,0.22,0.11,0,4
"Krob, Ryan",2017,1.08,0.56,0.33,0.5,4
"Kuehl",2017,-1.38,1.69,1,0,2
"Kukurich",2017,1.33,0.77,0.85,0.25,4
"Kvale",2017,-0.89,0.77,0.59,0,5
"Kyle Alvarado",2017,3.5,0.75,0.63,0.15,136
"Kyle Alvarado",2018,-5.25,0.75,0.54,0.14,78
"Kyle Crampton",2017,-2.32,0.77,0.55,0.14,29
"Kyle Crampton",2018,3.37,0.66,0.51,0.17,116
"Kyle Ebert",2017,-1.84,0.69,0.46,0,8
"Kyle Gumm",2017,0.35,0.57,0.66,0,4
"Kyle Hunter",2017,-0.06,0.68,0.56,0.12,165
"Kyle Hunter",2018,-13.58,0.73,0.55,0.06,108
"Kyle Lupas",2017,0.72,0.42,0.38,0.17,6
"Kyle May",2017,0.72,0.57,0.41,0.25,8
"Kyle Silva",2017,0.32,1.11,0.97,0.2,5
"Kyle Uhrich",2017,-0.07,0.3,0.28,0,4
"L. Kohorst",2017,0.62,0.49,0.8,0,2
"Lake Rosson",2017,-0.7,1.18,0.48,0,1
"Landon Uetz",2017,1.64,0.52,0.37,0.33,9
"Langford",2017,1.41,0.69,0.77,0.2,5
"LaPage, Jeff",2017,0.12,0.47,0.5,0,4
"Lars Anderso",2017,-0.05,0.88,0.19,0.67,3
"Lars Anderson",2017,0.61,0.66,0.86,0,3
"Larsen, Max",2017,-0.42,0.48,0.34,0,3
"Larsen, Max",2018,-0.84,0.78,0.52,0.14,7
"Larson",2017,1.39,0.63,0.48,0.24,17
"Larson",2018,-0.81,0.82,0.75,0,11
"Lasswell, J.",2017,0.46,0.61,0.57,0.07,15
"Lauber",2017,-0.61,0.82,0.67,0,4
"Lechtenberg",2017,-3.42,0.77,0.38,0.14,14
"Lehman",2017,-0.53,0.67,0.36,0.2,5
"Lehner, Nick",2017,0.02,0.73,0.49,0.25,4
"Leibforth",2017,-1.07,0.81,0.59,0.16,19
"Leintz",2017,0.26,0.75,0.38,0.5,2
"Leo Zerr",2017,-0.21,0.33,0.11,0,1
"Leon",2017,0.86,0.67,0.74,0,13
"Letto, Alex",2017,-0.38,0.61,0.38,0.17,6
"Lewan, T.",2017,-0.7,0.73,0.38,0,2
"Liam Fitzpatrick",2017,-1.16,0.73,0.59,0.06,16
"Lillard",2017,2.96,0.87,0.95,0.15,13
"Lineberry",2017,2.52,1.14,1.4,0.17,6
"Lipscomb, Adam",2017,-0.64,0.85,0.67,0.11,9
"Loeffl",2017,0.86,0.7,0.41,0.5,4
"Logam Rumbolt",2017,-0.9,0.77,0.32,0,2
"Logan Crowl",2017,-0.73,0.73,0.48,0,3
"Logan Crowl",2018,-0.62,0.55,0.44,0,6
"Logan Nissen",2017,-0.21,0.33,0.11,0,1
"Lucas Larson",2017,-1.56,0.78,0.39,0,4
"Lucas Larson",2018,-0.92,0.63,0.49,0.08,13
"Luis Victoria",2017,-1.51,0.49,0.11,0,4
"Luke Anctil",2017,-4.25,0.71,0.51,0.16,122
"Luke Carroll",2017,-0.89,0.44,0.15,0,3
"Luke Carroll",2018,0.73,0.77,0.69,0.1,30
"Luke Curtis",2017,-1.38,0.73,0.54,0.08,13
"Luke Johnson",2017,-0.17,0.84,0.65,0.18,38
"Luke Leibforth",2017,3.2,0.65,0.57,0.1,164
"Lulek",2017,-0.48,1.12,0.64,0,1
"M Piechowski",2017,2.03,0.84,0.7,0.43,7
"M. Brown",2017,-2.85,0.49,0.22,0.11,18
"M. Fancher",2017,0.47,0.52,0.61,0,5
"M. Masella",2017,0.09,0.49,0.5,0,7
"M. McGee",2017,-0.4,0.71,0.41,0.25,8
"M. Murphy",2017,-1.18,0.61,0.21,0,3
"M. Rojas",2017,-0.33,0.45,0.36,0,4
"M. VanKoever",2017,0.13,0.73,0.26,0.5,4
"MacMillan, Austin",2017,0.14,0.36,0.41,0,3
"Maddison Waddell",2017,-0.33,0.66,0.33,0,1
"Madoc Fisher",2017,-0.48,1.12,0.64,0,1
"Mahon",2017,0.27,0.72,0.76,0,6
"Mahoney",2017,5.21,0.73,0.63,0.37,19
"Mahoney",2018,-1.06,0.57,0.43,0,8
"Maider",2017,0.47,1.17,1,0.2,15
"Mark Kane",2017,0.08,0.62,0.64,0,6
"Marquis Dew",2017,-3.74,0.7,0.5,0.15,97
"Marshal Burgess",2017,0.47,0.66,1.12,0,1
"Martin",2017,1.15,0.98,0.77,0.5,4
"Marty",2017,-0.11,0.11,0,0,1
"Mason Opple",2017,0.18,0.31,0.34,0,7
"Mason Price",2017,-1.97,0.95,0.71,0,8
"Mathey, Nicholas",2017,-0.57,0.41,0.22,0,3
"Matt Brady",2017,0.13,0.11,0.24,0,1
"Matt Clark",2017,-2.41,0.86,0.46,0,6
"Matt Clark",2018,0.28,0.75,0.64,0.12,59
"Matt Dayton",2017,1.75,0.59,0.94,0,5
"Matt Hammond",2017,5.24,1.4,0.86,1.29,7
"Matt Long",2017,-3.13,0.88,0.36,0,6
"Matt McCaffrey",2017,0.41,0.6,0.64,0,10
"Matt Mielke",2017,-0.11,0.11,0,0,1
"Matt Morrone",2017,2.78,0.69,0.64,0.6,5
"Matt Morrone",2018,-1.58,0.65,0.38,0,6
"Matt Mueller",2017,-0.45,1.16,1.02,0,3
"Matt Murphy",2017,-1.12,0.88,0.6,0,4
"Matt Noll",2017,3.02,0.75,0.76,0.43,7
"Matt Orozco",2017,-7.62,0.71,0.5,0.14,113
"Matt Orozco",2018,-2.95,0.71,0.53,0.14,97
"Matt Rubin",2017,-2.85,0.79,0.53,0.07,15
"Matt Rubin",2018,-2.2,0.63,0.31,0,7
"Matt Wollnik",2017,-0.65,0.37,0.26,0,6
"Matthew Holliday",2017,0.79,0.97,0.85,0.2,10
"Matthew Peluso",2017,2.6,0.7,0.46,0.5,10
"Matthew Piechowski",2017,0.69,0.57,0.71,0,5
"Matthew Piechowski",2018,-0.14,0.29,0.27,0,6
"Matthew Sobray",2017,-0.69,0.55,0.43,0,6
"Matthews",2017,-1.06,0.41,0.14,0,4
"Matthews, Doug",2017,-3.6,0.87,0.37,0.18,11
"Matthews,D",2017,-0.01,0.49,0.48,0,2
"Max Diaz",2017,-2.42,1.06,0.25,0,3
"Max Lane",2017,-0.91,0.41,0.11,0,3
"Max McCoomb",2017,1.6,0.99,0.59,0.67,6
"Max Uetz",2017,-2.49,0.76,0.57,0.15,72
"Maxx McGee",2017,0.54,0.64,1.18,0,1
"May, Johnny",2017,0.84,0.86,0.84,0.14,7
"Mayes, Jeffrey",2017,4.93,0.72,0.91,0.3,10
"Mayes, Jeffrey",2018,2.17,0.71,0.63,0.27,11
"McAllister",2017,0.85,0.68,0.61,0.5,2
"McConnell",2017,-0.11,0.33,0.29,0,3
"McCoy",2017,0.7,0.73,0.67,0.2,5
"McReynolds, Reagan",2017,-0.87,0.55,0.25,0,3
"McWhite, A.",2017,1.15,0.85,0.8,0.1,21
"Medrano, K.",2017,-2.6,0.78,0.54,0,11
"Meitzler",2017,-0.01,0.49,0.48,0,2
"Melz",2017,-0.74,0.4,0.28,0,6
"Mense",2017,1.1,0.78,0.79,0.06,17
"Mense",2018,0.02,0.81,0.69,0.13,23
"Meyer",2017,-1.16,0.49,0.11,0,3
"Meza, Christian",2017,1.22,0.51,0.31,0.5,4
"Meza, Christian",2018,0.45,0.32,0.21,0.2,5
"Micah Burke",2017,-0.04,0.64,0.38,0.25,4
"Micah Hoage",2017,-6.41,0.69,0.5,0,33
"Micah Hoage",2018,-3.11,0.67,0.37,0.12,17
"Michael Collins",2017,-6.63,0.64,0.36,0.04,28
"Michael Collins",2018,-2.08,0.68,0.34,0.17,12
"Michael Gallagher",2017,-0.05,0.55,0.42,0.12,8
"Michael Muentener",2017,-0.01,0.51,0.51,0,5
"Michael Muto",2017,1.74,0.71,0.53,0.19,132
"Michael Muto",2018,-3.06,0.83,0.54,0.2,35
"Michael Reuter",2017,3.82,0.71,0.54,0.2,153
"Michael Salazar",2017,-7.25,0.68,0.54,0.08,114
"Michael Wesn",2017,-0.56,0.53,0.39,0,4
"Michael Wesn",2018,1.95,0.71,0.79,0.08,12
"Michael Wesner",2017,2.11,0.47,0.5,0.67,3
"Michael Zellar",2017,-3.1,0.79,0.62,0.09,44
"Michalak",2017,-1.29,0.52,0.26,0,5
"Mike Brady",2017,-0.67,0.98,0.81,0,4
"Mike Brown",2017,-4.69,0.69,0.5,0.15,130
"Mike Dato",2017,-0.81,1.4,1.2,0,4
"Mike Dunn",2017,1.33,0.6,0.64,0.12,8
"Mike Masella",2017,-1.55,1.05,0.66,0,4
"Mike Sullivan",2017,-2.37,0.72,0.35,0.11,9
"Mike Wick",2017,-1.8,0.6,0.24,0,5
"Miklavcic",2017,-2.47,0.66,0.39,0,9
"Miller",2017,2.95,0.85,0.72,0.5,8
"Mitch Benson",2017,0.23,0.68,0.52,0.2,5
"Mitch Benson",2018,3.53,0.73,0.94,0.08,12
"Mitch Bruggers",2017,12.4,0.76,0.73,0.13,133
"Mitch Bruggers",2018,-4.18,0.71,0.58,0.11,159
"Mitch Butvil",2017,-0.13,0.42,0.14,0.25,4
"Mitch Butvil",2018,-1.23,0.43,0.26,0.08,13
"Mitchell Walsh",2017,1.8,0.94,1.1,0.2,5
"Montero, Christian",2017,-2.6,0.71,0.39,0.09,11
"Moraski",2017,-0.37,0.49,0.42,0,5
"Mormann",2017,-0.33,0.66,0.33,0,1
"Morris",2017,-0.48,0.95,0.87,0,6
"Morrone",2017,0.01,0.8,0.6,0.2,5
"Morrone",2018,3.52,0.51,0.64,0.75,4
"Mosele",2017,-0.47,0.75,0.54,0.14,7
"Moses",2017,0.34,0.57,0.65,0,4
"Mueller-Schr",2017,-1.42,0.9,0.54,0,4
"Mueller-Schr",2018,-0.86,0.63,0.41,0,4
"Mueth",2017,-3.43,0.54,0.34,0,17
"Murphy, Patrick",2017,-0.34,0.34,0,0,1
"Muto",2017,-0.65,0.95,0.74,0.18,17
"Muto",2018,0.47,0.66,1.12,0,1
"Myles Candelet",2017,-1.48,0.74,0.25,0,3
"N. Butcher",2017,-1.31,0.49,0.17,0,4
"N. Piotrowsk",2017,2.09,0.62,0.78,0,13
"N. Salas",2017,2.37,0.24,0.33,0.5,4
"N. Satovich",2017,-0.21,0.72,0.69,0,7
"Nagel",2017,0.54,0.64,1.18,0,1
"Nagel",2018,3.86,0.63,0.74,0.38,8
"Nate Hoth",2017,-3.97,0.57,0.31,0.05,19
"Nate Tholl",2017,-1.07,0.8,0.54,0,4
"Nathan Carlin",2017,-15.77,0.61,0.37,0.05,84
"Nathan Carlin",2018,-4.95,0.69,0.54,0.12,136
"Nathan Zaroban",2017,0.02,0.91,0.72,0.2,5
"Nelson",2017,-1.12,0.67,0.29,0,3
"Nelson, Tyler",2017,2.32,0.65,0.53,0.5,6
"Neustrom",2017,1.66,0.73,0.82,0.14,7
"Neustrom",2018,2.76,0.58,0.69,0.29,7
"Newcomb",2017,-0.41,0.64,0.24,0,1
"Neylon",2017,1.12,0.46,0.68,0,5
"Nic Stevens",2017,0.86,0.71,0.69,0.14,7
"Nicholas Salas",2017,-0.21,0.33,0.11,0,1
"Nick Amatucci",2017,0.06,0.65,0.68,0,2
"Nick Amatucci",2018,-0.21,0.33,0.11,0,1
"Nick Bohlman",2017,-4.28,0.66,0.25,0.08,13
"Nick Bruno",2017,-3.64,0.69,0.49,0.15,67
"Nick Bruno",2018,-1.62,0.7,0.59,0.07,41
"Nick Caldeen",2017,0.01,0.68,0.59,0.09,11
"Nick Caldeen",2018,0.59,0.77,0.81,0,12
"Nick Carlisle",2017,-5.72,0.66,0.54,0.02,57
"Nick Cessna",2017,3.07,0.81,0.88,0.13,15
"Nick Day",2017,-1.38,0.57,0.11,0,3
"Nick DiSanti",2017,-0.2,0.62,0.55,0,3
"Nick Fryer",2017,-3.29,0.98,0.16,0,4
"Nick Kukurich",2017,0.01,0.52,0.52,0,7
"Nick Kukurich",2018,-1.09,1.04,0.84,0.13,15
"Nick Lepore",2017,1.95,0.85,1.18,0,6
"Nick Petchell",2017,-0.21,0.33,0.11,0,1
"Nick Valori",2017,2.23,0.67,0.7,0.22,9
"Nick Wiseman",2017,-1.73,0.45,0.11,0,5
"Nico Kelly",2017,-0.99,0.53,0.33,0.1,10
"Niko Takayesu",2017,1.47,0.79,1.09,0,5
"Noah Harvey",2017,-0.44,0.38,0.16,0,2
"Noah McDaniel",2017,1.35,0.7,0.77,0.2,5
"Noah Paper",2017,6.36,0.73,0.64,0.13,150
"Noah Stochl",2017,-0.32,0.74,0.55,0.19,144
"Nolan Arp",2017,6.43,0.68,0.56,0.17,151
"Nolan Arp",2018,-2.39,0.63,0.53,0.07,122
"Nolan Grose",2017,-0.71,0.82,0.65,0.1,10
"Nolan Ritter",2017,-8.44,0.64,0.51,0.07,143
"Nolan Schoonveld",2017,-0.99,0.73,0.45,0.14,7
"Nolan Schoonveld",2018,0.03,0.81,0.75,0.07,15
"Nolan Spencer",2017,2.07,0.55,0.76,0,10
"Nolan Weber",2017,-0.44,0.74,0.66,0.06,48
"Nolan Weber",2018,-1.67,0.74,0.54,0.11,18
"Nordlund",2017,0.32,0.61,0.65,0,8
"Nunez",2017,0.12,0.59,0.44,0.17,6
"Nunn, Tim",2017,-0.6,0.76,0.36,0.25,4
"O'Hara",2017,-1.85,0.81,0.61,0.07,14
"Ochsner",2017,-1.63,0.92,0.52,0,4
"Offenbacher",2017,-1.62,0.95,0.54,0,4
"Oglesby",2017,-0.24,0.95,0.85,0.08,13
"Oglesby",2018,1.58,1.13,0.32,1.33,3
"Olstad",2017,1.44,1.3,1.35,0.11,9
"Opdahl",2017,-2.84,0.62,0.34,0.14,21
"Orisek",2017,-3.28,0.63,0.4,0,14
"Orozco",2017,1.55,0.73,0.99,0,6
"Orr",2017,-1.81,0.84,0.49,0.18,11
"Ortiz",2017,-1.04,0.58,0.32,0,4
"Ortiz",2018,-0.68,0.33,0.11,0,3
"Osborne",2017,-0.7,0.73,0.59,0,5
"Osley",2017,0.57,0.44,0.63,0,3
"Osley",2018,0.47,0.66,1.12,0,1
"Ostrander",2017,1.25,0.62,0.38,0.67,3
"Ostrander",2018,-1.02,0.88,0.73,0.07,14
"Ott, Christian",2017,-1.05,0.89,0.62,0,4
"Outlaw",2017,0.1,0.57,0.59,0,5
"Owen Gubbels",2017,-8.34,0.53,0.41,0.02,87
"Owen Gubbels",2018,-2.25,0.66,0.53,0.11,124
"P. Joyce",2017,-0.33,0.66,0.33,0,1
"P. Leland",2017,-0.21,0.33,0.11,0,1
"Paden Kottwitz",2017,-2.87,0.83,0.11,0,4
"Paden Kottwitz",2018,-1.07,0.71,0.57,0,8
"Paluch",2017,3.24,0.74,0.86,0.06,18
"Paluch",2018,0.51,0.6,0.35,0.33,6
"Parker Alsteens",2017,0.03,0.47,0.48,0,3
"Parker Goldstein",2017,-1.45,0.66,0.3,0,4
"Parker Goldstein",2018,0.27,0.52,0.6,0,3
"Parker Janosko",2017,0.89,0.47,0.7,0,4
"Parker Janosko",2018,-1.63,1.05,0.72,0,5
"Parker Leland",2017,-0.18,0.74,0.68,0,3
"Parker Truesdell",2017,-1.81,0.67,0.5,0.06,16
"Parker Truesdell",2018,-1.85,0.61,0.46,0.13,113
"Pat Birrer",2017,0.28,0.47,0.56,0,3
"Pat Fitzgerald",2017,0.47,0.93,0.42,0.57,7
"Pat Fitzgerald",2018,0.46,0.52,0.67,0,3
"Patrick Jorling",2017,1.58,0.81,1.34,0,3
"Patrick Jorling",2018,0.32,0.33,0.64,0,1
"Patrick Mahon",2017,-1.3,0.86,0.43,0,3
"Patrick McDonnell",2017,0.08,0.8,0.82,0,4
"Patterson",2017,2.73,0.76,0.72,0.43,7
"Pavlik",2017,-0.62,0.48,0.17,0,2
"Pawlak",2017,3.13,0.62,0.85,0.4,5
"Payne, Grant",2017,-0.54,0.49,0.22,0,2
"Peter Pennylegion",2017,0.62,0.83,0.79,0.1,10
"Peyton Renning",2017,-3.12,0.69,0.59,0.07,150
"Peyton Renning",2018,20.49,0.7,0.65,0.17,166
"Phelps, Cody",2017,-0.33,0.66,0.33,0,1
"Philip Scott",2017,1.97,0.6,0.88,0,7
"Phillip Byrd",2017,-0.86,0.58,0.5,0.04,23
"Phillips",2017,-0.8,1.51,0.95,0.4,5
"Phillips",2018,-0.11,0.11,0,0,1
"Picht",2017,4.69,1.06,1.25,0.33,9
"Pickard, Travis",2017,-0.84,0.62,0.41,0,4
"Pierce, Nick",2017,1.86,1.22,1.1,0.33,9
"Porter Sartor",2017,-3.54,0.69,0.57,0.09,118
"Porter Sartor",2018,3.47,0.69,0.56,0.15,139
"Porterfield",2017,-0.11,0.59,0.57,0,6
"Prescott, Thomas",2017,-0.27,0.61,0.29,0.25,4
"Primrose",2017,1,0.57,0.82,0,4
"Puckett Jr.",2017,-0.44,0.26,0.11,0,3
"Putman",2017,1.46,0.56,0.63,0.17,6
"Putz",2017,-0.81,0.57,0.16,0,2
"Q. Butler",2017,0.41,1.08,0.56,0.6,5
"Quin Butler",2017,0.57,0.36,0.5,0,4
"Quin Butler",2018,-0.73,0.3,0.11,0,4
"Quinn Irey",2017,1.92,0.53,0.52,0.33,6
"R. Cates",2017,-0.2,0.38,0.28,0,2
"R. Keefe",2017,-0.33,0.66,0.33,0,1
"R. Mejia",2017,0.14,0.66,0.73,0,2
"R. Orr",2017,-0.45,0.65,0.54,0,4
"Radideau",2017,-0.07,0.75,0.73,0,4
"Radinsky Baez",2017,-0.21,0.33,0.11,0,1
"Rahman",2017,-0.56,0.72,0.53,0,3
"Ramon Milke",2017,-1.46,0.72,0.23,0,3
"Ramon Milke",2018,-0.43,0.71,0.63,0,5
"Rausch",2017,2.02,0.51,0.61,0,21
"Rave, Matt",2017,1.84,0.88,1.11,0,8
"Ravi Levens",2017,0.14,0.46,0.5,0,4
"Reimer",2017,0.63,0.53,0.47,0.09,22
"Reinhart",2017,-0.28,0.31,0.21,0,3
"Reno Zemrak",2017,-1.06,0.74,0.61,0,8
"Reuter",2017,0.39,0.64,0.51,0.15,34
"Rich Burner",2017,0.66,1.18,1.84,0,1
"Richard Bryza",2017,-0.37,0.47,0.46,0,23
"Richard Bryza",2018,-4.57,0.7,0.53,0.15,157
"Richman",2017,0.05,0.82,0.63,0.2,10
"Rick Tormey",2017,-0.4,1.12,0.84,0.2,5
"Ricky Marinez",2017,-1.84,0.91,0.6,0.11,9
"Riddle",2017,-2.07,0.62,0.48,0.07,28
"Riege, Bryce",2017,-0.99,0.66,0.33,0,3
"Ritter",2017,0.9,1.07,0.83,0.31,13
"Rivard, Colin",2017,-0.48,1.12,0.64,0,1
"Robbie Agerbeek",2017,-2.13,0.85,0.5,0,6
"Robbie Agerbeek",2018,-0.68,0.51,0.35,0.12,16
"Robert Donohoe",2017,-0.63,0.9,0.78,0,5
"Robert Eakin",2017,0.92,0.62,1.08,0,2
"Roberts, Brady",2017,2.37,0.76,0.67,0.24,17
"Roberts, Brady",2018,-0.24,1.04,1,0,6
"Roberts,B",2017,-1.25,0.73,0.28,0.2,5
"Robeson",2017,-0.41,0.35,0.25,0,4
"Robison",2017,-0.4,1.03,0.61,0.38,13
"Rodgers",2017,2.09,0.72,0.63,0.3,10
"Rodgers, R.",2017,0.42,0.71,0.92,0,2
"Rodgers, Ryan",2017,0.84,0.97,0.94,0.17,6
"Rodriguez, Justin",2017,0.46,0.95,0.78,0.22,9
"Rodriguez, Justin",2018,1.02,1.16,1.16,0.2,5
"Rodriguez,J",2017,-0.44,0.38,0.16,0,2
"Roehler, Jonathan",2017,3.29,0.83,0.91,0.75,4
"Rufer",2017,-0.83,0.43,0.15,0,3
"Ruh",2017,-0.51,0.67,0.25,0.33,6
"Rushing",2017,-0.47,0.41,0.29,0,4
"Russell Torres",2017,-0.7,0.66,0.48,0,4
"Ryan Garrett",2017,0.32,0.33,0.64,0,1
"Ryan Garrett",2018,-2.58,0.68,0.57,0.08,78
"Ryan Gvillo",2017,-0.9,0.94,0.81,0.07,15
"Ryan Karrick",2017,-5.6,0.63,0.51,0.06,88
"Ryan Klimkie",2017,-0.98,0.82,0.6,0.11,9
"Ryan Koester",2017,-12.41,0.65,0.48,0.08,135
"Ryan Koester",2018,11.42,0.74,0.6,0.2,186
"Ryan LaPage",2017,-0.86,0.86,0.43,0,2
"Ryan Long",2017,2.41,0.91,1,0.4,5
"Ryan McDermott",2017,-0.33,0.22,0.06,0,2
"Ryan Mclaughlin",2017,4.21,1.12,1.3,0.17,12
"Ryan Siems",2017,2.16,0.89,0.95,0.67,3
"Ryan Sparks",2017,5.79,0.75,1.09,0.38,8
"Ryan Steim",2017,-4.28,0.63,0.27,0,12
"Ryan Steim",2018,-3.53,0.61,0.36,0.13,30
"Ryan Weitendorf",2017,1.44,0.7,0.74,0.1,10
"Ryan, Logan",2017,-1.15,0.59,0.4,0,6
"Ryan, Logan",2018,0.36,0.38,0.56,0,2
"S. Clarke",2017,-0.24,0.33,0.25,0,3
"S. Cobbs",2017,-0.22,0.49,0.46,0,7
"S. Fleet",2017,-0.76,0.51,0.41,0.06,18
"S. Harris",2017,1.18,0.92,0.78,0.33,6
"S. Schneider",2017,1.26,0.55,0.43,0.33,6
"S. Soria",2017,0.32,0.33,0.64,0,1
"Salazar, M.",2017,2.5,0.57,0.65,0.05,19
"Salvador Anguiano",2017,-8.41,0.69,0.49,0.1,86
"Sam Galanek",2017,2.65,0.58,0.52,0.5,6
"Sam Harris",2017,-0.46,0.39,0.27,0,4
"Sam Horner",2017,-1.59,0.54,0.32,0,7
"Sam Horner",2018,1.4,0.63,0.59,0.14,14
"Sam Lehman",2017,0.75,0.78,0.62,0.25,8
"Sames",2017,-0.76,0.75,0.5,0,3
"Santos",2017,1.56,0.73,0.63,0.21,14
"Sarkon, Brady",2017,0.47,0.66,1.12,0,1
"Sarkon, Brady",2018,1.48,0.63,0.71,0.17,6
"Saunders",2017,0.83,0.66,0.58,0.13,15
"Sautel, Thomas",2017,0.33,0.48,0.55,0,5
"Sautel, Thomas",2018,1.75,0.78,0.73,0.4,5
"Schamal Forbes",2017,-1.09,0.93,0.71,0,5
"Scheer",2017,-1.27,0.68,0.42,0,5
"Schellenger",2017,-0.68,0.77,0.6,0,4
"Schiessle",2017,-0.87,0.55,0.25,0,3
"Schmitt",2017,-0.7,0.89,0.55,0.2,5
"Schmitt",2018,-0.43,0.47,0.36,0,4
"Schnitz",2017,-0.14,0.41,0.38,0,4
"Schocker",2017,0.89,0.5,0.4,0.15,20
"Schoonveld",2017,2.93,1.09,1.2,0.22,9
"Schumacher",2017,-0.41,0.64,0.24,0,1
"Schutter",2017,0.47,1.66,1.12,1,1
"Schutter",2018,2.18,0.77,0.52,0.45,11
"Schwall",2017,-0.51,0.76,0.68,0,6
"Schwartz",2017,-2.01,0.49,0.09,0,5
"Schwartz",2018,-0.24,0.24,0,0,1
"Scooter Turin",2017,-4.25,0.99,0.46,0.1,10
"Scott Hilbrandt",2017,-2.12,1.11,0.81,0,7
"Sean Gaffney",2017,-1.7,0.55,0.21,0,5
"Sean McKee",2017,-0.21,0.44,0.41,0,9
"Sean Miller",2017,-1.19,0.55,0.42,0,9
"Sean Padden",2017,0.41,0.49,0.39,0.17,6
"Sean Roginski",2017,1.71,1,1.11,0.14,7
"Sean Roginski",2018,-0.84,0.62,0.41,0,4
"Seegers",2017,0.92,0.5,0.61,0,9
"Seth Griffiths",2017,20.2,0.71,0.7,0.13,164
"Setrum",2017,-3.21,1.53,0.63,0.5,8
"Shane Fajt",2017,0.56,0.87,0.72,0.33,3
"Shane Fajt",2018,-1.78,0.87,0.42,0,4
"Shane Hammel",2017,-0.85,1.49,0.64,0,1
"Shane Nowak",2017,-1.22,0.33,0.03,0,4
"Shannon",2017,0.49,0.69,0.82,0,4
"Shick",2017,0.6,0.45,0.55,0,6
"Shipley",2017,1.68,0.51,0.45,0.4,5
"Shuff",2017,2.16,0.42,0.35,0.23,13
"Siegler",2017,-0.76,0.72,0.37,0.2,5
"Sievert",2017,1.55,0.53,0.62,0.17,6
"Silva, Joe",2017,2.48,0.62,0.65,0.12,16
"Silva, Joe",2018,-1.23,0.75,0.58,0,7
"Silva,J",2017,1.5,0.47,0.63,0,9
"Silversmith",2017,-1.28,0.52,0.44,0,16
"Simons",2017,0.81,0.7,0.4,0.5,4
"Slodzinski, Matt",2017,-0.42,0.42,0,0,1
"Slodzinski, Matt",2018,-0.52,0.38,0.12,0,2
"Slowiak",2017,-2.29,0.75,0.37,0,6
"Smith",2017,-1.22,0.63,0.33,0,4
"Smith",2018,-1.22,0.57,0.27,0,4
"Sonnefeldt, Tim",2017,-1.14,0.39,0.11,0,4
"Sparks, Cale",2017,-0.59,0.75,0.58,0.11,9
"Sparks, Cale",2018,-0.47,0.98,0.82,0,3
"Spencer",2017,-0.6,0.65,0.5,0,4
"Spencer",2018,0.56,0.56,0.47,0.2,5
"Spencer Olson",2017,0.08,0.84,0.61,0.24,17
"Spencer Olson",2018,-0.08,0.62,0.53,0.08,12
"Spencer Scheer",2017,-4.24,0.63,0.47,0.13,135
"Spencer Scheer",2018,-9.89,0.73,0.54,0.1,105
"Spohr, Brent",2017,-3.08,0.87,0.53,0.13,15
"Spohr,B",2017,0.5,1.05,0.77,0.33,9
"Stachowski",2017,0.18,0.68,0.47,0.25,4
"Stanley Gawelko",2017,0.98,0.37,0.48,0,9
"Stanton",2017,-0.63,0.95,0.42,0.4,5
"Stephan Hern",2017,2.23,0.77,0.57,0.75,4
"Stephan Zanoni",2017,-4.08,0.73,0.39,0,12
"Stevens",2017,-0.74,1.92,1.18,0,1
"Stochl",2017,-1.61,0.78,0.6,0.13,31
"Storm",2017,-0.35,0.49,0.38,0,3
"Sullivan",2017,-0.27,0.52,0.5,0,15
"Swanson",2017,-1.31,0.33,0.07,0,5
"Swanson",2018,-1.78,0.72,0.37,0,5
"Swenson",2017,0.05,1.18,0.24,1,1
"Szura",2017,-0.24,0.24,0,0,1
"T. Anderson",2017,-1.9,0.96,0.48,0,4
"T. Bonnivier",2017,-0.19,0.5,0.4,0,2
"T. Carrigan",2017,0.51,0.52,0.59,0,7
"T. Cooksey",2017,-0.33,0.66,0.33,0,1
"T. Kostello",2017,0.14,0.33,0.12,0.25,4
"T. Natzke",2017,1.58,0.86,1.05,0.33,3
"T. Quinlan",2017,-0.23,0.41,0.35,0,4
"T. Wood",2017,-1.1,1.21,0.86,0.17,6
"Taichi Sasaki",2017,1.86,0.65,1.02,0,5
"Tanner Anderson",2017,0.05,0.5,0.11,0.4,5
"Tanner Brann",2017,-0.47,0.66,0.55,0.07,14
"Tanner Gilmore",2017,0.32,0.33,0.64,0,1
"Tanner Jansen",2017,-0.69,0.51,0.41,0,7
"Tanner Jansen",2018,-7.13,0.68,0.46,0.12,75
"Tanner Reising",2017,-0.97,0.78,0.54,0,4
"Tanner Reising",2018,-0.33,0.66,0.33,0,1
"Tanner Wood",2017,4.25,0.77,0.64,0.17,151
"Tanner Wood",2018,12.69,0.7,0.61,0.17,152
"Taylor Black",2017,0.27,0.54,0.39,0.2,5
"Taylor Canter",2017,1.34,1.01,0.88,0.4,5
"Taylor Justice",2017,-0.27,0.5,0.32,0.14,7
"Taylor Nielson",2017,-2.38,0.86,0.38,0,5
"Taylor, Jake",2017,1.58,0.52,0.23,0.6,5
"Taylor, Jake",2018,-0.69,0.63,0.4,0,3
"Teague Towner",2017,-1.15,0.72,0.49,0,5
"Teghan Malionek",2017,0.82,0.64,0.62,0.14,7
"Tesensky",2017,-0.28,0.67,0.62,0.04,25
"Tholl",2017,0.8,1.12,1.92,0,1
"Tholl",2018,-0.51,0.7,0.57,0,4
"Thomas",2017,0.48,1.17,0.64,1,1
"Thomas",2018,0.62,0.78,0.75,0.09,11
"Thomas Greffly",2017,-4.67,0.79,0.45,0.13,23
"Thomas Greffly",2018,0.3,0.65,0.48,0.17,111
"Thomas Johnson",2017,-11.1,0.69,0.48,0.1,102
"Thomas Kahle",2017,-0.37,0.63,0.41,0.2,15
"Thomas Kahle",2018,0.8,0.85,0.62,0.24,41
"Thomas Kempf",2017,16.6,0.71,0.61,0.2,156
"Thomas Kempf",2018,9.97,0.76,0.61,0.2,166
"Thomas Simon",2017,-0.17,0.71,0.57,0.14,44
"Thomas Simon",2018,-7.4,0.59,0.38,0.13,91
"Thomas, Karson",2017,-0.76,1.52,0.76,0,1
"Thompson",2017,1.88,0.8,0.79,0.18,11
"Thompson",2018,1.47,0.84,0.96,0.25,4
"Thumann",2017,4.32,0.86,0.78,0.26,23
"TJ Kuny",2017,0.14,0.66,0.73,0,2
"TJ Rausch",2017,-1.78,0.45,0.2,0,7
"Toivonen",2017,-0.01,0.49,0.48,0,2
"Tom Gibbons",2017,1.98,0.78,0.61,0.5,6
"Tommy Gleason",2017,-2.65,0.72,0.38,0.09,11
"Tommy Gleason",2018,0.58,0.74,0.66,0.09,94
"Tony Heiser",2017,-2.23,0.65,0.53,0.1,93
"Toomey, Nicholas",2017,1.5,1.1,0.98,0.5,4
"Tormey",2017,4.64,0.59,0.65,0.4,10
"Tossick",2017,-0.68,0.32,0.21,0,6
"Trace Slancik",2017,-0.85,0.73,0.56,0,5
"Travis Kostello",2017,-0.41,0.64,0.24,0,1
"Travis Weber",2017,-0.39,0.62,0.55,0,6
"Trent Athman",2017,1.68,0.69,0.54,0.19,42
"Trent Athman",2018,13.96,0.65,0.59,0.2,93
"Trent Athmann",2017,-1.51,0.73,0.58,0.13,91
"Trent Athmann",2018,5.46,0.75,0.61,0.2,90
"Trent Dooley",2017,-0.4,0.61,0.53,0.08,139
"Trent Saharek",2017,0.9,0.36,0.66,0,3
"Trevor Francesconi",2017,0.66,1.18,1.84,0,1
"Trevor Kimm",2017,5.02,0.75,0.63,0.19,72
"Trevor Kimm",2018,12.77,0.74,0.65,0.16,173
"Trevor Rhoad",2017,-0.41,0.64,0.24,0,1
"Trey Kehoe",2017,2.93,0.64,0.57,0.14,42
"Trey Kehoe",2018,10.17,0.77,0.66,0.18,134
"Tristan Hannah",2017,0.81,0.75,1.16,0,2
"Tristyn Ruiz",2017,-1.11,0.68,0.54,0,8
"Truman Schmitt",2017,-0.34,0.67,0.49,0.18,78
"Truman Schmitt",2018,-7.28,0.75,0.54,0.15,149
"Trusk",2017,0.59,0.85,0.97,0,5
"Tucker Mai",2017,-1.03,0.55,0.29,0,4
"Tucker, Jeff",2017,-0.42,0.57,0.29,0.2,5
"Turner, Nick",2017,0.64,0.56,0.64,0,8
"Ty Porterfield",2017,-1.97,0.59,0.5,0.05,44
"Tyler Brett",2017,1.61,0.47,0.7,0,7
"Tyler Daley",2017,0.89,0.74,0.73,0.11,9
"Tyler Downing",2017,2.08,0.73,1.09,0.33,3
"Tyler Downing",2018,-1.14,0.81,0.43,0,3
"Tyler Dralle",2017,-0.08,0.72,0.57,0.14,28
"Tyler Dralle",2018,-6.61,0.64,0.44,0.13,94
"Tyler Galimi",2017,0.31,0.74,0.82,0,4
"Tyler Graham",2017,0.8,0.54,0.7,0,5
"Tyler Hovick",2017,-0.41,0.64,0.24,0,1
"Tyler Hovick",2018,-0.54,0.71,0.53,0.17,47
"Tyler Imrich",2017,3.29,0.74,0.61,0.24,29
"Tyler Imrich",2018,0.59,0.76,0.56,0.21,141
"Tyler Lewan",2017,-7.77,0.71,0.56,0.06,94
"Tyler Lewan",2018,-7.66,0.73,0.52,0.15,122
"Tyler Ludlow",2017,2.09,0.55,0.57,0.4,5
"Tyler Mougin",2017,-6.85,0.66,0.42,0,28
"Tyler Nunemaker",2017,-3,0.61,0.36,0.14,28
"Tyler Nunemaker",2018,-3.61,0.84,0.65,0.14,85
"Tyler O'Shea",2017,1.02,0.67,0.57,0.22,9
"Tyler Tennyson",2017,-0.47,0.5,0.41,0,5
"Tyler Tennyson",2018,-0.01,0.74,0.56,0.17,111
"Tyler Thomps",2017,0.37,0.55,0.62,0,5
"Tyler Ulfig",2017,-0.4,0.74,0.68,0,7
"Tyler Winterstein",2017,-9.43,0.65,0.49,0.08,122
"Tyler Winterstein",2018,2.69,0.68,0.57,0.12,145
"Uetz",2017,-1.1,0.78,0.59,0.09,11
"Uhrich",2017,-0.31,0.78,0.71,0,4
"Valder, Eli",2017,-0.21,0.33,0.11,0,1
"Van Fleet",2017,-0.78,0.6,0.49,0.06,17
"VanDuser, Bryan",2017,2.74,0.62,0.6,0.21,14
"VanDuser,B",2017,2.08,0.58,0.45,0.43,7
"VanKoevering",2017,-1.46,1.28,0.99,0,5
"Ventrelle, Drew",2017,0.27,0.87,0.94,0,4
"Ver Steeg",2017,-0.27,0.59,0.5,0,3
"Vogt",2017,0.46,0.59,0.47,0.14,22
"Vogt",2018,-0.58,0.93,0.83,0,6
"Voight",2017,-1.56,0.69,0.3,0,4
"Vredeveld",2017,0.6,0.47,0.62,0,4
"W. Davis",2017,-0.44,0.38,0.16,0,2
"W. Schebler",2017,-1.01,1.43,0.93,0,2
"Wade, Zach",2017,-3.01,1.35,0.93,0.17,12
"Wagner",2017,0.77,0.83,0.81,0.12,8
"Walker",2017,0.17,0.85,0.64,0.22,9
"Walker Breard",2017,0,0.34,0.34,0,4
"Walker Breard",2018,0.53,0.61,0.47,0.18,11
"Walker Linde",2017,-0.14,0.72,0.61,0.11,19
"Walker Linde",2018,3.67,1.07,1.12,0.25,12
"Wallace",2017,-0.14,0.68,0.65,0,5
"Wallace",2018,0.14,0.34,0.48,0,1
"Walters",2017,0.99,0.44,0.43,0.5,2
"Wardlaw",2017,-0.03,0.73,0.72,0,4
"Wardlaw",2018,0.01,0.55,0.56,0,5
"Waylon Alvarado",2017,0.83,0.66,1.49,0,1
"Weber",2017,0.31,0.54,0.43,0.17,6
"Weber",2018,-1.26,0.79,0.54,0,5
"Wechselbergr",2017,-0.07,0.86,0.83,0,2
"Weinberg",2017,-1.41,0.4,0.16,0,6
"Weis",2017,3.83,0.92,0.96,0.14,21
"Weis",2018,-0.29,1.33,1.07,0.2,5
"Wesley Schools",2017,0.47,0.88,1,0,4
"Whelan",2017,0.27,0.26,0.4,0,2
"Whelan",2018,-0.1,0.35,0.33,0,4
"Wick, Graham",2017,0.16,1.34,1.37,0,7
"Wiedower",2017,-0.38,0.63,0.55,0,5
"Wiegand",2017,0.17,0.83,0.63,0.21,14
"Wiegold, J.",2017,-1.2,0.51,0.11,0,3
"Wiley",2017,-2.31,0.81,0.43,0,6
"Wiley",2018,-0.21,0.33,0.11,0,1
"Wilfredo Navarro",2017,-0.24,0.24,0,0,1
"Will Doherty",2017,1.95,0.67,0.58,0.1,166
"Will Doherty",2018,11.47,0.71,0.56,0.22,170
"Will Lee",2017,0.66,1.13,1.08,0.17,6
"Will Lee",2018,0.37,0.46,0.35,0.17,6
"Will Matthews",2017,-0.21,0.33,0.11,0,1
"Will Matthews",2018,-0.52,0.72,0.5,0.14,7
"Will McKenna",2017,0.34,0.3,0.47,0,2
"Will Stoneci",2017,-0.64,0.7,0.59,0,6
"William Palmer",2017,-0.67,0.31,0.14,0,4
"Willie Freimuth",2017,2.12,0.56,0.57,0.1,20
"Willis",2017,-0.55,0.56,0.53,0,21
"Willis",2018,-4.04,0.67,0.3,0,11
"Willoughby",2017,-0.08,0.72,0.69,0,3
"Wilson Battle",2017,1.39,0.55,0.51,0.13,15
"Wilson Battle",2018,-1.41,0.69,0.53,0,9
"Wilson, Matt",2017,0.47,0.66,1.12,0,1
"Wilson, Mitch",2017,2.09,0.65,0.66,0.14,14
"Wilson, Mitch",2018,2.68,0.78,0.89,0.33,6
"Wilson,M",2017,-1.74,0.68,0.46,0,8
"Winkler",2017,-0.07,0.9,0.69,0.2,5
"Winterstein",2017,-2.67,1.02,0.29,0.2,5
"Wiskow, Austin",2017,0.46,0.33,0.56,0,2
"Wiskow, Austin",2018,0.08,0.65,0.66,0,7
"Wollnik",2017,-0.63,0.72,0.51,0,3
"Wood",2017,0.78,0.75,0.68,0.09,32
"Wood",2018,-0.01,0.97,0.72,0.25,8
"Woodruff",2017,-0.95,1.02,0.7,0.17,6
"Woods",2017,0.83,0.66,1.49,0,1
"Woods, Drew",2017,0.52,0.24,0.76,0,1
"Woods, Drew",2018,-0.86,0.6,0.17,0,2
"Woods, Jeff",2017,1.95,1.02,1.02,0.2,10
"Woolbright",2017,-0.39,0.96,0.86,0,4
"Wrona",2017,0.13,0.11,0.24,0,1
"Wyatt Ahart",2017,-1.18,1.15,0.56,0,2
"Xavier Baez-Ortiz",2017,0.58,0.69,0.88,0,3
"Yard",2017,-0.04,0.77,0.51,0.25,4
"Yard",2018,0.39,0.52,0.64,0,3
"Yash Muley",2017,0.43,1.49,1.92,0,1
"Z. Hovick",2017,-1.97,0.76,0.47,0.14,14
"Zac Duval",2017,0.61,0.26,0.41,0,4
"Zac Duval",2018,-1.06,0.38,0.2,0,6
"Zach Brown",2017,10.49,0.7,0.64,0.14,141
"Zach Ditzenberger",2017,-0.48,0.81,0.69,0,4
"Zach Eisenre",2017,-0.24,0.24,0,0,1
"Zach Hovick",2017,0.71,0.76,0.55,0.22,50
"Zach Hovick",2018,6.73,0.7,0.6,0.14,175
"Zach Leander",2017,-0.3,0.84,0.74,0,3
"Zach Slowiak",2017,-0.48,0.62,0.52,0,5
"Zach Slowiak",2018,-2.15,0.75,0.44,0,7
"Zachary Roberson",2017,-0.91,0.86,0.76,0,9
"Zack Crawford",2017,-0.27,0.62,0.53,0,3
"Zack Godfrey",2017,-0.57,0.55,0.41,0,4
"Zack Murphy",2017,0.23,0.67,0.75,0,3
"Zack Murphy",2018,0.16,0.4,0.45,0,3
"Zane Johann",2017,-0.83,0.92,0.64,0,3
"Zemrak",2017,-0.16,1,0.77,0.2,5
"Zerr",2017,-0.43,0.61,0.47,0,3
"ZGottfredsen",2017,-1.11,0.33,0.14,0,6
"A. DiPrizio",2018,0.19,0.87,0.71,0.2,5
"A. Lawrence",2018,-0.89,0.45,0.23,0,4
"A. Ollwerthe",2018,0.07,0.83,0.85,0,4
"A. Recker",2018,-1.16,0.82,0.59,0,5
"A. Shults",2018,1.13,0.94,0.81,0.29,7
"A. Steed",2018,-0.21,0.33,0.11,0,1
"A. Supp",2018,-1.22,0.65,0.24,0,3
"A. Thibault",2018,-0.21,0.33,0.11,0,1
"A. Ward",2018,-0.49,0.47,0.34,0,4
"Aaron Gillespie",2018,-0.03,0.59,0.58,0,5
"Aaron Williams",2018,1.77,1.36,1.31,0.4,5
"Abelson",2018,2.91,0.78,0.93,0.33,6
"Adam Nell",2018,-0.75,0.96,0.77,0,4
"Adam Paschal",2018,-0.98,0.69,0.54,0,7
"Adam Sacia",2018,-0.03,0.76,0.64,0.12,17
"Adrian Bethel",2018,-0.9,0.52,0.22,0,3
"AJ Ferrara",2018,-0.06,1.29,0.94,0.33,3
"Alec Hensley",2018,-4.11,0.55,0.38,0,24
"Alex Baretta",2018,1.62,0.52,0.29,0.5,6
"Alex Bearden",2018,-1.33,1,0.54,0.2,5
"Alex Cappitelli",2018,1.53,0.67,0.73,0.11,9
"Alex Chapman",2018,-0.31,0.58,0.32,0.2,5
"Alex Osness",2018,0.6,0.38,0.68,0,2
"Alex Perry",2018,-0.66,1.01,0.88,0,5
"Alex Savary",2018,0.81,0.56,0.51,0.07,56
"Alex Schwartz",2018,-0.78,0.82,0.22,0.33,3
"Alexis Castillo",2018,0.8,0.54,0.81,0,3
"Alkins",2018,-0.33,0.66,0.33,0,1
"Amatucci",2018,-0.48,1.12,0.64,0,1
"Andrew Curtis",2018,2.64,1.29,1.2,0.75,4
"Andrew Jumonville",2018,-1.3,0.52,0.26,0,5
"Andrew Ollwerther",2018,-0.25,1.04,0.83,0.17,6
"Andrew Wright",2018,-0.07,0.69,0.67,0,4
"Andy Hayes",2018,0.44,1.32,1.04,0.5,2
"Andy Peterik",2018,0.52,0.89,0.65,0.5,2
"Andy Tepp",2018,3.18,0.65,0.56,0.4,10
"Anthony Fumagalli",2018,-7.91,0.66,0.5,0.06,78
"Anthony Guzman",2018,-3.26,0.69,0.46,0,14
"Anthony Venuti",2018,-0.05,1.38,1.13,0.25,8
"Arens, Jake",2018,-0.69,0.62,0.52,0,7
"Arnold",2018,0.67,0.48,0.7,0,3
"Arnulfo Gutierrez",2018,-1.64,0.49,0.08,0,4
"Athmann",2018,-0.69,0.74,0.44,0.22,9
"Atkins,Beau",2018,-0.41,0.64,0.24,0,1
"Austin Cain",2018,0.14,0.36,0.41,0,3
"Austin Lindner",2018,0.92,0.97,1.27,0,3
"Austin Shirley",2018,-0.74,0.65,0.28,0,2
"Avery Foltz",2018,1.91,0.67,1.15,0,4
"Avery Lehman",2018,-0.56,0.56,0,0,1
"B. Dietz",2018,0.39,1.34,1.14,0.33,3
"B. Gravel",2018,1.03,0.66,0.47,0.4,5
"B. John",2018,-1.26,0.89,0.58,0,4
"B. Labbe",2018,-1.74,0.75,0.4,0,5
"B. Mueller",2018,0.08,1,1.03,0,4
"B. NICHOLSON",2018,-1.23,1.12,0.8,0.14,7
"B. Panning",2018,-0.62,0.63,0.46,0.12,16
"B. Peterson",2018,-1.45,0.51,0.33,0.08,13
"B. Powers",2018,-1.42,0.7,0.3,0.27,11
"B. Reynolds",2018,1.27,0.79,1.1,0,4
"B. Sember",2018,0.53,1.31,1.57,0,2
"B. Shelton",2018,0.86,0.72,0.58,0.25,8
"B. Weaver",2018,-1.04,0.93,0.72,0,5
"B. Wong",2018,-0.77,0.86,0.5,0.2,5
"Baker",2018,0,0.62,0.62,0,4
"Balkenb,Nick",2018,-1.6,0.46,0.06,0,4
"Ball",2018,-0.89,0.61,0.16,0,2
"Ballantine",2018,0.12,0.61,0.64,0,4
"Baretta",2018,2.1,0.88,1.1,0.2,5
"Barna",2018,-0.74,0.96,0.61,0.2,5
"Barney, Justin",2018,1.65,0.89,0.83,0.4,5
"Bassett",2018,0.53,0.35,0.48,0,4
"Bastien, Nick",2018,1.31,0.69,0.79,0,13
"Bearden",2018,0.44,0.51,0.2,0.4,5
"Ben Allbee",2018,-1.32,0.68,0.35,0,4
"Ben Arndt",2018,-0.33,0.66,0.33,0,1
"Ben Boran",2018,-1.04,0.82,0.53,0.21,14
"Ben Browning",2018,-0.11,0.11,0,0,1
"Ben Castagnetti",2018,0.19,0.83,0.86,0,6
"Ben Compton",2018,-0.64,0.73,0.57,0,4
"Ben Laumann",2018,-0.96,0.72,0.53,0,5
"Ben Thompson",2018,-0.33,0.66,0.33,0,1
"Benjamin Chaffee",2018,-0.5,0.55,0.42,0,4
"Berry, Hunter",2018,0.19,1.12,1.19,0,3
"Berst",2018,-0.09,0.41,0.39,0,5
"Bianco",2018,-0.08,0.45,0.4,0,2
"Billington,Stephen",2018,-0.24,0.46,0.41,0,5
"Billy Brittingham",2018,-1,0.36,0.11,0,4
"Black",2018,-1.36,0.58,0.39,0.08,12
"Black, Mitchell",2018,1.56,0.67,0.74,0.12,8
"Blaise Oster",2018,-1.97,1.01,0.62,0,5
"Blake Crain",2018,-1.61,0.59,0.46,0,12
"Blake Wooten",2018,0.61,0.88,0.98,0,6
"Bo Lovdahl",2018,-1.06,0.95,0.66,0.14,7
"Bobby Isbell",2018,1.17,0.37,0.2,0.4,5
"Bohman, Evan",2018,-1.35,0.85,0.52,0.14,7
"Bohn",2018,1.57,0.77,0.61,0.27,15
"Borkowski",2018,-1.27,0.8,0.16,0,2
"Bosquez, Logan",2018,-0.33,0.66,0.33,0,1
"Bostater",2018,-1.09,0.87,0.57,0.14,7
"Bouwman",2018,-1.52,0.48,0.17,0,5
"Brady",2018,-0.12,0.41,0.38,0,4
"Brady Harpenau",2018,1.23,1.01,1.07,0.25,4
"Bradyn Thomas",2018,0.17,0.79,0.6,0.19,42
"Braeden Barr",2018,0.81,0.64,1.45,0,1
"Brandon Heilskov",2018,0.8,1.12,1.92,0,1
"Brandon Hins",2018,-0.92,0.94,0.63,0,3
"Brandon Ramos",2018,-0.9,0.92,0.7,0,4
"Brandon Rolf",2018,1.97,0.44,0.44,0.33,6
"Brandon Urias",2018,-9.25,0.65,0.4,0.16,103
"Brandt, K",2018,1.32,0.74,1.01,0,5
"Brantner",2018,3.31,0.93,0.98,0.5,6
"Branton Sanders",2018,2.92,0.44,0.17,1,4
"Brayden White",2018,0.67,0.33,0.25,0.25,4
"Brendan Mapes",2018,0.21,0.22,0.32,0,2
"Brenden Weiss",2018,0.07,0.38,0.39,0,5
"Brennan Swan",2018,2.31,0.47,0.53,0.33,6
"Brennan Taylor",2018,-0.09,0.45,0.44,0,7
"Brent Parker",2018,-0.89,1.07,0.7,0.2,5
"Brett Molea",2018,-0.33,0.66,0.33,0,1
"Brinkman, John",2018,4.08,0.99,0.81,0.44,16
"Britt",2018,-1.57,0.85,0.32,0,3
"Brooks Repking",2018,-2.16,1.02,0.59,0,5
"Bryce Flanagan",2018,1.51,0.58,0.7,0.25,4
"Bryce, Johnny",2018,0.47,0.66,1.12,0,1
"Bryza",2018,0.32,0.41,0.49,0,4
"Brzostowski",2018,-0.97,0.51,0.19,0,3
"Brzostowski, Max",2018,-0.67,0.5,0.16,0,2
"Buckingham",2018,-0.12,0.52,0.36,0.14,7
"Burke, C.",2018,-0.11,0.11,0,0,1
"Burnett",2018,0.04,1.05,0.81,0.25,4
"Burns",2018,0.59,0.87,1.45,0,1
"Burris, N",2018,-0.42,1.35,1.14,0,2
"C. Clemensen",2018,-2.72,0.69,0.42,0.11,18
"C. Gampell",2018,4.28,0.66,0.71,0.8,5
"C. Gerossie",2018,0.6,0.59,0.71,0,5
"C. Kelly",2018,0.96,0.71,0.7,0.25,4
"C. Manderson",2018,0.93,0.81,0.92,0,9
"C. Pengilly",2018,2.77,0.63,0.55,0.24,17
"C. Riddle",2018,-0.57,0.64,0.25,0.25,4
"C. Sawden",2018,-0.33,0.66,0.33,0,1
"Calabro",2018,0,0.35,0.35,0,3
"Cale Hall",2018,-1.44,0.49,0.34,0,10
"Caleb Wichman",2018,-0.74,0.71,0.59,0.07,15
"Callahan",2018,-0.53,0.89,0.59,0.2,5
"Calle",2018,0.69,0.84,1.01,0,4
"Camden Wiens",2018,-0.99,0.33,0.13,0,5
"Cameron Borrelli",2018,1.61,0.59,0.53,0.29,7
"Cameron Guevara",2018,-1.2,0.62,0.53,0,13
"Cameron Liston",2018,-2.25,0.67,0.46,0.1,20
"Candor, Keaton",2018,1.42,0.91,0.98,0.17,6
"Carl Francalangia",2018,1.41,1.18,1.08,0.33,6
"Carlos Garrido",2018,-3.58,0.68,0.37,0.11,18
"Carlson, C",2018,-0.13,0.9,0.86,0,3
"Carman",2018,1.39,0.4,0.47,0.2,5
"Carmody, John",2018,-1.46,1.08,0.69,0.22,9
"Castagnetti",2018,-0.44,0.93,0.64,0.2,5
"Chadwick",2018,0.47,0.66,1.12,0,1
"Chandler Schaefbauer",2018,0.32,0.33,0.64,0,1
"Charlie Callahan",2018,-0.34,0.55,0.43,0,3
"Charlie Patrick",2018,0.79,0.25,0.41,0,5
"Charpentier",2018,0.54,0.35,0.49,0,4
"Chas DeWitt",2018,-0.33,0.4,0.29,0,3
"Chase Hall",2018,-2.22,0.84,0.52,0,7
"Chase Jamison",2018,-0.05,0.91,0.65,0.25,4
"Chase Pratt",2018,0.69,0.77,0.72,0.17,6
"Chris Frantz",2018,-3.04,0.96,0.35,0,5
"Chris Grillo",2018,-0.77,0.41,0.22,0,4
"Chris Haring",2018,-0.56,0.56,0,0,1
"Chris Roth",2018,-1.42,0.71,0,0,2
"Christian Spagnuola",2018,-0.13,0.81,0.53,0.25,4
"Christian Tiffin",2018,0.55,0.57,0.76,0,3
"Cieszko",2018,0.95,0.43,0.42,0.25,4
"CJ Yoannou",2018,-0.39,0.33,0.25,0,5
"Cole Thompson",2018,5,0.67,0.56,0.14,170
"Coleman Roberts",2018,10.6,0.7,0.57,0.2,149
"Colin Donahue",2018,-0.33,0.66,0.33,0,1
"Collin Brantner",2018,-1.16,0.76,0.36,0.25,8
"Collin Richmond",2018,-0.48,1.12,0.64,0,1
"Collin Shrader",2018,-0.12,0.95,0.93,0,7
"Colton Conn",2018,1.78,0.66,0.75,0.11,9
"Colton Dawdy",2018,-0.33,0.66,0.33,0,1
"Compton",2018,0.32,0.6,0.66,0,5
"Connor Buchanan",2018,-1.13,0.36,0.08,0,4
"Conor Maguire",2018,0.06,0.55,0.56,0,4
"Cooper Jensen",2018,1.5,0.86,0.48,0.75,4
"Corbin Day",2018,-2.6,0.92,0.27,0,4
"Corey Broxson",2018,-2.2,0.61,0.29,0,7
"Cory Albertson",2018,0.93,0.63,0.61,0.25,4
"Costa",2018,-0.62,1.36,0.96,0.25,4
"Courier",2018,-1.12,0.88,0.32,0,2
"Coy Moore",2018,0.34,0.68,0.6,0.09,162
"Crafa",2018,0.19,1.12,1.19,0,3
"Craig Burke",2018,0.12,0.57,0.63,0,2
"Cue, Brandon",2018,0.47,0.89,1.12,0,2
"Cullen Buck",2018,2.48,0.92,0.88,0.21,14
"Curran",2018,-1.37,0.78,0.32,0,3
"Curtin, Justin",2018,0.46,0.39,0.25,0.25,4
"Cyle Hartwig",2018,-0.62,0.9,0.59,0,2
"D. Dalton",2018,-0.7,1.18,0.48,0,1
"D. Earl",2018,1.25,0.45,1.07,0,2
"D. Healey",2018,-0.34,0.34,0,0,1
"D. James",2018,0.58,0.93,0.79,0.2,10
"D. Lefebvre",2018,-0.07,0.55,0.52,0,3
"D. Natalizio",2018,-0.51,0.99,0.64,0.3,10
"D. Sackett",2018,0.28,0.7,0.79,0,3
"Dacey",2018,0.05,0.86,0.44,0.43,7
"Dalinghaus, Ty",2018,-0.11,0.11,0,0,1
"Dalton Garst",2018,10.2,0.69,0.61,0.12,220
"Dalton Vergith",2018,0.36,0.63,0.54,0.09,43
"Dan Weir",2018,-0.12,0.97,0.71,0.25,12
"Daniel Berger",2018,-2.01,0.69,0.51,0.13,45
"Daniel Opdahl",2018,0.57,0.68,0.65,0.07,15
"Danny Rose",2018,1.73,0.73,0.48,0.44,9
"Dart, Austen",2018,0.94,1.16,1.12,0.5,2
"Dato",2018,0.26,0.86,0.51,0.4,5
"David Larson",2018,2.42,0.9,0.58,0.62,8
"David Thomas",2018,-0.58,2.03,1.45,0,1
"Deaton,Tyler",2018,-1.57,1.05,0.53,0,3
"DeFusco",2018,-1.11,0.93,0.38,0,2
"Deiydon Rush",2018,-0.44,0.41,0.3,0,4
"DELLICARRI",2018,-0.77,0.91,0.78,0,6
"DePamphilis, Luciano",2018,-1.01,0.97,0.63,0,3
"Derek Bowyer",2018,-0.33,0.66,0.33,0,1
"Derek Kolbush",2018,7.34,0.68,0.58,0.15,133
"Derek Martin",2018,-2.25,1.24,0.12,0,2
"Derek McCready",2018,1.18,0.71,0.56,0.15,158
"DeSalvo, Jack",2018,-0.21,0.33,0.11,0,1
"Diaz",2018,-0.87,0.68,0.53,0,6
"Diego Martiarena",2018,-2.03,1.09,0.79,0.1,10
"Dix",2018,-1.7,0.92,0.49,0,4
"DJ Irwin",2018,-1.34,0.57,0.4,0,8
"Dobravec, Paul",2018,-1.28,0.81,0.49,0,4
"Dominick Schleper",2018,2.11,0.75,0.43,0.67,6
"Donovan",2018,-0.41,0.64,0.24,0,1
"Doria",2018,-0.4,0.76,0.63,0,3
"Douglas",2018,0.01,0.57,0.58,0,5
"Down, B",2018,-0.6,1.01,0.69,0.2,5
"Drew Mullarkey",2018,2.41,0.94,0.34,3,1
"Dugan Dieselberg",2018,-0.45,1.08,0.79,0.2,5
"Dugandzic, Nick",2018,1.34,0.44,0.56,0.33,3
"Duhey, Jacob",2018,1.61,0.76,1.07,0.5,2
"Dunham",2018,-0.33,0.19,0.08,0,3
"Dunham, AJ",2018,0.08,0.98,0.6,0.4,5
"Durand",2018,-0.22,0.15,0.08,0,3
"Duricko",2018,-0.21,0.33,0.11,0,1
"Dylan Blake",2018,-3.24,0.65,0.38,0,12
"Dylan Ketch",2018,-0.52,0.73,0.63,0,5
"Dylan Morrissette",2018,-2.55,0.93,0.3,0,4
"Dylan Pardoe",2018,-0.54,0.76,0.51,0.17,6
"Dylan Peiffer",2018,0.89,1.07,1.05,0.2,5
"Dylan Valentyn",2018,-0.62,1.18,0.56,0,1
"Dziergas, Tim",2018,-0.06,0.75,0.5,0.25,8
"E. HOLTON",2018,1.79,0.44,0.4,0.4,5
"Easton Bahr",2018,0.54,1.12,1.4,0,2
"Ebeling",2018,-0.56,0.56,0,0,1
"Elion",2018,3.55,0.91,0.57,0.7,10
"Ellingson, Ryan",2018,0.13,0.11,0.24,0,1
"Elliot Shebek",2018,-0.96,0.7,0.46,0,4
"Elliott Engen",2018,-1.11,0.8,0.45,0.22,9
"Elny Cruz",2018,0.13,0.11,0.24,0,1
"Emmanuel Jeffery",2018,-0.62,1.49,0.87,0,1
"Eremian",2018,1.43,0.52,0.61,0.2,5
"Eric Erb",2018,-0.44,0.44,0.26,0.12,8
"Eric Hernandez",2018,-0.83,0.53,0.25,0,3
"Eric Weisbrod",2018,-0.36,1.13,0.86,0.2,5
"Eric Zeppa",2018,1.61,0.67,0.82,0.25,4
"Ethan Daigneault",2018,-1.23,0.55,0.24,0,4
"Ethan Krehbi",2018,0.25,0.24,0.48,0,1
"Ethan Mocchi",2018,-0.56,0.59,0.4,0.14,14
"Ethann Meister",2018,0.14,0.67,0.7,0,6
"Evan Jackson",2018,-0.19,0.32,0.28,0,5
"Evan Lacroix",2018,2.37,0.52,0.86,0,7
"Evan Siegler",2018,-0.11,0.17,0.12,0,2
"Fajt",2018,-0.11,0.17,0.12,0,2
"Falish, Jake",2018,-0.13,0.77,0.66,0.1,10
"Falls",2018,0.42,0.47,0.58,0,4
"Fauth, Matt",2018,-1.18,1.04,0.44,0.43,7
"Fennelly",2018,1.71,0.83,1,0.25,4
"Feola",2018,-0.24,0.24,0,0,1
"Ferguson",2018,-0.24,0.59,0.38,0.17,6
"Fisher",2018,-1.59,0.65,0.11,0,3
"Fontinha",2018,0.94,0.81,1.12,0,3
"Fordyce",2018,-0.41,1.28,0.93,0.25,4
"Francalangia",2018,0.77,0.66,0.61,0.25,4
"Franco",2018,-1.38,0.57,0.11,0,3
"G Brockhouse",2018,-0.53,0.52,0.44,0,6
"G. Emanuelso",2018,1.5,0.36,0.23,0.5,4
"G. Hogan",2018,-1.11,0.79,0.49,0.14,7
"Gabriel Panza",2018,-0.59,0.68,0.65,0,16
"Gaither",2018,0.24,0.36,0.17,0.25,4
"Garcia",2018,0.36,0.42,0.51,0,4
"Garcia, Kevin",2018,1.89,0.86,0.64,0.6,5
"Gardner, Thomas",2018,2.09,1.04,1.05,0.12,16
"Garey",2018,1.05,0.86,0.88,0.33,3
"Gates, Josh",2018,-1.34,0.6,0.46,0,10
"Germansky, E",2018,0.24,0.61,0.73,0,2
"Gettman, Tan",2018,-0.64,0.8,0.67,0,5
"Getz",2018,-0.46,0.7,0.66,0,11
"Giacomazzi",2018,-1.04,0.34,0.08,0,4
"Gideon Dunn",2018,-0.29,0.29,0.24,0,6
"Gill, AJ",2018,-0.69,0.6,0.49,0,6
"Gleason",2018,1.21,0.33,0.37,0.2,5
"Glenn Seymour",2018,1.95,0.82,0.98,0.17,6
"Goldberg",2018,1.29,0.58,0.46,0.33,6
"Gonzalez",2018,-0.33,0.66,0.33,0,1
"Gonzalez, Adrian",2018,-0.7,1.18,0.48,0,1
"Graham Laubsher",2018,0.48,0.29,0.45,0,3
"Graham Low",2018,3.27,0.7,1.03,0.14,7
"Grant Becher",2018,3.12,0.96,0.83,0.36,14
"Grant Thompson",2018,-1.45,0.63,0.15,0,3
"Greffly",2018,-1.1,0.65,0.29,0,3
"Greg Elfreth",2018,-1.08,0.92,0.71,0,5
"Griffin Jack",2018,-0.34,0.35,0.27,0,4
"Grullon",2018,-0.66,0.66,0.33,0,2
"Gruszkowski",2018,-0.11,1.16,0.61,0.5,2
"Gus Purschke",2018,0.22,0.65,0.72,0,3
"H. Reyes",2018,0.77,0.66,0.62,0.2,5
"H. Richardso",2018,0.2,0.57,0.6,0,6
"Haring",2018,1.9,2.59,1.49,3,1
"Harold, Colton",2018,-0.68,1.05,0.92,0,5
"Hayden Reyes",2018,0.2,1.13,0.78,0.38,8
"Hayes",2018,-0.56,0.56,0,0,1
"Heck, Bobby",2018,-1.32,0.7,0.26,0,3
"Hickey",2018,1.56,0.6,0.73,0,12
"Hildebrand",2018,0.25,0.24,0.48,0,1
"Hilliard, Kyle",2018,2.83,0.93,0.89,0.6,5
"Hingst, B.",2018,-0.63,0.39,0.29,0,6
"Hinkelman, B",2018,3.98,0.75,0.75,0.67,6
"Hodges",2018,1.92,0.63,0.46,0.33,12
"Holtzman",2018,-0.41,0.64,0.24,0,1
"Horwath",2018,0.06,1.43,1.15,0.29,7
"Hovick, Z",2018,-1.44,0.59,0.31,0.17,12
"Hunter Messerschmidt",2018,0.05,0.84,0.77,0.08,13
"Hussey",2018,-0.09,0.48,0.44,0,2
"I. Lynch",2018,1.22,1.26,1.11,0.4,5
"Ian Meyer",2018,1.12,1.11,0.9,0.26,19
"Ian Renger",2018,1.13,0.85,0.47,0.6,5
"Isalino Valencia",2018,2.51,0.7,0.68,0.1,29
"Islas",2018,0.24,0.9,0.96,0,4
"J. Andrews",2018,1.67,0.72,0.66,0.4,5
"J. BARNES",2018,1.01,0.76,0.42,0.5,6
"J. Bates",2018,0.22,0.86,0.67,0.25,4
"J. Boeckmann",2018,-1.2,0.57,0.27,0,4
"J. Booth",2018,0.16,0.74,0.44,0.33,6
"J. Bustamant",2018,3.15,0.88,0.67,0.56,9
"J. Cabrera",2018,-1.53,0.41,0.03,0,4
"J. Good",2018,-0.33,0.66,0.33,0,1
"J. HOAGLAND",2018,-0.63,0.49,0.17,0,2
"J. Huber",2018,0.69,0.62,0.96,0,2
"J. Lundquist",2018,-1.78,0.44,0.2,0.12,16
"J. Murphy",2018,0.43,0.71,0.79,0,5
"J. Norton",2018,0.6,0.85,0.8,0.12,8
"J. Rodriguez",2018,3.08,0.69,0.69,0.27,11
"J. Shepherd",2018,-0.07,0.55,0.52,0,3
"J. Stacy",2018,0.06,0.77,0.79,0,3
"J. White",2018,-2.42,0.66,0.26,0,6
"J. Whitford",2018,-1.19,0.73,0.33,0,3
"J. Woodard",2018,0.2,0.44,0.47,0,7
"J.Burkett",2018,0.01,0.67,0.38,0.29,7
"J.T. Sawyer",2018,0.95,0.82,0.81,0.25,4
"Jace Wyatt",2018,-0.11,0.77,0.76,0,8
"Jack Maastricht",2018,-0.21,0.33,0.11,0,1
"Jack Sahargun",2018,0.45,0.49,0.64,0,3
"Jack Schramel",2018,2.4,0.66,0.74,0.4,5
"Jack Wingerd",2018,1.26,0.67,0.88,0,6
"Jackson Blevins",2018,1.77,0.57,0.51,0.5,4
"Jackson Cummins",2018,0.14,0.17,0.24,0,2
"Jackson Penr",2018,-0.17,0.33,0.29,0,4
"Jackson, Kri",2018,0.48,0.92,0.66,0.33,6
"Jacob Douglas",2018,-0.21,0.33,0.11,0,1
"Jacob Fletcher",2018,-0.33,0.66,0.33,0,1
"Jacob Heller",2018,5.56,0.61,0.69,0.19,21
"Jacob Hom",2018,0.33,1,0.33,0.75,4
"Jacob Morgan",2018,-0.07,0.35,0.34,0,4
"Jacob Raeder",2018,-0.73,0.36,0.12,0,3
"Jacob Rajkovich",2018,-0.21,0.33,0.11,0,1
"Jacob, Dylan",2018,0.31,0.64,0.7,0,5
"Jake Alonzo",2018,0.13,0.11,0.24,0,1
"Jake Barry",2018,-0.65,0.22,0.06,0,4
"Jake Defayette",2018,1.37,0.89,0.61,0.5,6
"Jake Dewey",2018,1,2.03,2.03,1,1
"Jake Mathison",2018,0.32,0.45,0.48,0,9
"Jake Ossell",2018,1.17,0.74,0.76,0.09,11
"Jake Robinson",2018,-1.74,0.62,0.19,0,4
"Jake Roddy",2018,-0.35,0.17,0,0,2
"Jake Ryan",2018,0.1,0.89,0.67,0.25,4
"Jake Schuber",2018,-0.32,0.66,0.43,0.2,10
"Jake Smith",2018,-0.04,0.75,0.49,0.25,4
"Jancsy",2018,4.26,0.71,0.57,0.5,12
"Jansen",2018,-0.34,0.34,0,0,1
"Jared Abelson",2018,-1.43,0.62,0.26,0,4
"Jared Swanson",2018,-9.37,0.64,0.43,0.12,103
"Jason Hoida",2018,-0.33,0.66,0.33,0,1
"Jason Malkowski",2018,-0.33,0.66,0.33,0,1
"Jason Sroufe",2018,0.22,0.22,0.27,0,4
"Jeary, Trent",2018,2.98,0.79,0.79,0.43,7
"Jeff Besozzi",2018,-1.01,1.03,0.86,0,6
"Jenkins",2018,3.19,0.56,1,0.2,5
"Jensen",2018,0.47,0.66,1.12,0,1
"Jeron Terres",2018,1.04,1.04,0.88,0.33,6
"Jesse Levy-Rubinett",2018,-0.98,0.33,0,0,3
"Jesse Spangler",2018,1.76,0.52,0.5,0.15,13
"Jimmy Dolan",2018,0.32,0.52,0.6,0,4
"Joe Addvensky",2018,-0.54,0.49,0.22,0,2
"Joe Ambrosino",2018,2.92,1.09,1.28,0.4,5
"Joe Burnley",2018,-1.07,0.43,0.07,0,3
"Joe Goedde",2018,0.08,0.28,0.3,0,4
"Joe McKibben",2018,4.47,0.73,0.66,0.12,74
"Joe Ziwicki",2018,0.02,0.52,0.2,0.33,3
"Joel Silva",2018,-0.35,0.49,0.44,0,8
"John Leach",2018,1.6,0.67,0.53,0.3,10
"John Rugen",2018,-0.33,0.66,0.33,0,1
"John Serruto",2018,-0.33,0.22,0.12,0,3
"John Tedesco",2018,-0.88,0.81,0.59,0,4
"John Thomas",2018,1.45,0.84,1.13,0,5
"John-Michael Osley",2018,0.14,0.36,0.41,0,3
"Johnny Radomskly",2018,0.86,0.8,0.69,0.18,11
"JoJo McNair",2018,4.35,0.66,0.54,0.16,120
"Jon Capra",2018,-0.66,0.36,0.15,0,3
"Jonah Martin",2018,-0.64,0.33,0.11,0,3
"Jonathan Hoe",2018,-2.1,0.58,0.16,0,5
"Jonathan Shelabarger",2018,-1.27,0.54,0.29,0,5
"Jones",2018,-0.7,0.5,0.4,0,7
"Jonny Corning",2018,-0.08,0.66,0.47,0.18,11
"Jordan DeDonato",2018,-1.74,1.02,0.47,0.2,5
"Jordan Pallazola",2018,-1.19,0.79,0.25,0.25,4
"Joseph Baumann",2018,1.89,0.66,0.58,0.16,25
"Joseph Moran",2018,-1.42,0.57,0.22,0,4
"Joseph Veit",2018,-0.64,0.64,0,0,1
"Josh Herlands",2018,-0.31,0.61,0.45,0.12,8
"Josh Pawlowski",2018,-0.83,0.83,0.68,0.12,25
"Josh Tabor",2018,-1.3,0.51,0.08,0,3
"Juan Robles II",2018,0.47,0.66,1.12,0,1
"Judkins",2018,1.13,0.7,1.07,0,3
"Junior Gomez",2018,1.42,0.51,0.61,0.25,4
"Justin Jensen",2018,-0.72,0.7,0.53,0.14,28
"Justin Jenson",2018,12.46,0.8,0.76,0.18,87
"Justin Weinberg",2018,-0.34,0.61,0.57,0,8
"K. Bonicki",2018,-0.87,0.55,0.25,0,3
"K. Herko",2018,-0.98,0.44,0.11,0,3
"K. HYLAS",2018,2.76,0.69,0.98,0.17,6
"K. Missry",2018,-0.34,0.34,0,0,1
"K. O'Malley",2018,1.24,0.48,0.38,0.25,8
"K. Shaw",2018,-0.56,0.7,0.18,0.33,3
"K. Shutter",2018,-1.18,0.39,0.22,0,7
"Kahal",2018,-0.1,0.66,0.43,0.23,13
"Kameron Brice",2018,-0.63,0.87,0.24,0,1
"Kannegieter",2018,-0.26,1.31,1.18,0,2
"Kasberg",2018,0.69,0.47,0.43,0.12,8
"Keaton King",2018,-1.96,0.64,0.49,0.05,19
"Keen, Ryan",2018,2.54,0.9,0.78,0.75,4
"Kellar",2018,-1.97,0.81,0.48,0.11,9
"Kellen Mitchell",2018,-2.08,0.69,0.56,0.12,149
"Kelly",2018,-0.73,0.57,0.42,0.08,12
"Kelly, James",2018,1.19,0.95,0.98,0.14,7
"Kenny Freid",2018,-0.21,0.33,0.11,0,1
"Keohane",2018,-0.17,0.72,0.69,0,5
"Kevin O'Malley",2018,0.78,0.8,0.66,0.22,9
"Kevin Walek",2018,1.13,0.62,0.47,0.33,6
"Kledzik",2018,3.94,0.87,1.06,0.6,5
"Kleiboeker, Andrew",2018,-0.08,0.86,0.5,0.33,3
"Klinehoffer",2018,3.57,0.69,0.65,0.36,11
"Knell",2018,-0.79,0.31,0.11,0,4
"Kobi Candaroma",2018,0.12,0.86,0.68,0.2,5
"Kolton Arnold",2018,-9.69,0.72,0.49,0.12,92
"Kresnik, Mitchell",2018,-0.87,0.83,0.46,0.2,5
"Kress Medina",2018,-1.32,0.44,0.17,0,5
"Kyle Dembrowski",2018,-1.25,1.32,0.7,0,2
"Kyle Lippert",2018,-0.24,0.24,0,0,1
"Kyle Missry",2018,-1.17,2.59,0.42,1,1
"Kyle O'Connor",2018,-2.74,0.77,0.43,0,8
"Kyle Pileski",2018,-0.74,0.66,0.54,0,6
"Kyle Schnobrich",2018,-0.91,0.59,0.29,0,3
"Kyle Wood",2018,-0.85,1.35,0.92,0,2
"Kyler Jeter",2018,-0.62,0.69,0.48,0,3
"L. Bowman",2018,0.1,0.85,0.62,0.25,4
"L. Johnson",2018,-0.81,0.57,0.16,0,2
"L. OLSSON",2018,-0.75,0.7,0.52,0,4
"L.Edwards-G.",2018,-0.74,1.92,1.18,0,1
"LaCava",2018,-1.42,1.21,0.4,0.33,3
"LaMantia",2018,-0.52,0.41,0.28,0,4
"LaMantia, Johnny",2018,-1.82,0.78,0.6,0,10
"Lamb",2018,3.82,0.65,0.54,0.45,11
"Larsen",2018,1.58,0.72,0.62,0.21,14
"Larsen, Bryan",2018,-1.85,0.74,0.27,0.17,6
"Lawrence Hamilton",2018,0.07,0.81,0.83,0,3
"Lawson",2018,0.04,0.44,0.45,0,3
"Lett",2018,1.08,0.33,0.55,0,5
"Levi Knott",2018,-0.68,0.57,0.29,0.17,6
"Levinson",2018,-0.33,0.66,0.33,0,1
"Lewis",2018,-0.15,0.57,0.34,0.2,5
"Liston",2018,-0.99,1.08,0.88,0,5
"Little, Talo",2018,-0.48,0.71,0.59,0,4
"Lo, Justin",2018,-0.32,1.03,0.95,0,4
"Logan Adam",2018,-0.54,0.65,0.54,0,5
"Logan Dent",2018,-0.48,0.48,0,0,1
"Logan Sella",2018,-1.09,0.72,0.5,0,5
"Logan Wheeler",2018,-0.17,0.61,0.57,0,4
"Logsdo,Wyatt",2018,-0.66,0.66,0.33,0,2
"Lopez, Josh",2018,0.44,0.5,0.39,0.2,5
"Low",2018,0.79,1.06,0.88,0.29,7
"Lucas Farren",2018,-1.53,0.58,0.43,0.06,17
"Lucas Reynolds",2018,-0.12,0.65,0.61,0,3
"Luft,Nathan",2018,-0.77,0.3,0.11,0,4
"Luke Covey",2018,-0.1,0.4,0.37,0,3
"Luke Dahl",2018,-0.63,0.43,0.22,0.12,8
"Luke Dowdy",2018,0.24,0.83,0.91,0,3
"Luke Fennelly",2018,-5.48,0.61,0.46,0.11,151
"Luke Smailes",2018,-0.43,0.88,0.79,0,5
"Lyle",2018,1.21,0.69,0.51,0.3,10
"Lyle, Brian",2018,-0.57,0.85,0.77,0,7
"M. Carroll",2018,-0.6,1.08,0.88,0,3
"M. Fusco",2018,-0.7,1.18,0.48,0,1
"M. Slattery",2018,0.66,1.92,2.59,0,1
"M. Stone",2018,-0.91,1.22,0.83,0.2,5
"M.Flippinger",2018,0.15,0.57,0.6,0,5
"Ma. Donnelly",2018,-0.11,0.11,0,0,1
"Mac Daniel singleton",2018,1.99,0.61,0.76,0.14,7
"Maclain Neal",2018,-0.45,0.28,0.06,0,2
"MacMillan",2018,-0.74,1.09,0.91,0,4
"Madden Ward",2018,0.13,0.11,0.24,0,1
"Mammen,Brett",2018,0.33,1.12,1.18,0,5
"Manski, Ben",2018,-1.36,0.69,0.35,0,4
"Marcelo Tanon",2018,-1.37,0.69,0.52,0,8
"Marcus Warscher",2018,-0.77,0.47,0.22,0,3
"Mareks, J",2018,0.5,0.66,0.91,0,2
"Marinec, Rob",2018,-0.54,0.54,0.37,0.11,9
"Marsh",2018,0.76,0.81,0.75,0.25,4
"Martin, Matt",2018,-0.25,0.63,0.43,0.17,6
"Mason Hallada",2018,-0.26,1.31,1.18,0,2
"Massey",2018,-2.08,0.95,0.14,0.4,5
"Massey, Andrew",2018,2.68,0.73,0.68,0.43,7
"Massner",2018,-0.55,0.59,0.28,0.2,5
"Mateja, Michael",2018,1.33,0.76,0.79,0.1,10
"Mateo Shannon",2018,1.36,0.82,0.89,0.2,5
"Matt Berkner",2018,0.14,0.54,0.42,0.14,7
"Matt Boyde",2018,-1.87,0.92,0.3,0,3
"Matt Gruszkowski",2018,1,0.81,0.81,0.12,8
"Matt Howard",2018,3.17,0.45,0.62,0.29,7
"Matt Jeye",2018,0.83,0.54,0.41,0.22,9
"Matt Marquez",2018,-2.2,0.84,0.11,0,3
"Matt Riebesell",2018,-0.66,0.36,0.15,0,3
"Matt Stone",2018,0.13,0.11,0.24,0,1
"Matt Tossick",2018,-1.1,0.52,0.24,0,4
"Matthew Annee",2018,-0.45,0.65,0.54,0,4
"Matthew Brockett",2018,1.63,0.77,1,0,7
"Matthew Fitzgerald",2018,-0.41,0.77,0.42,0.25,4
"Matthew Leviton",2018,0.5,0.41,0.57,0,3
"Matthew Muller",2018,0.77,0.72,0.79,0,11
"Matthew Niebuhr",2018,1.27,0.71,0.92,0,6
"Matthew Schrader",2018,-4.17,0.61,0.47,0.06,49
"Max Christoff",2018,-0.32,0.74,0.53,0.18,11
"Max Jackson",2018,0.66,0.88,0.82,0.17,6
"Maxie",2018,-0.48,0.48,0,0,1
"Mazzone",2018,-0.23,0.44,0.36,0,3
"McCarty",2018,-0.62,0.58,0.45,0,5
"McCleary",2018,-1.04,1.19,0.93,0,4
"McCready",2018,0.05,0.66,0.52,0.14,7
"McDonnell",2018,1.09,0.41,0.43,0.17,6
"McElfish",2018,1.02,0.65,0.99,0,3
"McKibben",2018,-1.38,0.66,0.39,0,5
"McMillan",2018,-0.26,0.92,0.47,0.4,5
"McMullen",2018,1.94,1.11,0.77,0.67,6
"McNair",2018,2.03,0.97,1.07,0.09,11
"McReynolds",2018,2.1,0.81,0.82,0.33,6
"Meier",2018,-1.94,0.74,0.42,0,6
"Melville",2018,-0.74,0.54,0.16,0,2
"Mense, Auggie",2018,3.79,1.04,0.91,0.35,17
"Mercado",2018,-1.79,0.98,0.68,0,6
"Mercado, Jose",2018,1.58,0.49,0.61,0.2,5
"Meyer, Sean",2018,-1.58,0.43,0.21,0,7
"Michael",2018,0.4,0.71,0.81,0,4
"Michael Anthony",2018,1,0.94,0.94,1,1
"Michael Gruber",2018,0.35,0.87,0.75,0.2,5
"Michael Hoffman",2018,2.92,0.84,0.84,0.19,16
"Michael Larsen",2018,0.25,0.29,0.41,0,2
"Michael Puck",2018,-1.05,0.29,0.03,0,4
"Mike Garofalo",2018,0.11,0.43,0.44,0,7
"Mike Wong",2018,-1.17,0.75,0.52,0,5
"Milke",2018,-1.19,0.79,0.55,0,5
"Milo Sklar",2018,-0.68,0.33,0.11,0,3
"Mittiga",2018,1.31,0.78,0.64,0.4,5
"Mo. Donnelly",2018,0.64,0.92,0.65,0.4,5
"Moore",2018,0.17,0.68,0.72,0,5
"Morel",2018,0.81,0.74,0.35,0.67,3
"Musco",2018,-0.47,0.24,0,0,2
"Myers",2018,-0.77,0.6,0.47,0,6
"Mylo Hommes",2018,2.14,0.57,0.6,0.4,5
"N. Bosma",2018,-1.42,0.68,0.4,0,5
"N. Hunter",2018,-0.59,0.71,0.51,0.12,8
"N. Jordan",2018,-0.86,0.39,0.11,0,3
"N. LaBella",2018,2.36,0.8,0.74,0.27,11
"N. Lindberg",2018,4.38,0.65,0.87,0.18,11
"N. Martinez",2018,0.22,0.73,0.77,0,6
"N. McDaniel",2018,-0.16,0.86,0.66,0.17,6
"N. Palmer",2018,0.91,1.02,0.9,0.22,9
"N. Piller",2018,-0.8,0.4,0,0,2
"N. Vigeant",2018,0.5,0.66,0.91,0,2
"N. Zaroban",2018,0.03,0.72,0.52,0.2,5
"N.Vanderbeck",2018,1.29,1.01,0.8,0.38,8
"Nagel, Evan",2018,0.62,1.03,1.08,0,12
"Nardini, Tommy",2018,0.15,0.65,0.7,0,3
"Nasir Ricks",2018,2.16,0.77,0.6,0.2,66
"Nathan Levinson",2018,1.13,0.75,1.32,0,2
"Nathan White",2018,-1.09,1.09,0.54,0,2
"Nicholas Onomiya",2018,-1.08,0.87,0.69,0,6
"Nick Bonifant",2018,-0.44,0.38,0.16,0,2
"Nick Butcher",2018,1.11,0.64,0.91,0,4
"Nick Coppola",2018,-1.31,0.75,0.48,0,5
"Nick D'Alessandro",2018,-0.74,0.63,0.48,0,5
"Nick Guerrette",2018,-0.1,0.11,0.08,0,3
"Nick Henrichs",2018,-4.45,0.71,0.55,0.12,108
"Nick Kenny",2018,-0.33,0.66,0.33,0,1
"Nick LaCava",2018,0.51,0.8,0.72,0.17,6
"Nick Martinez",2018,0.39,0.92,1.01,0,4
"Nick McMullen",2018,-0.91,0.47,0.34,0,7
"Nick McNosky",2018,-0.3,0.64,0.34,0,1
"Nick Ricci",2018,-2.98,0.9,0.64,0.07,15
"Nick Robinson",2018,-0.78,1.16,0.97,0,4
"Nick Strysik",2018,-2.11,0.74,0.55,0.11,28
"Nick Whitten",2018,-2.04,0.57,0.06,0,4
"Niebuhr",2018,1.22,0.75,0.87,0.5,2
"Nitzschke, AJ",2018,-0.28,0.29,0.22,0,4
"Noah Cross",2018,-0.88,0.59,0.37,0,4
"Noah Dostal",2018,1.1,1.08,1.11,0.33,3
"Noah Normyle",2018,0.05,0.49,0.51,0,4
"Noah Sacco",2018,10.09,0.68,0.63,0.11,169
"Noah Salasky",2018,-0.86,0.37,0.2,0,5
"Nolan Lavender",2018,-0.27,0.5,0.44,0,5
"Nolan Newcomb",2018,-0.98,0.64,0.24,0.2,5
"Nordlund, Matt",2018,-0.87,0.55,0.25,0,3
"Nunemaker",2018,0.19,0.46,0.49,0,7
"O'Neil",2018,-0.73,0.75,0.31,0.25,4
"Ostrander, John",2018,4.8,0.85,0.84,0.33,15
"Outlaw, Eric",2018,-1.42,0.75,0.44,0.18,11
"Owen Oreskovich",2018,-1.49,0.53,0.16,0,4
"P. Murray",2018,-0.56,0.56,0,0,1
"P. Sanders",2018,1.05,0.74,0.85,0,9
"Padilla",2018,-0.77,0.44,0.06,0,2
"Panich",2018,0.14,0.34,0.48,0,1
"Pappas, Michael",2018,-0.11,0.55,0.41,0.12,8
"Parker Mulle",2018,0.68,0.56,0.24,1,1
"Parker Ridge",2018,-1.71,0.76,0.6,0.14,98
"Parks",2018,1.14,0.84,0.77,0.15,13
"Parks, Josh",2018,-0.26,0.46,0.41,0,6
"Patrick Diemer",2018,-1.26,0.64,0.38,0.2,20
"Patrick McElfish",2018,1.96,0.47,0.62,0.17,6
"Paul Prale",2018,0.32,0.87,1.18,0,1
"Pearce",2018,-0.41,0.85,0.75,0,4
"Penman",2018,-2.27,0.63,0.17,0,5
"Pettigrew",2018,-0.82,0.48,0.32,0,5
"Pettinato",2018,0.88,0.44,0.66,0,4
"Peyton Griesert",2018,2.15,1.18,1.21,0.4,5
"Peyton Jack",2018,-0.33,0.66,0.33,0,1
"Piscitelli",2018,-0.95,0.54,0.22,0,3
"Plank",2018,-0.93,0.35,0.04,0,3
"Plecki, Mike",2018,-0.19,0.66,0.59,0,3
"Polemeni-Heg",2018,-0.54,0.49,0.22,0,2
"Pollard",2018,-1.28,0.67,0.41,0,5
"Prale",2018,-0.2,0.38,0.28,0,2
"Purviance, Davis",2018,1.35,0.85,0.69,0.3,10
"Q. McNitt",2018,1.01,0.5,0.7,0,5
"Quade, Jeremy",2018,0.56,0.64,0.7,0,10
"Quirk",2018,2.3,1.23,0.95,0.67,6
"R. ENOS",2018,-0.13,0.52,0.49,0,4
"R. Garrett",2018,0.7,0.35,0.53,0,4
"R. Moriarty",2018,-2.57,0.78,0.63,0,17
"R. Murray",2018,3.26,0.86,1.02,0.25,8
"R. Palermo",2018,0.25,0.29,0.37,0,3
"R. Rothwell",2018,1.39,0.59,0.5,0.29,7
"R. Sarro",2018,-0.21,0.33,0.11,0,1
"Rabideau",2018,-0.81,0.47,0.3,0,5
"Radfo,Hayden",2018,-0.33,0.22,0.06,0,2
"Ralls",2018,0.9,0.65,0.54,0.2,10
"Ramirez",2018,1.6,0.69,0.61,0.4,5
"Randick",2018,-1.03,1.33,0.65,0.33,3
"Ranieri, Dan",2018,0.42,0.83,0.94,0,4
"Raucci",2018,-0.08,0.22,0.2,0,3
"Ray Rude",2018,0.45,0.48,0.94,0,1
"Rebik",2018,0.54,0.53,0.66,0,4
"Reich",2018,-0.33,0.66,0.33,0,1
"Reid Bonner",2018,0,0.47,0.47,0,5
"Renger",2018,-0.5,0.57,0.44,0,4
"Renou,Justin",2018,-1.39,0.86,0.58,0,5
"Rian Arreazola",2018,-0.11,0.33,0.29,0,3
"Richard Drum",2018,-0.51,0.65,0.15,0.33,3
"Rickels",2018,-0.24,0.3,0.22,0,3
"Ricky Collings",2018,1.08,0.48,0.56,1,1
"Ridge",2018,-2.21,0.6,0.32,0,8
"Riley Bennett",2018,-0.53,0.78,0.64,0,4
"Riley LeGrand",2018,2.55,0.78,0.61,0.24,38
"Riley Ward",2018,0.09,0.58,0.53,0.06,53
"Rillamas, J",2018,0.41,0.91,0.77,0.25,4
"Rivera",2018,0.58,0.33,0.12,0.5,2
"RJ Warnock",2018,-0.78,0.41,0.15,0,3
"Robbie Dombrowski",2018,-1.78,0.87,0.42,0,4
"Robert Cappadona",2018,-0.42,0.36,0.22,0,3
"Roberts",2018,-1.13,0.45,0.16,0,4
"Roberts, Coleman",2018,0.08,0.46,0.47,0,5
"Rock Cates",2018,0.54,0.64,1.18,0,1
"Rodriguez",2018,-0.29,0.49,0.42,0,4
"Ross Beumer",2018,-1.31,0.71,0.54,0,8
"Rosson, Zach",2018,-0.17,0.33,0.29,0,4
"Rourke Flynn",2018,0.55,0.35,0.2,0.33,3
"Rudzinski",2018,0.45,0.48,0.94,0,1
"Ryan Bouwman",2018,-0.5,0.71,0.54,0.16,149
"Ryan Earle",2018,0.68,0.6,0.45,0.22,9
"Ryan Gorman",2018,-0.24,0.24,0,0,1
"Ryan Lust",2018,-0.73,0.77,0.58,0,4
"Ryan Palmer",2018,1,0.96,0.96,0.2,5
"Ryan Ruthrauff",2018,-0.67,0.5,0.16,0,2
"Ryan Torbenson",2018,-0.67,1.09,0.92,0,4
"Ryan Tropeano",2018,-2.03,0.73,0.47,0,8
"Ryley McGregor",2018,-5.23,0.7,0.56,0.07,74
"S. Devine",2018,-2.13,0.63,0.28,0,6
"S. Galanek",2018,0.16,0.79,0.82,0,5
"S. Gonzalez",2018,-0.11,0.11,0,0,1
"S. Lawrence",2018,-1.31,0.41,0.08,0,4
"S. Mooney",2018,-0.6,0.9,0.7,0,3
"S. Pannuto",2018,-0.77,0.44,0.06,0,2
"S. Schaefer",2018,0.49,0.85,0.78,0.14,7
"S. Vigeant",2018,-1.04,0.87,0.53,0,3
"S.Vanderbeck",2018,2.33,0.61,0.46,0.36,11
"Sacco",2018,0.53,0.69,0.82,0,4
"Sage Sutter",2018,-0.45,0.51,0.46,0,8
"Sahargun",2018,0.8,1.12,1.92,0,1
"Sam Archer",2018,-1.02,0.56,0.41,0,7
"Sam Arnold",2018,-1.16,0.7,0.41,0,4
"Sam Brito",2018,-1.19,0.69,0.29,0,3
"Sam Cobbs",2018,1.16,0.49,0.28,0.5,4
"Sam Comer",2018,-0.96,0.65,0.33,0,3
"Sam Goldberg",2018,0.77,1.02,0.71,0.5,4
"Sam Hauer",2018,0.01,0.27,0.28,0,4
"Sam Huston",2018,0.63,0.65,0.77,0,5
"Sam Killian",2018,0.13,0.11,0.24,0,1
"Sam Pressman",2018,-0.7,0.73,0.38,0,2
"Sam Riola",2018,-0.48,0.48,0,0,1
"Sam Rosevear",2018,0.21,0.22,0.32,0,2
"Sam Schneider",2018,-1.44,0.35,0.07,0,5
"Sam Stuckmayer",2018,-0.28,1.04,0.79,0.2,5
"Sanchez",2018,5.87,0.74,0.82,0.45,11
"Sanderson",2018,-0.13,0.42,0.37,0,3
"Saracco, C",2018,0.42,0.65,0.75,0,4
"Sarkon",2018,2.12,0.71,0.63,0.27,11
"Satchel Daleo",2018,-0.33,0.66,0.33,0,1
"Sawyer Olson",2018,2.73,1.07,1,0.75,4
"Scha,Brendan",2018,0.19,0.68,0.72,0,4
"Schauer, Aaron",2018,-1.16,0.8,0.37,0.2,5
"Schlade",2018,0.85,0.59,0.73,0,6
"Schutter, Brian",2018,1.79,0.73,0.52,0.33,15
"Sciarretta, Sachael",2018,-0.87,0.36,0.14,0,4
"Scott Meier",2018,0.12,0.7,0.63,0.07,156
"Scott, Peter",2018,-1.24,0.82,0.41,0,3
"Scrimpsher",2018,2.03,0.64,0.64,0.33,6
"Seamus Mitchell",2018,-0.33,0.76,0.65,0,3
"Sean Ferraro",2018,-0.01,0.25,0.25,0,3
"Sean Grant",2018,1.45,0.33,0.82,0,3
"Sean Loughney",2018,-0.48,0.48,0,0,1
"Sean Tully",2018,-0.21,0.33,0.11,0,1
"Sefcik, Zach",2018,-0.41,0.64,0.24,0,1
"Seth Bayliss",2018,1.03,0.55,0.56,0.33,3
"Seth Betts",2018,-0.94,0.56,0.43,0,7
"Shawn O'Connell",2018,-0.77,0.47,0.22,0,3
"Shawn Rebello",2018,-0.97,0.47,0.15,0,3
"Shayne Devine",2018,1.26,0.9,0.96,0.25,4
"Shenefield",2018,0.62,0.18,0.39,0,3
"Sheppard",2018,1.83,0.94,0.93,0.17,12
"Sieczkowski",2018,-1.12,0.65,0.27,0,3
"Silva",2018,1.94,0.96,0.95,0.4,5
"Singer",2018,0.84,0.64,0.63,0.07,15
"Singer, Henry",2018,1.85,1.03,1.02,0.18,11
"Siqueira",2018,-0.26,1.12,0.87,0,1
"Sliva, Natha",2018,-1.95,1.31,0.58,0.25,4
"Slodzinski",2018,-0.11,1.45,0.34,1,1
"Slywka, Travis",2018,-1.28,0.6,0.37,0.1,10
"Smith, A",2018,0.17,1.02,0.81,0.25,4
"Smith, Nathan",2018,2.35,0.42,0.58,0.12,8
"Smith, Reed",2018,0.98,0.7,0.81,0,9
"Sottile, Anthony",2018,1.9,0.44,0.43,0.25,8
"Spence,Craig",2018,-0.21,0.33,0.11,0,1
"Spencer Lawniczak",2018,0.31,0.61,0.68,0,4
"Staker",2018,-0.68,0.33,0.11,0,3
"Starkey",2018,1.97,0.88,0.71,0.33,12
"Steen",2018,-0.21,0.4,0.36,0,5
"Stekl, Christian",2018,-0.35,0.47,0.4,0,5
"Stephen Albertson",2018,-0.3,0.68,0.25,0.33,3
"Stephen DeBellis",2018,-0.52,0.62,0.37,0.17,6
"Stephen Koester",2018,-0.66,0.36,0.15,0,3
"Steven Gallagher",2018,0.98,0.57,0.31,0.38,8
"Stevie Sieczkowski",2018,-0.21,0.33,0.11,0,1
"Storer",2018,0.13,0.11,0.24,0,1
"Strohm",2018,0.62,0.24,0.15,0.25,4
"Sutherland, Matt",2018,0.89,0.65,0.64,0.12,8
"Sutter",2018,1.25,0.9,0.98,0.33,3
"Swords",2018,-1.7,0.43,0.09,0,5
"Szeszol, Michael",2018,-0.67,0.71,0.58,0,5
"T. Downing",2018,0.23,0.25,0.33,0,3
"T. Hannah",2018,-1.09,0.6,0.44,0,7
"T. Powell",2018,-0.11,0.11,0,0,1
"T. Theuerlin",2018,0.54,1.49,2.03,0,1
"Tanner Fulkerson",2018,-0.3,0.54,0.5,0,8
"Tanner Yard",2018,2.43,0.41,0.48,0.33,6
"Tanon",2018,-0.17,0.69,0.65,0,4
"Tatoian, Dave",2018,0.46,0.55,0.7,0,3
"Taylor",2018,-1.58,0.96,0.57,0,4
"Tellier",2018,1.6,0.64,0.76,0.2,5
"Temaner",2018,1.07,0.75,0.87,0,9
"Testa",2018,0.28,0.47,0.54,0,4
"Theiler, And",2018,0.17,0.52,0.39,0.17,6
"Thomas Meland",2018,1.05,0.81,0.56,0.38,8
"Thomas Parker",2018,0.43,1.08,0.68,0.5,4
"Thomas Rivet",2018,-1.57,0.49,0.37,0,13
"Thyssen, Nathan",2018,0.66,0.59,0.53,0.17,6
"Tim Catalano",2018,-0.21,0.33,0.11,0,1
"Tim Pasiuk",2018,-0.63,0.86,0.7,0,4
"Tim Quinlan",2018,1.5,0.76,0.63,0.5,4
"Tito Berdecia",2018,-0.33,0.66,0.33,0,1
"TJ Deardorff",2018,-0.83,0.76,0.5,0.2,15
"TJ Johnson",2018,-2.05,0.58,0.49,0.06,80
"TJ Rogers",2018,-1.08,0.61,0.5,0,10
"Tom Carrigan",2018,0.05,0.83,0.59,0.25,4
"Tosado, M",2018,-3.21,1,0.2,0,4
"Travis McDonald",2018,-0.92,0.61,0.5,0,9
"Truong",2018,1.44,2.59,2.03,2,1
"Tsal",2018,0.47,0.66,1.12,0,1
"Tyler Banovich",2018,-0.42,0.54,0.46,0,5
"Tyler Brick",2018,-0.45,0.87,0.42,0,1
"Tyler Evans",2018,-1.56,0.85,0.54,0,5
"Tyler Grimes",2018,0.1,0.3,0.32,0,4
"Tyler Smith",2018,0.38,0.82,0.61,0.33,3
"Tyler Stoltze",2018,-6.61,0.73,0.51,0.13,75
"Tyler Vanderham",2018,-0.22,1.45,0.24,1,1
"Tyrell",2018,0.61,0.58,0.7,0,5
"Tyrell, Keegan",2018,-0.1,0.75,0.73,0,7
"Tyrone Patterson",2018,1.39,1.08,0.99,0.29,7
"Uland",2018,-0.11,0.11,0,0,1
"Ulfig",2018,0.24,0.88,0.7,0.2,10
"Van Volkenbu",2018,-1.22,1.05,0.44,0,2
"Vargas",2018,-0.74,0.98,0.8,0,4
"Vartanian",2018,1.35,0.63,0.47,0.5,4
"Vasquez",2018,0.24,0.57,0.63,0,4
"Ventrelle",2018,1.82,0.84,0.73,0.27,11
"Ventres",2018,-0.11,0.11,0,0,1
"W. Heurtin",2018,-0.54,0.25,0.07,0,3
"W. Hunt",2018,-0.12,0.81,0.77,0,3
"Walker, Jordan",2018,1.28,0.73,0.6,0.23,13
"Walsh",2018,-1.8,0.72,0.27,0,4
"Washburn, Kyle",2018,0.33,0.84,0.71,0.2,5
"Waugh, K",2018,-0.33,0.22,0.06,0,2
"Webb",2018,-0.69,0.58,0.44,0,5
"Weilbacher, Colin",2018,-0.67,0.77,0.5,0.2,10
"Weston Hawkins",2018,-0.61,0.39,0.24,0,4
"Wetekind, Jett",2018,1.44,0.89,0.93,0.1,10
"Wetrich",2018,-1.93,0.99,0.6,0,5
"Wichman",2018,-0.29,0.53,0.51,0,12
"Wick",2018,0.18,1.13,1.16,0,6
"Wick, Mike",2018,0.46,0.55,0.7,0,3
"Will Tsal",2018,-0.33,0.66,0.33,0,1
"Wilson",2018,-0.38,0.6,0.56,0,10
"Wisz, Mike",2018,1.87,0.71,0.94,0,8
"Wolff",2018,-1.06,0.68,0.47,0.1,10
"Womba,Austin",2018,0.52,0.38,0.51,0,4
"Wood, Blaine",2018,1.37,0.55,0.64,0.25,4
"Wright, Shaughn",2018,0.68,0.54,0.44,0.33,3
"Wyatt Stute",2018,1.11,0.79,0.8,0.09,11
"Wyatt Ulrich",2018,-0.44,0.69,0.45,0.17,6
"Yanez, Eduar",2018,-0.25,0.69,0.65,0,6
"Yu, Chandler",2018,-0.94,0.94,0,0,1
"Z. Kelley",2018,-0.34,0.33,0.22,0,3
"Z. Lange",2018,-1.61,0.58,0.18,0,4
"Z. Liebenson",2018,0.89,0.7,0.67,0.25,4
"Z. Stone",2018,-1.66,0.68,0.51,0,10
"Z. WHELAN",2018,1.5,0.58,0.7,0.25,4
"Zach Gottfredsen",2018,-0.59,0.89,0.6,0,2
"Zach Langton",2018,1.27,0.82,0.85,0.14,7
"Zach McCoy",2018,2.84,0.82,0.72,0.13,82
"Zach Raeder",2018,-0.33,0.82,0.37,0.33,3
"Zach Remund",2018,-0.24,0.68,0.56,0,2
"Zach Schulte",2018,1.91,0.69,0.69,0.12,16
"Zach Stone",2018,4.15,0.69,0.7,0.36,11
"Zachary Schellenger",2018,-0.77,0.58,0.14,0.25,4
"Zack Barlok",2018,-0.24,0.24,0,0,1
"Zack Smith",2018,2.26,0.76,1.01,0.2,5
"Zane Hunt",2018,-1.06,0.88,0.45,0.29,7
"Zawadzki",2018,0.84,1.04,1.01,0.17,6
"Zincone",2018,-0.21,0.33,0.11,0,1
