Player,teamID,IP,K%,BB%,BABIP,ERA,FIP,year
Tim Cundiff,LOR,50,17.86,3.57,.331,2.16,0.33,2002
Chris Goerdt,WAR,73.1,22.39,14.18,.371,2.58,4.34,2002
Jim Barclay,CEN,64.2,17.84,7.47,.339,2.78,3.67,2002
Nick Boeset,COR,60,32.11,9.17,.419,3,2.29,2002
Aaron O'Neill,UIU,54,18.14,8.37,.331,3.17,3.24,2002
Ryan Conway,LUT,44.1,7.91,6.78,.303,3.65,2.96,2002
Scott Brown,SIM,40.2,17.18,12.27,.355,3.98,4.79,2002
Patrick Smith,WAR,72.2,24.11,14.18,.438,4.21,4.22,2002
Wade Whitcher,UIU,68.1,15.25,3.19,.359,4.21,2.17,2002
Brandon LaPage,DBQ,50.2,23.27,11.88,.443,4.44,3.28,2002
JD Hews,SIM,54,20.77,11.11,.368,4.5,3.23,2002
Nathan Kleve,BVU,54.1,18.02,8.11,.371,4.8,2.66,2002
Jason Kuffel,LOR,45.2,17.32,10.06,.413,4.93,4.03,2002
Jason Roggentien,UIU,43,13.75,18.75,.352,5.02,4.63,2002
Ash Larsen,WAR,44.1,13.69,8.93,.345,5.08,4.61,2002
Dan Christiansen,BVU,63.2,31.82,24.38,.548,5.09,7.53,2002
Mike Donnenwerth,SIM,40.1,18.02,9.88,.417,5.13,3.15,2002
Travis Kisner,COE,43.2,10.06,9.50,.370,5.15,4.81,2002
Josh Jevne,LUT,46.1,6.74,8.29,.362,5.24,4.25,2002
Tom Hauck,COE,44,15.38,7.14,.363,5.32,3.45,2002
Caleb Klein,WAR,55.1,21.61,25.13,.527,5.53,7.51,2002
Mike Wieseler,COE,52.1,7.11,4.74,.344,5.68,2.56,2002
John Jaeger,LUT,34.2,16.00,3.33,.402,6.23,2.22,2002
Nick Poch,CEN,54,13.16,7.46,.430,6.33,3.28,2002
Matt Loptien,COR,38.2,29.33,33.33,.733,6.75,11.35,2002
Kevin Corkery,LOR,51.1,8.96,7.08,.435,7.01,3.63,2002
Eric Hoffmann,BVU,57,13.58,13.58,.420,7.26,6.70,2002
Mitch Bockenstedt,COE,46.1,18.18,11.62,.481,7.38,5.74,2002
Ryan Bishop,CEN,42.1,16.96,14.62,.472,7.44,5.46,2002
Chris Pauley,DBQ,40.1,17.82,16.09,.574,8.7,7.79,2002
Aaron Lund,LUT,34.1,13.10,11.72,.530,9.44,7.12,2002
Dan Nuehring,BVU,3,20.00,20.00,.333,0,3.37,2002
Epitacio Maciel,UIU,2,33.33,0.00,.000,0,-1.37,2002
Nathan Eichmeyer,COR,2,14.29,28.57,.250,0,5.74,2002
Mike McMahon,LOR,2,12.50,0.00,.286,0,-0.69,2002
Paul Buchheit,BVU,1.2,20.00,0.00,.000,0,-1.14,2002
Dustin Boerm,COE,1,66.67,33.33,.000,0,3.69,2002
Steve Domino,WAR,1,0.00,25.00,.000,0,6.43,2002
Dan Rieck,SIM,1,25.00,0.00,.667,0,-1.37,2002
Chris Robertson,WAR,1,0.00,33.33,1.000,0,12.86,2002
Jay Bollman,WAR,1,0.00,0.00,.250,0,0.00,2002
Austin Lapierre,BVU,0.2,0.00,0.00,.000,0,0.00,2002
Tom Andrews,LOR,0.1,33.33,0.00,1.000,0,-13.71,2002
Ryan Jensen,UIU,0.1,0.00,0.00,1.000,0,0.00,2002
Eric Johnson,WAR,0.1,100.00,0.00,.000,0,-13.71,2002
Kyle Bassett,COE,6.2,12.00,8.00,.450,1.35,1.41,2002
Chad Osler,COE,5.1,19.05,9.52,.400,1.69,1.45,2002
Nate Iverson,COE,10,20.45,20.45,.480,1.8,5.19,2002
Nick Nissen,COE,5,20.00,10.00,.462,1.8,2.76,2002
Tom Prock,LOR,4.2,16.67,11.11,.385,1.93,2.08,2002
Eric Melander,COR,22.2,21.43,13.10,.373,2.78,4.00,2002
Jay Lawrence,COR,9.2,16.22,8.11,.286,2.79,1.20,2002
Ben Ramsay,SIM,9.1,31.25,25.00,.538,2.89,6.72,2002
Kent Patterson,CEN,6,8.33,4.17,.150,3,4.51,2002
Adam Busch,DBQ,17,26.09,11.59,.421,3.71,4.46,2002
Joe Balvanz,SIM,7,11.54,15.38,.467,3.86,9.18,2002
Mike Kelley,DBQ,11.1,6.82,6.82,.286,3.97,7.69,2002
David Fischer,LOR,24.1,8.42,10.53,.338,4.07,4.52,2002
Aaron Nielsen,COE,27.1,18.64,17.80,.529,4.61,5.68,2002
Corey Schultz,LOR,28,32.11,8.26,.456,4.82,3.40,2002
Jon Osborn,UIU,22,23.66,16.13,.440,4.91,7.08,2002
Adam Rozenboom,CEN,24.2,7.34,8.26,.352,5.11,4.40,2002
Blake Shepherd,SIM,1.2,12.50,0.00,.429,5.4,-1.14,2002
Andrew Buck,COR,14.2,22.58,9.68,.447,5.52,5.57,2002
Nipsey Massey,UIU,27.2,20.95,17.14,.414,5.53,6.67,2002
Bobby Glaser,UIU,29,18.42,12.28,.417,5.59,5.42,2002
Mike Kastner,COE,38.1,8.55,14.47,.320,5.87,8.72,2002
Brad Paulsrud,LUT,16.2,10.29,11.76,.385,5.94,2.98,2002
Erich Minton,CEN,19.2,18.52,18.52,.395,5.95,10.16,2002
Joe Lubach,CEN,3,0.00,8.33,.273,6,2.14,2002
Alex Howe,DBQ,25.1,15.09,14.15,.420,6.04,6.53,2002
Justin Patnode,LUT,13.1,15.87,7.94,.395,6.08,14.09,2002
Matt Ditch,COR,2.2,30.00,20.00,.400,6.75,3.97,2002
Travis Johnson,COE,1.1,16.67,16.67,1.000,6.75,10.44,2002
David Isaacson,SIM,17,25.37,16.42,.516,6.88,7.81,2002
Andy Schemmel,DBQ,13,14.04,1.75,.455,6.92,1.63,2002
Chris Davis,COR,11.2,13.33,10.00,.457,6.94,2.46,2002
Pete Bonifas,LOR,32.1,16.79,8.03,.402,6.96,4.54,2002
J.P. Newman,DBQ,27,11.11,11.11,.370,7,8.59,2002
Austin DeHoogh,CEN,9,11.11,25.00,.286,7,11.02,2002
Ryan Williams,COR,14.2,30.91,21.82,.583,7.36,7.09,2002
Justin Eichelberger,UIU,11,20.00,20.00,.538,7.36,4.72,2002
Lance Ploeger,BVU,29.2,9.38,7.03,.370,7.58,5.86,2002
Eric Van Wyngarden,CEN,16.1,31.25,9.38,.382,7.71,5.45,2002
Justin Flansburg,COR,26.2,12.15,10.28,.387,7.76,6.57,2002
Gary Hess,WAR,32.1,30.66,23.36,.800,7.79,8.75,2002
Wade Samo,SIM,25,28.00,26.00,.763,7.92,7.89,2002
Brandon Noerrlinger,SIM,17,17.95,6.41,.429,7.94,2.89,2002
Adam Hadenfeldt,COR,11,2.04,18.37,.432,8.18,7.85,2002
Andy Keding,CEN,18.2,17.50,10.00,.538,8.2,5.75,2002
Jeremiah Knutzen,BVU,18.1,15.00,18.75,.551,8.35,8.65,2002
Andrew Arthur,WAR,26.2,16.52,14.78,.500,8.44,4.07,2002
Kyle Lehman,SIM,12.1,0.00,8.62,.391,8.76,9.18,2002
Tyler Broders,COR,32.1,9.03,12.50,.415,8.91,7.09,2002
John Duffel,COE,3,25.00,50.00,-.500,9,16.23,2002
Matt Motsenblocke,WAR,2,10.00,10.00,.500,9,2.53,2002
Vince Klopfenstein,SIM,1,20.00,0.00,.750,9,-1.37,2002
Jon Fry,LUT,1,20.00,0.00,1.000,9,5.06,2002
Dru Williams,SIM,11.2,27.27,20.45,.619,10.03,6.36,2002
Alex Smith,LUT,15,14.29,11.43,.644,10.2,6.65,2002
Nick Ginapp,BVU,9.2,13.04,6.52,.455,10.24,9.53,2002
Josh Jansen,LUT,24.1,9.82,8.04,.443,10.36,5.66,2002
Josh Earley,UIU,5.2,3.70,14.81,.444,11.12,16.15,2002
Jared Pirkl,WAR,8,17.65,41.18,1.286,11.25,20.09,2002
Casey Ragar,CEN,6,34.62,23.08,.818,12,4.37,2002
Corey Parr,DBQ,3,21.43,0.00,.600,12,6.43,2002
Matt Eggers,LOR,10.1,20.00,22.22,.650,12.19,10.64,2002
Brent Delger,SIM,3.2,17.65,11.76,.556,12.27,8.76,2002
Joel Foreman,COR,4.1,21.74,13.04,.533,12.46,3.03,2002
Jesse Evans,UIU,16.1,16.46,7.59,.481,12.67,7.64,2002
Cody Tibbets,BVU,22.1,13.08,13.08,.507,12.9,8.79,2002
Eric Caspers,DBQ,24.1,6.73,14.42,.462,13.32,6.08,2002
Dave Hunerdosse,COE,3,12.50,6.25,.692,15,1.23,2002
Shawn Parker,SIM,15.2,17.11,15.79,.674,15.51,12.87,2002
Mike Fong,BVU,12,6.15,15.38,.682,17.25,10.06,2002
Eric Kaestner,WAR,1,0.00,33.33,1.000,18,12.86,2002
Greg Shepherd,CEN,5,4.00,16.00,.611,19.8,10.83,2002
Kris Hardy,DBQ,4.1,5.00,15.00,.643,20.77,15.78,2002
Jackson Hayek,UIU,1.2,28.57,14.29,.667,21.6,22.57,2002
Adam Rath,BVU,3.2,4.17,16.67,.632,22.09,7.61,2002
Nigel Millard,LUT,4,0.00,16.67,.667,22.5,9.64,2002
Emile Shaffer,UIU,0.1,0.00,0.00,.500,27,0.00,2002
Brandon Bray,SIM,0.1,50.00,0.00,1.000,27,-13.71,2002
Brandon Bowling,UIU,1.1,15.38,0.00,.667,40.5,40.04,2002
Jason Matusiak,COR,1,0.00,0.00,.800,45,6.43,2002
Jay Rieman,SIM,0,0.00,0.00,1.000,99,NA,2002
Adam Haight,WAR,2,33.33,16.67,.000,0,1.45,2003
Tim Griffith,DBQ,1,25.00,0.00,.500,0,3.97,2003
Neal Pruess,COE,1,0.00,66.67,.000,0,20.18,2003
Jeff Bruxvoort,WAR,1,25.00,0.00,.500,0,3.97,2003
Matt Heller,BVU,0,0.00,0.00,.000,0,NA,2003
AJ Simmons,SIM,9,21.21,6.06,.364,1,1.41,2003
Nick Kafka,BVU,5,15.00,10.00,.467,1.8,1.37,2003
Nick Ginapp,BVU,4.1,27.78,5.56,.400,2.08,5.63,2003
Chris Pauley,DBQ,28,22.22,6.48,.338,2.57,1.36,2003
Justin Shepard,DBQ,9.1,15.38,5.13,.345,2.89,2.97,2003
Brad Paulsrud,LUT,40,11.61,10.32,.357,2.92,2.29,2003
Cory Schultz,LOR,69.1,33.81,5.69,.443,2.99,0.95,2003
Ryan Stout,UIU,3,27.27,36.36,.333,3,7.33,2003
Patrick Smith,WAR,82.2,22.75,5.99,.395,3.05,2.13,2003
Austin DeHoogh,CEN,17.1,23.33,10.00,.382,3.12,3.44,2003
Scott Brown,SIM,48.1,14.07,9.05,.351,3.17,2.06,2003
Jason Hillman,BVU,23.2,13.27,11.22,.343,3.42,3.81,2003
Ryan Rosenberg,COR,63,26.89,12.61,.353,3.43,2.13,2003
Jason Kuffel,LOR,32,14.39,7.58,.340,3.66,1.83,2003
Ryan Moorman,WAR,73.2,22.73,13.29,.414,3.67,2.99,2003
Tim Cundiff,LOR,41.2,14.71,7.06,.333,3.67,2.64,2003
Justin Eichelberger,UIU,36.2,26.71,10.27,.386,3.68,3.29,2003
Wade Samo,SIM,26.1,22.92,11.46,.322,3.76,2.50,2003
Shawn Parker,SIM,54,16.00,6.22,.388,3.83,2.51,2003
Tom Prock,LOR,2.1,11.11,44.44,.750,3.86,9.10,2003
Jim Barclay,CEN,39.1,26.09,7.45,.431,3.89,2.06,2003
Justin Patnode,LUT,40.2,16.27,3.61,.398,3.98,1.32,2003
Mike Donnenwerth,SIM,52.2,16.13,5.99,.342,4.1,2.07,2003
Mike Wieseler,COE,45.2,15.79,4.21,.393,4.14,1.84,2003
Eric Johnson,WAR,4.1,5.00,15.00,.467,4.15,7.91,2003
Ben Ramsay,SIM,21.1,20.45,12.50,.407,4.22,3.54,2003
Mitch Bockenstedt,COE,40,29.19,11.80,.528,4.5,2.89,2003
Mike Droste,UIU,22,21.25,21.25,.463,4.5,5.42,2003
Adam Hadenfeldt,COR,6,4.17,12.50,.389,4.5,4.03,2003
Aaron Nielsen,COE,2,0.00,25.00,.200,4.5,7.57,2003
Steve James,COE,35.2,15.44,10.74,.429,4.54,3.06,2003
Travis Kisner,COE,33.1,11.43,4.29,.351,4.59,2.67,2003
Ben Furbish,LUT,9.2,17.95,15.38,.269,4.66,2.47,2003
Mike Kelley,DBQ,24,10.10,9.09,.427,4.88,2.49,2003
Tyler Archer,WAR,3.2,25.00,16.67,.571,4.91,2.14,2003
David Fischer,LOR,45.1,17.80,6.28,.376,4.96,1.86,2003
Andrew Buck,COR,47,16.58,7.54,.386,4.98,3.45,2003
JD Hews,SIM,43.1,24.40,6.55,.356,4.98,3.83,2003
Mike Soenen,BVU,21.2,26.04,8.33,.586,4.98,3.08,2003
Mickey Kinzenbaw,UIU,39.2,16.56,10.43,.400,4.99,2.64,2003
Chris Goerdt,WAR,73.2,15.36,8.19,.387,5.01,2.55,2003
Jon Osborn,UIU,34,22.67,12.00,.489,5.03,3.17,2003
Brent Wilson,COE,37.1,18.12,9.40,.427,5.06,4.19,2003
Jon Ludovissy,LOR,58.1,16.74,10.57,.357,5.09,3.22,2003
Tom Hauck,COE,41.2,20.93,7.56,.416,5.18,3.82,2003
Jason Roggentien,UIU,48.1,21.13,12.37,.463,5.21,2.78,2003
Andy Arthur,WAR,23.1,16.09,12.64,.426,5.4,1.97,2003
Ash Larsen,WAR,21.1,14.61,6.74,.397,5.48,1.88,2003
Jon Fry,LUT,27.2,16.36,20.91,.424,5.53,5.09,2003
Tim Kinney,DBQ,50.1,19.00,13.00,.406,5.54,3.41,2003
Adam Busch,DBQ,48.2,15.61,9.27,.378,5.55,3.56,2003
Grant Finley,WAR,17.2,13.33,10.67,.423,5.6,3.19,2003
Matt Loptien,COR,59.2,22.65,19.66,.468,5.73,4.79,2003
John Jaeger,LUT,47,20.98,4.39,.408,5.74,1.76,2003
Kent Patterson,CEN,42,12.37,10.75,.378,5.79,4.36,2003
Chris Green,UIU,55.2,15.38,4.05,.396,6.14,3.68,2003
Joshua Knoll,DBQ,59.2,14.29,10.92,.415,6.18,3.47,2003
Jeremiah Knutzen,BVU,31.2,8.66,15.75,.420,6.25,5.86,2003
Josh Jevne,LUT,50,8.26,8.26,.429,6.3,4.44,2003
Ryan Brock,BVU,50.2,16.51,12.26,.441,6.39,4.26,2003
Brandon Hunt,COE,7,18.18,21.21,.684,6.43,6.75,2003
Josh August,SIM,22.1,16.35,6.73,.453,6.45,3.72,2003
Mike Kastner,COE,11,7.55,3.77,.422,6.55,2.65,2003
Nathan Kleve,BVU,60.1,19.23,8.46,.441,6.71,3.20,2003
Caleb Klein,WAR,10.2,17.95,30.77,.500,6.75,9.79,2003
Nick DePenning,CEN,8,15.00,17.50,.455,6.75,11.76,2003
Corey Parr,DBQ,4,29.41,17.65,.571,6.75,8.29,2003
Jared Miller,SIM,1.1,20.00,40.00,.500,6.75,8.20,2003
Adam Rozenboom,CEN,18.1,14.67,17.33,.457,6.87,5.10,2003
Brandon Bowling,UIU,17.2,15.19,13.92,.423,7.13,4.42,2003
Gavin Mitchell,CEN,15,6.35,14.29,.426,7.2,4.64,2003
Ryan Page,DBQ,33.1,16.00,11.33,.438,7.29,3.63,2003
Terry Beavers,SIM,16,18.03,4.92,.415,7.31,3.76,2003
Charlie Colvin,WAR,7.1,19.35,25.81,.615,7.36,9.49,2003
Joe Poole,BVU,3.2,14.29,14.29,.333,7.36,8.22,2003
Nick Poch,CEN,24.1,13.21,7.55,.429,7.4,4.73,2003
Justin Kingrey,CEN,21.2,17.78,26.67,.568,7.48,8.21,2003
Eric Van Wyngarden,CEN,28.2,15.52,10.34,.397,7.53,4.31,2003
Justin Flansburg,COR,28.2,19.33,7.56,.500,7.53,3.76,2003
Steve Domino,WAR,14.1,18.75,15.63,.606,7.53,7.77,2003
Kevin Corkery,LOR,25,12.80,3.20,.490,7.56,0.32,2003
David Issacson,SIM,19,16.05,27.16,.610,7.58,7.84,2003
Dylan Hagen,COR,11.2,9.80,5.88,.400,7.71,3.41,2003
Ryan Williams,COR,27.2,18.49,15.13,.500,7.81,5.24,2003
Jesse Evans,UIU,16.1,2.67,1.33,.364,8.27,3.71,2003
Ryan Conway,LUT,30.2,12.59,4.90,.478,8.51,1.47,2003
Adam Rath,BVU,26,12.28,14.91,.475,8.65,3.81,2003
Tyler Broders,COR,29,13.22,19.01,.468,8.69,5.66,2003
Chris Larson,COE,9,17.50,17.50,.560,9,5.13,2003
Eric Melander,COR,5,11.54,3.85,.571,9,4.04,2003
Chad McDonald,WAR,3,11.11,16.67,.615,9,4.33,2003
Pete Bonifas,LOR,24,15.20,6.40,.473,9.38,4.52,2003
Cody Tibbetts,BVU,32,15.69,10.46,.500,9.84,6.26,2003
Brian Vaughan,COR,2.2,7.14,0.00,.400,10.12,18.50,2003
Casey Rager,CEN,6,17.39,30.43,.429,10.5,13.81,2003
Matt Rohach,CEN,19.2,20.25,21.52,.625,10.53,5.84,2003
Nate Eichmeyer,COR,7.1,17.14,22.86,.650,11.05,7.36,2003
Mike Poch,CEN,8.1,10.81,13.51,.478,11.88,5.70,2003
Mike Blavat,DBQ,10,13.04,19.57,.630,13.5,8.58,2003
Matt Motsenbocker,WAR,0.2,20.00,0.00,.500,13.5,-5.38,2003
Chris Carlton,BVU,11.2,8.96,4.48,.490,13.89,7.50,2003
Nick Reid,LUT,6.2,15.91,6.82,.636,14.85,4.19,2003
Andre Robles,DBQ,3.1,18.75,18.75,.667,16.2,5.47,2003
Michael Fong,BVU,7.2,2.38,21.43,.760,17.61,11.06,2003
Justin Burns,BVU,3,5.88,17.65,.600,18,18.61,2003
Matt Petersen,WAR,2,0.00,20.00,.500,18,5.05,2003
Chris Gaulin,LOR,1,25.00,0.00,.333,18,-1.08,2003
Dan Mang,UIU,1,12.50,12.50,.833,27,3.97,2003
Jared Pirkl,WAR,0.2,0.00,250.00,.000,27,126.14,2003
Mike Gordon,UIU,2,9.09,36.36,1.200,31.5,12.08,2003
Cass Stubbs,CEN,1,0.00,20.00,1.667,81,61.95,2003
Matt Mausser,LOR,0.1,0.00,16.67,.800,99,50.45,2003
Ben Gabriel,DBQ,0.1,50.00,150.00,-.333,99,191.06,2003
Nick Blomme,WAR,0,0.00,Inf,.000,99,Inf,2003
Jordan Stadheim,LUT,0,0.00,16.67,1.000,99,Inf,2003
Brock Auten,COE,4.2,33.33,27.78,.571,0,7.15,2005
Michael Blavat,DBQ,4,15.79,0.00,.438,0,-1.29,2005
Adam Busch,DBQ,2.1,12.50,0.00,.143,0,-0.82,2005
Brandon Arndt,BVU,1.1,16.67,0.00,.400,0,-1.57,2005
Aaron Meyer,LOR,1.1,12.50,25.00,.400,0,13.12,2005
Chris Borgman,CEN,1.1,28.57,14.29,.250,0,4.21,2005
Adam Hadenfeldt,COR,0.2,33.33,0.00,.500,0,-8.61,2005
Clint Henning,SIM,0.1,100.00,0.00,.000,0,-17.22,2005
Justin Shaffer,DBQ,0.1,0.00,0.00,.000,0,0.00,2005
Jeff Greenwald,COR,0.1,0.00,0.00,Inf,0,161.51,2005
Team,COR,0,0.00,0.00,.000,0,NA,2005
Justin VanBeek,BVU,5.1,4.35,21.74,.353,1.69,7.58,2005
Ryan Moorman,WAR,58.1,21.67,10.84,.236,1.85,4.24,2005
Casey Pauli,WAR,4.2,5.56,11.11,.267,1.93,3.44,2005
Aaron Saeugling,WAR,36,22.13,6.56,.263,2,2.07,2005
Matt Scherbring,WAR,103.1,16.62,7.24,.296,2.44,3.79,2005
Brett Mahan,CEN,42,23.72,12.18,.360,3,5.27,2005
Brad Joniec,COR,3,14.29,0.00,.333,3,-1.15,2005
Charlie Colvin,WAR,89.2,13.01,8.09,.347,3.01,4.61,2005
Kamron Koplitz,DBQ,49.1,15.96,5.85,.295,3.1,3.38,2005
Wade Samo,SIM,58,22.41,13.69,.451,3.1,6.50,2005
Matt Mausser,LOR,61.1,23.17,6.91,.381,3.23,2.23,2005
Terry Beavers,SIM,41,15.06,7.83,.417,3.29,4.59,2005
Marcos Tabares,DBQ,5,20.00,10.00,.500,3.6,1.85,2005
Jake Ritchey,SIM,26,19.47,14.16,.543,3.81,5.89,2005
Ryan Dunn,LOR,13.1,6.56,13.11,.458,4.05,5.02,2005
Brandon Hunt,COE,73,22.63,8.76,.397,4.07,4.78,2005
Justin Patnode,LUT,54.2,18.14,3.98,.367,4.12,3.49,2005
Alex Ross,LUT,4.1,33.33,0.00,.364,4.15,-0.55,2005
Andre Robles,DBQ,47.1,11.64,6.88,.377,4.18,4.15,2005
Joseph Hapanionek,DBQ,8.1,26.67,3.33,.316,4.32,1.29,2005
Chad Scieszinski,SIM,18.1,13.33,13.33,.453,4.42,5.58,2005
Nick Ginapp,BVU,46.2,9.50,7.82,.326,4.44,5.87,2005
Shawn Parker,SIM,78.1,19.87,6.09,.394,4.48,2.76,2005
Brad Paulsrud,LUT,62,15.89,7.75,.399,4.5,3.36,2005
Jeremiah Tacker,COE,41.2,15.38,8.88,.379,4.54,4.72,2005
Dan Christiansen,BVU,70,17.52,14.60,.369,4.63,8.56,2005
Austin DeHoogh,CEN,51.2,8.22,6.39,.328,4.7,5.26,2005
Bill Planton,LUT,20.2,10.23,9.09,.304,4.79,4.29,2005
Matt Motsenbocker,WAR,13,6.12,6.12,.390,4.85,4.35,2005
Tom Hauck,COE,25.2,15.89,10.28,.400,4.91,3.65,2005
Jon Doudna,CEN,3.2,5.88,17.65,.364,4.91,25.40,2005
Justin List,BVU,3.2,8.33,50.00,.500,4.91,28.84,2005
Jamey Rannals,DBQ,36,22.58,9.03,.366,5,7.93,2005
Brent Poffenbarger,LOR,63.2,12.10,9.25,.387,5.09,4.26,2005
Tyler Archer,WAR,44,13.33,10.00,.398,5.11,4.25,2005
Jeremy Rannals,DBQ,29.2,12.30,13.93,.384,5.16,7.11,2005
Mitch Bockenstedt,COE,73.2,24.34,4.93,.426,5.25,3.10,2005
Jim Bose,COR,49.2,9.90,11.98,.393,5.26,5.18,2005
Aaron Hadenfeldt,COR,15.1,13.11,21.31,.432,5.28,10.47,2005
John Jaeger,LUT,60.2,10.67,4.74,.341,5.34,3.41,2005
Ben Gander,CEN,10,4.55,4.55,.368,5.4,5.02,2005
Mike Quinn,COR,1.2,14.29,14.29,.667,5.4,18.75,2005
Mike Soenen,BVU,62.2,16.93,11.81,.371,5.6,5.89,2005
Jared Greenfield,CEN,44.2,6.88,9.52,.388,5.64,7.69,2005
Ryan Suttenfield,COR,19,11.84,11.84,.396,5.68,6.26,2005
Scott McGuire,LOR,15.2,12.33,9.59,.382,5.74,6.57,2005
Dan Cutler,LOR,46,19.79,10.42,.455,5.87,6.22,2005
Tad Barry,COR,32,16.41,5.47,.344,5.91,7.82,2005
Zack Mundy,WAR,10.2,23.81,16.67,.381,5.91,13.29,2005
Todd Lawler,WAR,9,29.41,11.76,.350,6,1.68,2005
Jon Fry,LUT,31,6.98,10.08,.327,6.1,6.51,2005
Aaron Patterson,COE,20.2,13.48,22.47,.604,6.1,9.63,2005
Timothy Kinney,DBQ,44,16.67,6.77,.432,6.14,4.54,2005
Teren Bladel,COE,24.2,19.35,23.66,.511,6.2,9.82,2005
Kyle Pearson,LUT,42,18.93,10.06,.455,6.43,4.39,2005
Matt Ritchey,SIM,8.1,12.20,14.63,.448,6.48,5.92,2005
Michael Cassidy,DBQ,43,14.97,10.16,.461,6.49,6.19,2005
Mark Voelliger,SIM,11,13.46,11.54,.472,6.55,7.45,2005
Kent Patterson,CEN,24.1,14.29,8.93,.407,6.66,6.54,2005
Bobby Friederick,LOR,64.1,15.23,14.06,.407,6.72,7.25,2005
Drew Riemenschneider,CEN,22.2,15.38,10.99,.413,6.75,4.97,2005
Don Pirkle,LOR,1.1,25.00,25.00,.500,6.75,5.78,2005
Chad Kramer,COE,1.1,50.00,50.00,Inf,6.75,17.33,2005
Zach Habben,BVU,28.2,18.52,22.22,.389,6.91,10.78,2005
Matt Petersen,WAR,10.1,19.61,9.80,.543,6.97,5.20,2005
Dan Reis,BVU,19.1,14.49,17.39,.381,6.98,7.40,2005
Trent Kain,SIM,22.2,7.53,17.20,.500,7.15,9.15,2005
Quince Springer,COE,36,17.24,16.55,.446,7.25,8.88,2005
Karl Boleen,LUT,3.2,5.88,17.65,.333,7.36,9.56,2005
Mike Luce,CEN,17.2,11.84,13.16,.449,7.64,11.27,2005
Aaron Becker,LOR,2.1,6.67,0.00,.429,7.71,-0.82,2005
Matt Rohach,CEN,50,15.94,13.04,.432,7.74,9.06,2005
Anthony Kobler,COR,15,9.09,6.06,.538,7.8,6.46,2005
Ryan Rosenberg,COR,43.2,20.94,17.80,.547,7.83,7.80,2005
Dan Cleary,COR,37.2,11.88,7.50,.504,7.88,5.62,2005
Lee Boyse,COE,11.1,17.50,30.00,.667,7.94,15.85,2005
Nick DePenning,CEN,3.1,6.25,12.50,.500,8.1,7.26,2005
Brook Beisell,SIM,3.1,30.77,15.38,.400,8.1,21.95,2005
Keaton Sansgaard,SIM,8.2,21.05,26.32,.875,8.31,12.11,2005
Chad Osler,COE,3,23.08,30.77,.667,9,9.05,2005
Tanner Ludwig,CEN,1,28.57,14.29,.750,9,4.63,2005
Michael Barta,BVU,14,10.53,21.05,.441,9.64,12.11,2005
Kyle Fuerstenberg,CEN,3.2,5.56,5.56,.429,9.82,20.36,2005
Matt Barilla,LOR,13.2,10.14,7.25,.510,9.88,7.43,2005
Adam Rath,BVU,29.1,10.14,11.59,.485,10.43,9.59,2005
Bradlee Kirkman,DBQ,7.2,15.00,5.00,.400,11.74,8.97,2005
Ben Rudman,COR,5.1,6.90,3.45,.565,11.81,9.84,2005
Ryan Williams,COR,23,8.26,11.01,.583,12.52,5.87,2005
Cody Smith,COE,3,6.67,13.33,.889,15,19.99,2005
Alex Fokken,BVU,4.2,7.69,19.23,.500,15.43,10.72,2005
Anthony Cozzi,COR,2.1,27.27,9.09,.857,15.43,1.39,2005
Mike Koenecke,BVU,2.2,21.43,14.29,.625,16.88,18.35,2005
Justin Burns,BVU,2.2,27.27,27.27,1.000,16.88,12.33,2005
Dustin Roth,LOR,3.2,5.00,25.00,.750,22.09,17.13,2005
Aaron Saeugling,WAR,77,20.59,5.51,.280,1.17,0.79,2007
Ryan Dupic,BVU,65.2,18.55,2.82,.285,1.78,0.52,2007
Ryan Nicholson,COE,81.2,20.40,11.71,.353,2.09,3.31,2007
Nate Todd,LUT,75,20.71,8.21,.366,2.4,1.36,2007
Adam Kohls,LUT,77.2,17.73,10.99,.317,2.55,1.59,2007
Matt Barilla,LOR,89,14.74,7.51,.355,2.83,2.20,2007
Brett Mahan,CEN,73.2,19.19,5.54,.316,2.93,1.49,2007
Justin List,BVU,46,8.60,4.84,.340,3.13,1.58,2007
Billy Schmitt,WAR,65.1,15.70,6.61,.345,3.31,1.59,2007
Mike Luce,CEN,67.2,17.42,13.64,.343,3.33,3.82,2007
Casey Korn,COR,66,21.63,8.16,.380,3.41,1.44,2007
Max Flaig,LUT,44.2,13.13,13.75,.385,3.43,3.50,2007
Alec Lewis,COE,61,16.67,7.26,.302,3.54,2.54,2007
Brent Poffenbarger,LOR,77.2,11.15,5.25,.349,3.59,1.61,2007
Adam Squires,CEN,43.2,16.56,17.18,.410,3.71,4.52,2007
Joe Nelson,LUT,57,12.39,13.30,.399,4.11,3.84,2007
Jeff Boyle,COR,39.1,12.57,11.98,.413,4.12,2.88,2007
Lee Boyse,COE,45.2,12.70,8.99,.371,4.14,2.37,2007
Tadd Boals,DBQ,89,10.11,2.25,.350,4.35,2.11,2007
Chad Scieszinski,SIM,53.2,16.51,8.26,.388,4.36,1.48,2007
Trevor Talbott,CEN,42,13.64,7.39,.409,4.71,2.29,2007
Jim Bose,COR,47.2,13.16,10.00,.387,4.72,2.06,2007
Luke Albert,WAR,48.1,21.58,8.95,.443,4.84,2.69,2007
Kamron Koplitz,DBQ,61,19.05,6.75,.405,4.87,3.30,2007
Michael Barta,BVU,56.2,11.26,9.96,.433,5.4,3.56,2007
Tad Barry,COR,50,17.09,8.04,.371,5.58,3.98,2007
Jared Sass,SIM,51.1,10.24,7.80,.388,5.96,2.67,2007
Brad Joniec,LOR,49,5.29,7.21,.376,6.8,2.46,2007
Jordan DeGeorge,COE,5.2,25.00,5.00,.286,0,-0.07,2007
TJ Miller,BVU,1,0.00,16.67,.400,0,5.49,2007
Sean Ransick,COR,1,0.00,0.00,.400,0,0.00,2007
Christopher Jones,DBQ,0.1,0.00,50.00,2.000,0,54.93,2007
Jeff Greenwald,COR,18.2,16.44,16.44,.404,2.41,3.45,2007
Galen Daniels,SIM,7,10.34,20.69,.500,2.57,5.78,2007
Josh Nalan,LUT,13,12.50,20.83,.333,2.77,5.65,2007
Kyle Flatten,LUT,21,31.71,4.88,.520,3.43,0.12,2007
Tim Bolten,SIM,10.1,2.44,2.44,.359,3.48,0.43,2007
Nick Viet,BVU,25.2,16.35,8.65,.425,3.51,2.84,2007
Quince Springer,COE,9.1,18.42,18.42,.476,3.86,5.14,2007
Danny Rose,WAR,36.2,17.01,9.52,.396,3.93,2.78,2007
Justin Stoffa,SIM,11,10.64,8.51,.500,4.09,2.46,2007
Adam Harrington,COR,4.1,0.00,28.57,.300,4.15,5.36,2007
Darin Schneider,LUT,18,28.77,10.96,.395,4.5,2.19,2007
Chris Handke,COR,8,7.41,25.93,.214,4.5,9.07,2007
Matt Bissen,BVU,4,5.26,21.05,.500,4.5,5.20,2007
Jake Ritchey,SIM,36.1,12.90,10.32,.425,4.71,3.50,2007
Luke Goemaat,SIM,13.1,17.74,14.52,.579,4.72,4.47,2007
Kyle Fuerstenberg,CEN,28.1,9.26,17.59,.384,4.76,5.50,2007
Pat Thostenson,LOR,9.1,11.11,5.56,.414,4.82,1.30,2007
Jeff Riddle,LUT,12.2,16.36,7.27,.513,4.97,2.29,2007
Ryan Grant,WAR,16,13.43,7.46,.453,5.06,1.06,2007
Doug Eisenman,CEN,10.2,22.50,17.50,.435,5.06,4.70,2007
Mike Aguilar,LOR,21,14.77,11.36,.424,5.14,4.15,2007
Alex Larson,DBQ,8.2,28.13,15.63,.467,5.19,5.84,2007
Mike Gaynor,COE,23.2,14.14,11.11,.471,5.32,2.84,2007
Ted Bouchee,DBQ,36.2,13.79,20.00,.471,5.4,5.52,2007
Matt Lampugnano,DBQ,1.2,28.57,28.57,.667,5.4,7.20,2007
Jim Lagoni,LOR,24,16.87,32.53,.450,5.62,6.56,2007
Brick Carter,COE,35,13.91,10.60,.405,5.66,2.28,2007
Joe Hajduch,SIM,14,12.07,17.24,.447,5.79,5.55,2007
Eric Speer,CEN,12.1,20.45,18.18,.423,5.84,3.21,2007
Ben Gander,CEN,20,17.11,15.79,.531,5.85,3.81,2007
Jake Kuennen,WAR,3,15.38,7.69,.556,6,2.88,2007
Cory Dawson,SIM,35.2,13.25,11.92,.436,6.06,3.02,2007
Todd Lawler,WAR,29.2,15.50,13.18,.512,6.07,5.01,2007
Ryan Suttenfield,COR,20.2,8.99,8.99,.397,6.1,5.22,2007
Shane Akers,SIM,20.1,11.11,6.06,.494,6.2,1.82,2007
Kyle Runyon,COE,26,13.51,10.81,.438,6.23,5.86,2007
JD Cambron,SIM,8.2,12.20,17.07,.556,6.23,5.31,2007
Jeremy Kippley,CEN,7,15.38,15.38,.353,6.43,5.33,2007
Ryan Schisler,COE,4,11.11,5.56,.357,6.75,5.79,2007
Troy Strom,DBQ,34.1,21.17,23.36,.612,6.82,6.88,2007
Keaton Sansgaard,SIM,22.2,14.29,10.99,.609,7.15,2.78,2007
Zach Mundy,WAR,37.2,16.13,14.19,.402,7.17,4.52,2007
Trent Kain,SIM,17,16.88,10.39,.529,7.41,4.16,2007
Alex Fokken,BVU,28.2,11.02,12.71,.414,7.53,3.99,2007
Michael Bartine,COR,7,20.00,23.33,.643,7.71,6.84,2007
Mark Blum,BVU,17,8.22,10.96,.509,7.94,3.46,2007
Dan Cleary,COR,21,17.44,22.09,.622,8.14,6.65,2007
Tony Bladel,DBQ,11,11.11,3.70,.436,8.18,9.13,2007
Curt Graham,SIM,1,0.00,50.00,1.000,9,10.99,2007
Andrew Rubly,DBQ,1,25.00,0.00,.000,9,18.82,2007
Justin Corey,DBQ,1,33.33,16.67,1.000,9,3.15,2007
Ryan Rayhill,COE,1,25.00,0.00,1.000,9,4.32,2007
Tim Carty,LOR,29.1,10.48,16.94,.539,9.2,3.63,2007
Justin Shaffer,DBQ,19.1,5.43,9.78,.421,10.24,4.38,2007
Cody Hyland,LUT,4.1,12.50,20.83,.583,10.38,18.27,2007
Mike McGivern,WAR,3.1,6.25,12.50,.500,10.8,17.84,2007
Ryan Dunn,LOR,11.1,16.28,27.91,.524,11.12,7.99,2007
Nolan Voss,DBQ,16.2,15.94,26.09,.583,11.34,6.66,2007
Byron Abram,DBQ,2.1,13.33,13.33,.400,11.57,13.64,2007
Nick Miller,LOR,5.1,8.00,32.00,.909,11.81,12.47,2007
Paul Pichelman,LUT,13.2,8.20,13.11,.543,11.85,3.72,2007
Chris Jones,SIM,4.1,10.53,15.79,.692,12.46,8.32,2007
Drew Newhoff,WAR,7.2,12.50,15.63,.684,12.91,6.22,2007
Tony Foster,DBQ,8,2.50,17.50,.519,13.5,8.09,2007
Adam Brink,DBQ,2,0.00,28.57,.250,13.5,15.49,2007
Rob Simms,CEN,5.2,11.54,38.46,.889,14.29,16.90,2007
Tregg Fay,BVU,4.1,15.00,30.00,.900,14.54,8.52,2007
Christian Dekker,BVU,8.2,16.28,18.60,.667,15.58,12.34,2007
Paul Moga,LOR,8.2,7.14,42.86,.800,16.62,12.30,2007
Jeff Weisenborn,BVU,6.1,16.67,33.33,.846,17.05,9.85,2007
Chris Tibbals,CEN,1,0.00,16.67,.750,18,10.99,2007
Jordan Skaar,DBQ,4.1,21.74,0.00,.563,18.69,1.25,2007
Cody Smith,COE,3,17.65,5.88,.750,21,2.49,2007
Drew Fayram,WAR,1.1,33.33,50.00,-1.000,27,36.02,2007
Anthony Cozzi,COR,1,0.00,40.00,.667,27,10.99,2007
Nate Parker,BVU,3,0.00,53.33,1.000,33,16.48,2007
Aaron Saeugling,WAR,53.1,20.43,6.45,.266,1.52,2.18,2008
Paul Pichelmann,LUT,40.1,14.08,9.15,.320,2.45,2.14,2008
Jake Ritchey,SIM,66.2,17.80,4.55,.354,2.7,1.52,2008
Christian Dekker,BVU,51.1,30.39,15.69,.485,2.81,3.47,2008
Brett Mahan,CEN,73.2,20.07,8.10,.344,2.81,2.00,2008
Adam Kohls,LUT,63,24.68,7.36,.344,2.86,0.73,2008
Jared Sass,SIM,65.2,16.53,5.65,.299,3.15,1.48,2008
Jerrold Martijn,WAR,50.1,22.83,13.04,.376,3.58,4.03,2008
Nate Todd,LUT,43.1,11.17,4.47,.372,3.74,2.03,2008
Billy Schmitt,WAR,64.2,23.73,8.47,.306,3.9,2.63,2008
Adam Squires,CEN,55.1,19.27,12.84,.476,3.9,2.55,2008
Cody Doonan,DBQ,73.2,23.96,9.72,.451,3.91,3.17,2008
Joe Nelson,LUT,49,20.57,12.57,.373,4.04,2.54,2008
Trent Kain,SIM,62.1,15.87,9.92,.409,4.04,2.36,2008
Ryan Nicholson,COE,79.1,20.68,12.88,.436,4.08,3.34,2008
Alec Lewis,COE,69,21.22,5.76,.391,4.3,1.24,2008
Dayton Glasgow,CEN,49.2,16.34,7.92,.432,4.53,2.52,2008
Matt Barilla,LOR,72.2,12.62,4.42,.394,4.58,3.49,2008
Adam Butler,COR,33.1,15.04,15.04,.475,4.59,5.99,2008
Casey Korn,COR,54,13.57,8.14,.422,4.67,2.86,2008
Kevin Moriarity,LOR,68.2,20.36,8.00,.388,4.85,2.31,2008
Jim Bose,COR,48.2,12.00,10.00,.450,4.99,3.29,2008
Luke Albert,WAR,62.2,13.94,8.37,.410,5.03,2.89,2008
Kyle Dupic,BVU,35,19.57,9.42,.394,5.14,2.31,2008
Lee Boyse,COE,60.1,12.35,6.17,.374,6.27,2.93,2008
Tadd Boals,DBQ,57.1,13.11,6.15,.429,6.59,2.91,2008
Nick Lanning,BVU,39,7.27,16.97,.504,9.46,5.10,2008
Luke Goemaat,SIM,3.2,20.00,20.00,.333,0,4.30,2008
Jeff Riddle,LUT,3.1,36.36,18.18,.400,0,2.16,2008
Eric Nordstrom,LUT,3.1,11.11,33.33,.500,0,7.12,2008
Tregg Fay,BVU,2.1,28.57,0.00,.000,0,-1.18,2008
Bobby Orosco,DBQ,2.1,33.33,50.00,.000,0,7.15,2008
Chris Bireline,BVU,2,0.00,14.29,.167,0,2.92,2008
Josh Barber,COE,2,50.00,50.00,.000,0,4.59,2008
Justin Ramos,DBQ,1,25.00,0.00,.333,0,-1.24,2008
Jon Smith,WAR,1,0.00,66.67,.000,0,11.67,2008
"Alguilar, M",LOR,1,33.33,0.00,.000,0,-1.24,2008
Jonny Saar,BVU,0.1,100.00,0.00,.000,0,-12.44,2008
Brian Kearns,LOR,18.1,23.29,16.44,.488,0.98,3.02,2008
Jordan Skaar,DBQ,8.2,16.67,11.11,.440,1.04,2.65,2008
Danny Rose,WAR,7.1,21.74,17.39,.167,1.23,6.22,2008
Austin Landini,COR,17.2,6.15,9.23,.196,1.53,3.10,2008
Mike McGivern,WAR,17.2,19.40,8.96,.304,1.53,1.77,2008
Mike Gaynor,COE,29,13.40,5.15,.192,1.55,1.65,2008
Justin Stoffa,SIM,3.2,18.75,25.00,.500,2.45,7.95,2008
Nate Rost,WAR,11.2,12.50,10.00,.286,3.09,3.09,2008
Keaton Sansgaard,SIM,32,17.80,11.02,.403,3.09,3.31,2008
Caleb Rangel,CEN,5.2,25.00,5.00,.333,3.18,2.17,2008
David Bartine,COR,5.1,8.33,8.33,.350,3.38,1.80,2008
Kyler Laurie,LOR,38,9.76,9.76,.333,3.55,3.66,2008
Tad Barry,COR,5,16.67,33.33,.333,3.6,6.25,2008
Brad Joniec,LOR,41.2,10.43,4.91,.297,3.67,3.90,2008
Shane Akers,SIM,9.2,14.89,6.38,.389,3.72,3.26,2008
Joe Hajduch,SIM,16.1,18.33,13.33,.375,3.86,3.37,2008
Alex Larson,DBQ,2.1,12.50,25.00,.250,3.86,7.74,2008
Mark Blum,BVU,18.1,11.59,10.14,.261,3.93,5.13,2008
Jake Kuennen,WAR,13.2,7.55,5.66,.395,3.95,3.44,2008
Andy Crane,DBQ,19.2,16.22,14.86,.426,4.12,3.78,2008
Ben Gander,CEN,12.1,15.69,5.88,.447,4.38,2.86,2008
Matt Bissen,BVU,12,13.73,5.88,.417,4.5,5.73,2008
Kevin Baranowski,COE,12,20.00,15.56,.407,4.5,3.44,2008
Devon Archibald,BVU,6,4.17,4.17,.300,4.5,2.71,2008
Adam Harrington,COR,4,6.25,6.25,.357,4.5,1.15,2008
Byron Abram,DBQ,9.1,30.30,27.27,.556,4.82,9.30,2008
David de Besche,COR,9.1,30.77,10.26,.600,4.82,2.85,2008
Brandon Pietrzyk,BVU,18.1,16.22,17.57,.523,4.91,5.83,2008
Jeremy Kippley,CEN,28.1,9.52,17.14,.403,5.08,5.43,2008
John Rankin,SIM,8.2,16.13,6.45,.333,5.19,0.66,2008
Marshall Nelson,LUT,1.2,11.11,33.33,.750,5.4,18.41,2008
Cody Hyland,LUT,31.1,23.68,18.42,.397,5.46,4.85,2008
Tony Bladel,DBQ,16.1,14.29,17.14,.455,5.51,5.02,2008
Tom Keesy,WAR,16.1,16.39,13.11,.432,5.51,5.26,2008
Brandon Harrison,SIM,6.1,14.71,2.94,.500,5.68,1.85,2008
Max Flaig,LUT,25,7.00,12.00,.410,5.76,3.15,2008
Tim Carty,LOR,41.2,10.71,13.10,.432,5.83,3.37,2008
Steve Johnston,BVU,25,17.17,20.20,.473,6.12,7.30,2008
Cory Dawson,SIM,11.2,23.40,12.77,.433,6.17,1.90,2008
Brock Yotty,COE,23,11.70,14.89,.439,6.26,3.72,2008
Cody Aldrich,BVU,23,10.20,12.24,.455,6.26,6.38,2008
Kristofer Ozga,CEN,27,22.03,10.17,.486,6.67,3.26,2008
Dan Murphy,SIM,14.2,14.52,6.45,.429,6.75,0.85,2008
Justin Shaffer,DBQ,4,18.75,25.00,.500,6.75,10.21,2008
Chris Handke,COR,2.2,12.50,75.00,-2.000,6.75,20.64,2008
Josh Nalan,CEN,2.2,8.33,0.00,.400,6.75,9.08,2008
Teren Bladel,COE,27.1,16.83,19.80,.407,6.91,9.65,2008
Galen Daniels,SIM,5,5.26,21.05,.600,7.2,9.08,2008
Brad Watson,WAR,12,19.57,23.91,.476,7.5,9.41,2008
Troy Strom,DBQ,35.2,23.61,23.61,.607,7.57,7.79,2008
Michael Bartine,COR,16.1,25.00,10.29,.410,7.71,3.99,2008
Patrick Thostenson,LOR,14,6.56,8.20,.431,7.71,2.14,2008
Kyle Fuerstenburg,CEN,11.1,18.75,12.50,.563,7.94,2.67,2008
Cole Boge,COR,5.2,4.00,12.00,.400,7.94,4.25,2008
Bryan Geertgens,LOR,36,10.06,14.47,.491,8,5.65,2008
Doug Eisenman,CEN,13.1,7.27,9.09,.366,8.1,6.42,2008
Michael Ramos,DBQ,33,12.16,12.16,.455,8.18,7.71,2008
Trevor Talbott,CEN,31,8.09,6.62,.434,8.71,1.82,2008
Austin Swartz,WAR,10,17.02,4.26,.471,9,3.46,2008
Ryan Raupp,LOR,4,17.39,4.35,.688,9,3.13,2008
Jesse Sinclair,COE,1,20.00,0.00,.333,9,19.98,2008
Jeff Weisenborn,BVU,1,0.00,0.00,.500,9,11.67,2008
Steven Zamora,COE,1,40.00,20.00,.500,9,3.34,2008
Luke Probasco,BVU,12.2,12.73,14.55,.529,9.24,9.77,2008
Tim Bolten,SIM,4.2,16.67,27.78,.778,9.64,7.44,2008
Ryan Rayhill,COE,8.1,12.77,10.64,.576,9.72,10.54,2008
Mike Luce,CEN,15.1,31.48,48.15,1.429,9.98,12.23,2008
Nolan Voss,DBQ,14.2,18.03,29.51,.769,10.43,9.98,2008
Jeff Greenwald,COR,3.1,15.38,30.77,.571,10.8,6.72,2008
Drew Newhoff,WAR,5.2,17.86,21.43,.625,11.12,6.66,2008
Cody Smith,COE,9.2,15.22,10.87,.529,11.17,2.22,2008
Chris Jones,SIM,4,33.33,40.00,1.333,11.25,8.65,2008
Darin Schneider,LUT,4.2,8.70,17.39,.588,11.57,4.96,2008
Ryan Dunn,LOR,7.1,8.82,8.82,.474,13.5,15.84,2008
Mike Huyser,SIM,4,3.45,10.34,.667,13.5,5.52,2008
Nick Miller,LOR,2.2,15.38,0.00,.364,13.5,-1.13,2008
Greg Farrey,LOR,2,7.14,0.00,.583,13.5,2.29,2008
Tony Foster,DBQ,9,14.89,12.77,.618,14,2.92,2008
Jeff Boyle,COR,7,12.50,12.50,.737,15.43,8.99,2008
Anthony Cozzi,COR,3,0.00,12.50,.462,18,5.83,2008
Clark Egdorf,LOR,1.1,12.50,25.00,.600,20.25,9.47,2008
Michael Hoffman,BVU,1.2,42.86,71.43,-.500,21.6,26.05,2008
Eric Rausch,DBQ,2.1,0.00,20.00,.667,23.14,11.11,2008
Jeremy Parker,BVU,1,20.00,60.00,2.000,27,16.25,2008
Matt Pfister,COR,0.2,0.00,400.00,.000,27,116.65,2008
Drew Fayram,WAR,0.1,0.00,16.67,1.250,99,116.65,2008
Cody Raisch,COE,76.2,20.49,7.77,.323,3.05,1.49,2009
Nate Todd,LUT,69.2,15.47,3.96,.341,3.23,0.65,2009
Jerrold Martijn,WAR,90,27.81,12.43,.406,3.7,1.50,2009
Cody Hyland,LUT,60.2,19.42,9.09,.404,3.86,1.41,2009
Jared Sass,SIM,62.2,21.37,6.11,.466,4.02,1.18,2009
Adam Kohls,LUT,70.2,18.95,8.77,.407,4.2,1.29,2009
Alec Lewis,COE,65.2,22.06,6.99,.420,4.25,2.03,2009
Ryan Nicholson,COE,76.1,13.10,12.41,.383,4.48,2.22,2009
Billy Schmitt,WAR,76.1,21.23,11.30,.432,4.48,2.28,2009
Corey Eisenmann,CEN,54.2,13.90,10.31,.420,4.61,2.43,2009
Brad Watson,WAR,83.1,20.06,7.45,.430,4.86,1.07,2009
D.J. Glasgow,CEN,61,12.12,14.72,.405,4.87,3.03,2009
Clint Rhodes,SIM,62.1,13.16,3.01,.386,4.91,1.85,2009
Kevin Moriarity,LOR,60,13.20,9.60,.392,4.95,2.73,2009
Kyler Laurie,LOR,62.2,14.63,10.98,.368,5.17,2.28,2009
Ryan Wuebker,BVU,60,10.88,8.37,.320,5.25,2.78,2009
Sean Raisch,COE,45.2,18.33,13.33,.435,5.32,2.85,2009
Austin Safranski,LOR,66.2,12.23,7.19,.376,5.4,2.81,2009
Kyle Hanna,SIM,44.2,13.71,9.71,.359,5.64,1.55,2009
Luke Probasco,BVU,45.2,15.05,9.14,.394,5.72,2.19,2009
Casey Korn,COR,65.2,20.14,5.40,.387,5.76,3.35,2009
Mark Hennessy,DBQ,55.1,15.18,9.82,.411,6.67,1.97,2009
Cole Boge,LOR,58,11.07,6.72,.429,6.83,2.27,2009
Justin Ramos,DBQ,40.1,14.44,16.67,.453,7.59,3.59,2009
Blayke Conway,DBQ,44.2,12.89,6.70,.430,7.86,3.09,2009
Jordan Skaar,DBQ,39.2,13.07,9.66,.443,7.94,3.03,2009
Adam Butler,COR,34.2,15.09,13.84,.495,9.87,4.52,2009
Devon Archibald,BVU,5.2,5.00,10.00,.250,0,2.10,2009
Patrick Grau,WAR,4,33.33,33.33,.250,0,3.08,2009
Jarred Lackey,CEN,3,45.45,0.00,.500,0,-1.39,2009
Chris Jones,SIM,3,30.00,0.00,.143,0,-0.84,2009
Dan Grosser,WAR,1,0.00,0.00,.000,0,0.00,2009
Clark Egdorf,LOR,1,11.11,0.00,.571,0,13.41,2009
Matt Reynolds,LUT,1,66.67,0.00,.000,0,-1.67,2009
Justin Brown,COR,0.2,33.33,0.00,.500,0,-4.18,2009
Andrew Denton,DBQ,0.1,0.00,100.00,.000,0,39.15,2009
Nathan McSpadden,DBQ,0.1,0.00,50.00,1.000,0,39.15,2009
Josh Russell,LOR,0.1,100.00,0.00,.000,0,-8.35,2009
Augie Lindmark,LUT,13,5.77,9.62,.295,0.69,1.31,2009
Tim Bolten,SIM,6,9.52,14.29,.250,1.5,1.68,2009
Jay Martin,LOR,16.2,9.52,12.70,.283,2.16,2.99,2009
Tregg Fay,BVU,10.2,11.36,11.36,.355,2.53,3.67,2009
Greg Siems,LUT,13.1,27.45,1.96,.343,2.7,-0.29,2009
Anthony Miller,CEN,3.1,41.67,8.33,.500,2.7,-0.08,2009
James Stone,BVU,18.2,8.96,8.96,.260,2.89,2.66,2009
Chris Bireline,BVU,18,13.64,7.58,.333,3,2.69,2009
Dan Murphy,SIM,16.2,10.14,11.59,.442,3.24,2.69,2009
Doug Eisenman,CEN,25,20.88,14.29,.310,3.6,1.97,2009
David Bartine,COR,14.2,4.84,8.06,.321,3.68,1.48,2009
Curt Mick,CEN,4.1,25.00,6.25,.364,4.15,0.14,2009
Ryan Dahlstrom,SIM,4.1,9.09,0.00,.500,4.15,-0.41,2009
Mike Huyser,SIM,41,19.30,7.02,.463,4.39,1.01,2009
Jeff Riddle,LUT,25,16.33,19.39,.390,4.68,3.48,2009
Josh Nalan,CEN,24.2,16.49,7.22,.420,4.74,2.24,2009
Jarad George,BVU,40.2,11.49,9.20,.381,4.87,3.85,2009
Max Flaig,LUT,31.1,8.66,9.45,.370,4.88,1.72,2009
Jake Kuennen,WAR,44,8.38,12.85,.370,4.91,3.24,2009
Nate Rost,WAR,34.2,27.74,9.49,.410,4.93,1.21,2009
Nolan Voss,DBQ,9,18.42,13.16,.545,5,4.41,2009
Teren Bladel,COE,19.2,13.75,11.25,.386,5.03,1.97,2009
Jon Smith,WAR,10,17.50,17.50,.417,5.4,2.94,2009
Ryan Rayhill,COE,6.2,10.71,21.43,.400,5.4,9.24,2009
Kyle Dupic,BVU,26,14.85,13.86,.379,5.54,2.93,2009
Shane Nelson,CEN,11.1,13.04,6.52,.333,5.56,0.96,2009
Brandon Pietrzyk,BVU,37,16.34,16.34,.442,5.59,3.77,2009
Darin Schneider,LUT,6.1,22.22,3.70,.500,5.68,1.10,2009
Nathan Smejkal,BVU,31.1,8.15,8.15,.324,5.74,2.76,2009
Cory Dawson,SIM,3,28.57,14.29,.714,6,2.80,2009
Michael Dirkx,BVU,3,16.67,33.33,.667,6,8.58,2009
Josh Barber,COE,10.1,7.89,13.16,.393,6.1,3.49,2009
Alex Mallonee,LOR,20,7.06,17.65,.526,6.3,5.61,2009
Danny Rose,WAR,11.1,23.64,5.45,.474,6.35,1.36,2009
Tom Keesy,WAR,11.1,18.37,20.41,.630,6.35,4.84,2009
Joel Pulliam,CEN,30.2,21.01,18.49,.543,7.04,2.42,2009
Kevin Baranowski,COE,31,12.41,8.28,.467,7.84,2.71,2009
Brandon Harrison,SIM,24,7.48,8.41,.447,7.88,2.44,2009
Trevor Talbott,CEN,29.1,13.53,5.26,.415,8.28,5.15,2009
Matt Bissen,BVU,5.1,12.50,4.17,.444,8.44,1.81,2009
Jesse Searls,COR,13.1,14.29,12.50,.500,8.78,3.27,2009
David de Besche,COR,13,18.52,27.78,.615,9,5.57,2009
Caleb Rangel,CEN,10,27.91,13.95,.682,9,2.52,2009
Greg Farrey,LOR,5,9.09,22.73,.538,9,5.15,2009
Nick Olberding,LOR,4,10.53,21.05,.500,9,14.18,2009
Ryan Jordan,DBQ,2,10.00,20.00,.714,9,3.50,2009
Drew Otto,COE,2,20.00,10.00,.500,9,8.25,2009
Michael Frazier,DBQ,2,0.00,12.50,.429,9,1.96,2009
Nathan Underberg,WAR,2,12.50,25.00,.400,9,3.50,2009
Cole Freese,DBQ,21.2,5.26,21.05,.500,9.97,5.34,2009
Bobby Orosco,DBQ,14.1,15.00,26.67,.667,10.05,6.03,2009
Drew Fayram,WAR,5.1,20.00,20.00,.583,10.12,7.35,2009
Adam Harrington,COR,13,10.61,9.09,.510,10.38,4.95,2009
Eric Nordstrom,LUT,7.2,21.05,15.79,.500,10.57,7.38,2009
Nick Lanning,BVU,7.2,20.00,25.71,.706,10.57,6.61,2009
Adam Squires,CEN,25,17.70,12.39,.535,10.8,3.60,2009
Jeff Boyle,COR,29,7.94,9.52,.426,10.86,4.82,2009
Nick Weinmeister,COR,27.1,15.13,20.17,.514,10.87,4.02,2009
Brock Yotty,COE,4,21.43,35.71,1.000,11.25,5.25,2009
Chris Dorff,SIM,24.1,15.18,11.61,.686,11.47,4.76,2009
Miles Swenson,SIM,4.2,13.79,6.90,.409,11.57,4.46,2009
Zach Schwartz,LOR,10.1,14.00,14.00,.690,12.19,6.89,2009
Justin Stoffa,SIM,11,9.09,12.73,.500,13.09,5.77,2009
Julian Cantu,DBQ,17.1,14.94,8.05,.533,13.5,4.99,2009
Frank Anshutz,COR,3.1,0.00,16.67,.556,13.5,14.25,2009
Kyle Ruehle,SIM,2.2,0.00,23.08,.700,13.5,5.34,2009
Paul Pichelmann,LUT,12.2,13.85,13.85,.488,14.92,7.59,2009
Chris Handke,COR,10.2,17.78,26.67,.938,15.19,7.41,2009
Mike Kennedy,LOR,2.1,18.18,18.18,.667,15.43,4.80,2009
Charlie Muir,COR,8,8.89,13.33,.686,15.75,2.52,2009
Steve Skutley,DBQ,9.2,5.45,10.91,.575,15.83,8.20,2009
Eric Rausch,DBQ,7,14.71,20.59,.579,21.86,7.95,2009
Shadi Abuhakmeh,DBQ,2,0.00,28.57,1.000,22.5,7.83,2009
Michael Loney,DBQ,2.2,18.18,54.55,2.000,23.62,9.92,2009
Louis Dettorre,DBQ,6.1,6.82,6.82,.667,24.16,10.04,2009
Sean Ransick,COR,2.1,5.26,21.05,.786,27,7.06,2009
Mark Blum,BVU,2.1,0.00,63.64,3.000,27,16.78,2009
Clay Henricksen,LOR,0.1,33.33,66.67,Inf,27,69.95,2009
Alex Larson,DBQ,1.1,0.00,8.33,.700,47.25,16.51,2009
Chris Tibbals,CEN,0.2,0.00,40.00,1.333,67.5,39.15,2009
Chris Dorff,SIM,47.2,26.49,5.95,.311,2.64,1.47,2010
Luke Probasco,BVU,76,18.92,4.73,.362,3.32,1.80,2010
Cody Hyland,LUT,77,15.23,4.30,.306,3.39,1.56,2010
Alec Lewis,COE,94.2,24.66,4.61,.371,3.42,0.67,2010
Cody Raisch,COE,75.2,21.40,9.47,.394,3.45,2.23,2010
Doug Eisenman,CEN,52,12.87,4.46,.296,3.63,1.68,2010
Brad Watson,WAR,92.2,21.39,7.22,.352,3.79,1.34,2010
Joel Pulliam,CEN,46,22.29,15.43,.356,3.91,2.55,2010
Ryan Wuebker,BVU,71.1,15.68,6.27,.335,4.29,2.21,2010
Cole Boge,LOR,39.1,13.10,4.17,.419,4.35,1.82,2010
Corey Eisenmann,CEN,69.1,12.50,8.82,.378,4.41,2.80,2010
Augie Lindmark,LUT,43.1,19.16,10.78,.393,4.57,2.48,2010
Kevin Moriarity,LOR,40.2,11.18,8.24,.360,4.65,3.27,2010
Mike Huyser,SIM,56,8.68,4.13,.416,4.98,1.81,2010
Nick Panvino,LOR,42.1,15.20,6.43,.417,5.1,1.96,2010
Kevin Baranowski,COE,63.1,9.43,9.06,.356,5.4,2.58,2010
Mark Hennessy,DBQ,44,11.80,8.43,.382,5.52,2.46,2010
Jeff Riddle,LUT,46.2,13.64,5.05,.399,5.59,1.53,2010
Nate Rost,WAR,52.2,16.02,10.19,.379,5.64,2.83,2010
Billy Schmitt,WAR,73,19.44,10.76,.445,5.92,2.90,2010
Landon Klostermann,DBQ,43.2,12.64,10.99,.427,5.98,2.66,2010
D.J. Glasgow,CEN,45,13.59,11.96,.439,6,2.66,2010
Clint Rhodes,SIM,62,15.88,4.33,.469,6.82,1.51,2010
Kyle Hanna,SIM,44.2,11.58,11.58,.467,7.05,3.13,2010
Kalen Mace,DBQ,67.2,20.14,13.31,.467,7.32,4.30,2010
Kyler Laurie,LOR,47,9.05,10.00,.428,8.23,1.80,2010
Charlie Muir,COR,52.2,18.44,13.93,.559,10.08,5.02,2010
Justin Brown,COR,35,11.63,11.05,.492,11.31,6.86,2010
Chris Erickson,LUT,1.2,60.00,40.00,.000,0,7.95,2010
Tyler Case,BVU,1,0.00,66.67,.000,0,8.08,2010
Mark Corbeil,COR,0.2,50.00,0.00,.000,0,-4.31,2010
Adam Hocking,DBQ,0.1,0.00,0.00,.000,0,0.00,2010
Warren Drucker,SIM,0,0.00,0.00,1.000,0,NA,2010
Brandon Pietrzyk,BVU,12.2,22.73,13.64,.320,1.42,2.28,2010
Orlando Mejia,DBQ,4,0.00,0.00,.333,2.25,0.00,2010
Austin Krause,CEN,4,20.00,0.00,.182,2.25,0.36,2010
Scott Benson,WAR,34.1,22.14,4.58,.341,2.36,0.88,2010
Jarad George,BVU,31.2,12.61,8.40,.372,2.56,2.94,2010
Kyle Ruehle,SIM,35.2,12.40,14.73,.337,3.03,3.01,2010
Kyle Dupic,BVU,26.2,15.74,4.63,.392,3.04,1.70,2010
Spencer Radabaugh,LOR,14.2,24.56,10.53,.364,3.07,2.75,2010
James Stone,BVU,38,23.23,7.74,.392,3.32,1.27,2010
Paul Brown,SIM,37.1,19.33,8.67,.412,3.38,1.40,2010
Ryan Doty,WAR,28.2,26.61,10.09,.358,3.45,1.36,2010
Matt Reynolds,LUT,7.1,16.13,12.90,.316,3.68,3.38,2010
Phil Lundberg,LUT,4.2,0.00,0.00,.313,3.86,0.00,2010
Joe Moen,WAR,4.1,6.25,6.25,.286,4.15,0.78,2010
Ben Cottrell,LOR,24.1,22.33,12.62,.410,4.81,4.58,2010
Danny Smith,LUT,29.2,10.92,12.61,.373,4.85,3.17,2010
Ben Strellner,COE,29,9.92,1.53,.373,4.97,2.57,2010
Michael Dirkx,BVU,37.1,11.84,12.50,.384,5.06,1.98,2010
Eric Rife,LOR,20,15.56,6.67,.469,5.4,2.89,2010
Zach Picciotti,COE,10,17.50,17.50,.520,5.4,2.63,2010
Nick Norris,COR,8,14.29,21.43,.462,5.62,6.46,2010
Stefan Snyder,LUT,4.2,25.00,10.00,.538,5.79,0.90,2010
Dan Grosser,WAR,15.1,13.11,16.39,.429,5.87,3.19,2010
David Nowaczyk,LOR,29.2,23.31,11.28,.457,6.07,3.09,2010
Bret Bell,CEN,10.1,30.95,7.14,.417,6.1,1.95,2010
Greg Siems,LUT,24.2,14.29,9.89,.419,6.2,3.53,2010
Dirk Lindaman,CEN,18.2,18.99,10.13,.385,6.27,3.13,2010
Ryan Goetzinger,CEN,22,21.98,8.79,.491,6.55,2.76,2010
Austin Safranski,LOR,25.2,15.52,6.90,.477,6.66,1.73,2010
Patrick Dorman,WAR,4,23.53,17.65,.444,6.75,3.18,2010
Reggie Kock,BVU,11.2,23.26,44.19,1.000,6.94,6.81,2010
Darin Schneider,LUT,27,22.12,16.81,.587,7,3.34,2010
Josh Barber,COE,12.1,8.70,17.39,.406,7.3,3.94,2010
Ryan Dahlstrom,SIM,3.2,6.25,12.50,.462,7.36,2.26,2010
Caleb Rangel,CEN,37.2,12.73,6.06,.421,7.41,3.19,2010
Jerrod Torkelson,LUT,17.2,15.48,7.14,.483,7.64,3.02,2010
Jesse Searls,COR,30.1,13.48,9.22,.458,7.71,1.82,2010
Nathan Underberg,WAR,10.1,22.50,7.50,.478,7.84,4.55,2010
David Bartine,COR,26.1,16.52,21.74,.554,7.86,4.99,2010
Jose Rodriguez,SIM,16,4.55,16.67,.333,7.88,6.30,2010
Ben Roemmich,WAR,8,18.52,25.93,.462,7.88,5.34,2010
Derec Thompson,DBQ,9,13.16,18.42,.522,8,4.01,2010
Steve Johnston,BVU,23.1,12.22,28.89,.604,8.1,5.48,2010
Brad Walker,WAR,3.1,18.75,18.75,.700,8.1,3.08,2010
Klayton Breitbach,DBQ,3.1,6.25,12.50,.538,8.1,2.33,2010
Tyler Kozelka,COE,6.1,10.34,6.90,.500,8.53,6.63,2010
Louis Dettorre,DBQ,28,10.14,7.97,.486,8.68,3.84,2010
Tyler Lefeber,BVU,10.1,22.22,20.00,.500,8.71,6.46,2010
Greg Farrey,LOR,2,11.11,22.22,.600,9,10.97,2010
Griffin Hatten,BVU,1,20.00,0.00,.500,9,-0.86,2010
Mark Butler,SIM,9.2,13.89,19.44,.409,9.31,4.65,2010
Todd Whited,DBQ,24.2,15.69,22.55,.542,9.49,4.38,2010
Nick Lanning,BVU,4.2,13.33,20.00,.500,9.64,4.40,2010
Darin Schultz,CEN,9,8.70,8.70,.472,10,2.31,2010
Max Flaig,LUT,26,9.24,12.61,.494,10.04,3.00,2010
Nicholas Martin,DBQ,14.1,7.69,6.15,.422,10.05,8.54,2010
Julian Cantu,DBQ,14,11.29,8.06,.405,10.29,4.85,2010
Sean Raisch,COE,26,24.75,28.71,.605,10.38,4.30,2010
Josh Kwansy,LOR,4,8.70,13.04,.556,11.25,2.60,2010
Austin Linderwell,DBQ,11,5.66,5.66,.500,11.45,6.11,2010
Andrew Patzke,COR,13.1,23.44,31.25,.864,11.48,10.60,2010
Adam Butler,COR,27.1,14.73,17.83,.597,11.52,5.11,2010
Patrick Grau,WAR,2.1,37.50,50.00,Inf,11.57,13.47,2010
Matt Bissen,BVU,3.2,9.52,14.29,.643,12.27,9.11,2010
Drew Babinat,WAR,2,9.09,9.09,.375,13.5,8.95,2010
Adam Harrington,COR,30,8.05,10.74,.526,13.8,3.82,2010
Taylor White,DBQ,8.1,8.33,8.33,.417,14.04,5.49,2010
Ryan Rayhill,COE,9.1,9.43,3.77,.615,18.32,10.56,2010
Nathan Jepsen,COR,4,9.52,19.05,.818,22.5,7.65,2010
Jeffrey Stevens,DBQ,2.1,7.69,61.54,1.500,23.14,14.99,2010
Steve Skutley,DBQ,5,9.09,21.21,.857,27,8.89,2010
Zach Rogers,COR,2.1,30.77,30.77,1.500,27,7.98,2010
Andrew Denton,DBQ,0.1,0.00,33.33,1.000,27,40.42,2010
Jordan Kaiser,WAR,3,17.65,23.53,1.000,30,9.43,2010
Danny Rose,WAR,1,28.57,14.29,1.000,36,2.32,2010
Jarred Lackey,CEN,1,0.00,28.57,.800,36,8.08,2010
Jacob Wittman,WAR,1,0.00,0.00,.667,45,0.00,2010
Aaron Laskowski,DBQ,1,12.50,62.50,2.500,72,19.35,2010
Zack Schwartz,LOR,0,0.00,33.33,1.000,99,Inf,2010
Kendall Paluch,LOR,60,22.82,9.22,.215,1.2,1.61,2011
Brad Watson,WAR,95.2,24.86,7.06,.317,2.07,1.38,2011
Joel Pulliam,CEN,81.2,26.90,8.54,.364,2.2,1.25,2011
Ben Cottrell,LOR,40.1,20.67,6.00,.340,2.23,1.69,2011
Ryan Doty,WAR,44,23.08,8.28,.411,2.25,2.29,2011
Augie Lindmark,LUT,75,16.26,5.88,.306,2.28,1.01,2011
Matt Reynolds,LUT,58.1,16.75,8.61,.293,2.78,1.92,2011
Wade Morris,COE,81.2,15.44,10.74,.322,2.87,2.42,2011
Luke Probasco,BVU,95.1,17.41,4.75,.321,2.93,1.32,2011
Paul Brown,SIM,62,20.17,6.44,.362,3.19,2.74,2011
Mike Huyser,SIM,72.2,17.78,7.78,.312,3.22,2.26,2011
Mark Hennessy,DBQ,51,21.74,9.24,.336,3.35,2.14,2011
Kalen Mace,DBQ,47.1,20.83,11.90,.364,3.42,2.24,2011
Kevin Baranowski,COE,75.1,11.51,13.31,.312,3.46,3.72,2011
Scott Benson,WAR,69,16.30,7.41,.352,3.52,2.40,2011
Danny Smith,LUT,67,12.55,7.06,.335,3.63,1.66,2011
Michael Dirkx,BVU,65.2,20.24,9.92,.395,3.7,2.77,2011
Kevin Moriarity,LOR,48,18.42,5.26,.358,3.75,2.60,2011
Sean Raisch,COE,53,17.22,11.48,.395,3.91,2.01,2011
Chris Dorff,SIM,77.2,21.43,8.84,.349,3.94,2.50,2011
Elliot Visuri,DBQ,39.1,12.99,7.14,.383,4.12,3.37,2011
Paul Krenger,DBQ,62.1,19.40,9.48,.399,4.48,3.27,2011
Dirk Lindaman,CEN,59.2,11.06,9.36,.383,4.53,3.83,2011
Ryan Goetzinger,CEN,60.2,20.16,10.89,.428,4.75,2.57,2011
Charlie Muir,COR,62,13.57,8.14,.409,6.53,2.61,2011
Adam Butler,COR,58.1,9.21,12.13,.372,7.25,5.62,2011
Justin Brown,COR,41.2,9.14,12.57,.444,7.34,3.56,2011
Brett Crable,SIM,9.2,16.67,13.89,.125,0,2.98,2011
Brennan Holm,BVU,4,18.18,9.09,.250,0,0.83,2011
Nick Baldocchi,DBQ,2,25.00,0.00,.333,0,-1.24,2011
Jake Norton,LOR,2,57.14,14.29,.500,0,0.43,2011
Kel Ganeku,BVU,1,33.33,0.00,.000,0,-1.24,2011
Ryan Scheetz,BVU,1,33.33,0.00,.000,0,-1.24,2011
Jerry Ellendson,COE,8,6.25,3.13,.310,1.12,0.42,2011
Marcus Walcsyk,WAR,25,15.38,12.50,.394,1.8,3.77,2011
Spencer Radabaugh,LOR,19.1,30.56,6.94,.366,1.86,1.31,2011
John King,COE,23.2,8.08,9.09,.363,1.9,2.33,2011
Tyler Hixson,COE,21.2,23.38,12.99,.348,2.08,2.51,2011
Landon Klostermann,DBQ,4,0.00,16.67,.250,2.25,5.82,2011
James Stone,BVU,32.1,21.77,8.87,.407,2.51,2.81,2011
Joe Moen,WAR,10.1,5.13,12.82,.226,2.61,4.73,2011
Nate Rost,WAR,17,19.35,9.68,.279,2.65,1.52,2011
Michael Jontz,CEN,30,20.34,13.56,.387,2.7,3.71,2011
Judson McKown,CEN,9.1,13.51,5.41,.300,2.89,0.60,2011
Kyle Dupic,BVU,30.2,16.39,8.20,.368,2.93,2.07,2011
Alex Korth,COE,12,18.18,2.27,.323,3,1.60,2011
Brenden Drahn,COE,17.2,12.16,4.05,.377,3.06,0.70,2011
Ben Roemmich,WAR,5.2,21.74,26.09,.500,3.18,5.52,2011
Alex Byom,LUT,35,14.53,17.95,.324,3.34,4.16,2011
Tyler Lefeber,BVU,34.1,36.51,14.29,.491,3.41,2.25,2011
Ryan Wuebker,BVU,36,26.32,10.53,.366,3.5,1.81,2011
Cole Boge,LOR,38,11.69,4.55,.373,3.79,0.94,2011
Zach Rogers,COR,2.1,42.86,100.00,-.200,3.86,23.15,2011
Bret Bell,CEN,20.1,13.16,17.11,.417,3.98,4.59,2011
Joe Martin,LUT,35.2,11.61,5.16,.418,4.04,1.84,2011
Reggie Kock,BVU,48,22.91,13.97,.408,4.12,3.50,2011
Jake Wittman,WAR,13,13.73,9.80,.424,4.15,4.25,2011
Jared Berlage,LUT,13,10.42,14.58,.452,4.15,4.89,2011
Mike Werkheiser,CEN,13,22.64,5.66,.444,4.15,1.09,2011
Jeremey Gerardy,LOR,27.1,10.71,9.82,.429,4.28,4.02,2011
Zach Picciotti,COE,26,11.11,11.11,.351,4.5,3.79,2011
Eric Edkin,DBQ,12,12.77,4.26,.323,4.5,8.06,2011
Todd Whited,DBQ,8,25.00,14.29,.313,4.5,2.55,2011
Warren Drucker,SIM,2,7.69,0.00,.455,4.5,9.96,2011
Mark Butler,SIM,17.2,18.75,11.25,.491,4.58,3.19,2011
Kyle Ruehle,SIM,37,19.05,10.88,.427,4.62,5.02,2011
Andrew Patzke,COR,28.1,14.81,16.67,.371,4.76,4.94,2011
Jarad George,BVU,32.1,12.20,15.45,.372,5.29,3.41,2011
Tyler Weiss,DBQ,10,23.26,11.63,.481,5.4,2.25,2011
Dan Grosser,WAR,31,9.38,13.28,.389,5.52,4.45,2011
Noah Nelsen-Gross,LUT,8,7.89,5.26,.533,5.62,3.17,2011
Drew Babinat,WAR,14.1,28.07,3.51,.344,5.65,4.48,2011
Jon Ringblom,BVU,20.2,12.94,7.06,.424,6.1,1.63,2011
Ryan Dusil,CEN,11.2,20.00,11.11,.433,6.17,3.49,2011
Kyle Staats,DBQ,38.2,9.94,7.45,.422,6.52,2.47,2011
Griffin Hatten,BVU,21,24.44,6.67,.386,6.86,2.48,2011
Caleb Rangel,CEN,5,21.05,10.53,.500,7.2,10.96,2011
Matt Russell,SIM,11,26.67,24.44,.737,7.36,6.05,2011
Jerrod Torkelson,LUT,21.1,17.86,17.86,.481,7.59,3.80,2011
Tim McGrane,COR,4.2,0.00,10.00,.471,7.71,4.15,2011
Kyler Laurie,LOR,32.1,12.24,11.56,.519,7.79,4.43,2011
Eric Rife,LOR,21.2,15.79,8.42,.418,7.89,4.14,2011
Michael Schinstock,WAR,17,9.72,6.94,.431,7.94,2.79,2011
John Russell,SIM,5.2,26.09,26.09,.636,7.94,5.28,2011
Josh Gordon,COE,14.1,13.56,13.56,.488,8.16,4.51,2011
Greg Farrey,LOR,4.1,15.79,10.53,.615,8.31,3.35,2011
Robert Endriss,SIM,2,40.00,10.00,.500,9,11.01,2011
Michael Chia,SIM,2,9.09,0.00,.500,9,-0.62,2011
Nicholas Martin,DBQ,1,0.00,33.33,1.000,9,11.63,2011
Kyle Pullins,SIM,4.2,26.09,8.70,.500,9.64,18.89,2011
Tim Ciskowski,DBQ,9,24.32,10.81,.750,10,5.63,2011
D.J. Glasgow,CEN,20.2,11.11,15.56,.526,10.02,7.53,2011
Drew Campbell,COR,7.2,9.09,21.21,.545,10.57,5.94,2011
Nathan Andersen,LUT,6.2,17.86,28.57,.917,10.8,9.32,2011
Rob Voges,COE,9.1,21.62,21.62,.929,11.57,13.56,2011
Andrew Marshall,BVU,4.1,13.04,26.09,.786,12.46,7.60,2011
Stefan Snyder,LUT,2,14.29,28.57,.500,13.5,5.20,2011
Nick Norris,COR,14.2,8.57,20.00,.630,14.73,7.93,2011
Jesse Searls,COR,9.1,8.00,10.00,.600,16.39,4.98,2011
Nick Battalini,LOR,1,20.00,40.00,1.000,18,10.39,2011
Jose Rodriguez,SIM,2.1,18.75,6.25,.818,19.29,3.77,2011
Mac Shepherd,DBQ,3,17.65,17.65,1.167,27,24.50,2011
Brad Walker,WAR,2,0.00,18.18,.667,31.5,5.82,2011
Nathan Jepsen,COR,1,0.00,7.69,.909,90,11.63,2011
Darin Schultz,CEN,0,0.00,66.67,3.000,99,Inf,2011
Judson McKown,CEN,45,14.97,5.99,.352,1.2,1.01,2012
Paul Krenger,DBQ,46.2,21.82,6.67,.288,1.74,1.47,2012
Dirk Lindaman,CEN,60.1,17.29,7.48,.306,1.79,0.79,2012
Scott Benson,WAR,94.2,26.69,5.34,.379,2.28,0.32,2012
Ben Strellner,COE,49.1,9.33,3.63,.342,2.37,1.93,2012
Augie Lindmark,LUT,73.1,15.75,9.52,.374,2.58,1.82,2012
Joel Pulliam,CEN,80.2,25.33,8.55,.307,2.79,1.73,2012
Will Petrosky,LOR,41.2,26.67,14.67,.412,2.81,2.09,2012
Ryan Doty,WAR,85,32.00,6.46,.397,2.86,0.93,2012
Ben Cottrell,LOR,59.2,17.18,8.81,.287,2.87,1.85,2012
Connor Alberhasky,COE,53,17.24,6.40,.338,2.89,1.76,2012
Adam Schwoebel,LOR,45.2,21.56,9.58,.376,2.96,1.96,2012
Ryan Goetzinger,CEN,54.2,18.48,9.00,.290,3.13,2.57,2012
Jose Rodriguez,SIM,48.1,14.66,7.85,.367,3.17,2.25,2012
Wade Morris,COE,81,9.51,4.26,.294,3.22,1.49,2012
Ryan Dusil,CEN,42.1,9.55,8.92,.258,3.4,3.15,2012
Alec Knop,LUT,57.2,18.92,9.01,.302,3.43,1.34,2012
Aaron Young,SIM,92,15.13,8.96,.351,3.52,2.00,2012
Kalen Mace,DBQ,42,22.93,12.10,.400,3.64,2.28,2012
Kyle Ruehle,SIM,52.2,16.93,18.52,.377,4.1,4.96,2012
Jon Ringblom,BVU,71.1,19.38,7.61,.368,4.16,2.25,2012
Mark Hennessy,DBQ,51.2,16.58,7.54,.370,4.18,1.87,2012
Michael Dirkx,BVU,66.2,22.31,15.94,.364,4.32,2.54,2012
Sean Raisch,COE,49.2,12.50,7.50,.386,4.53,1.24,2012
Reggie Kock,BVU,45,17.89,8.95,.395,4.8,2.60,2012
Danny Smith,LUT,64.1,11.46,6.32,.369,4.9,1.21,2012
Michael Schinstock,WAR,45.1,19.21,9.60,.363,5.36,1.36,2012
Chris Dorff,SIM,81.1,19.76,7.37,.434,5.53,1.47,2012
Charlie Muir,COR,71.2,12.46,8.30,.392,6.03,2.66,2012
Justin Brown,COR,46,8.37,8.84,.450,7.43,3.42,2012
Michael Jontz,CEN,2,12.50,0.00,.286,0,-0.56,2012
Joey Kilsdonk,DBQ,0.1,0.00,0.00,.000,0,0.00,2012
Jared Berlage,LUT,18.1,10.34,8.62,.273,0.98,2.71,2012
Ian Grigsby,BVU,32.2,26.05,8.40,.329,1.1,1.79,2012
Jesse Munsterman,BVU,7.2,26.67,10.00,.353,1.17,2.40,2012
James Stone,BVU,26.1,28.57,8.16,.383,1.37,0.81,2012
Alex Korth,COE,28.1,20.19,9.62,.348,1.59,1.77,2012
Andy Nelson,LUT,5,15.79,21.05,.333,1.8,3.52,2012
Mike Werkheiser,CEN,23.1,16.67,11.90,.288,1.93,2.41,2012
Tyler Lefeber,BVU,8,37.14,17.14,.917,2.25,4.73,2012
Griffin Hatten,BVU,23.2,23.71,9.28,.397,2.28,3.10,2012
Jeremy Gerardy,LOR,34.2,25.20,12.20,.394,2.34,2.61,2012
Kyle Stennes,COR,29.1,21.01,15.13,.342,2.45,3.29,2012
Kyle Koberna,DBQ,7.1,20.00,3.33,.348,2.45,-0.21,2012
Tyler Thorne,COR,16,11.59,14.49,.319,2.81,4.89,2012
Brad Walker,WAR,6.1,4.35,4.35,.286,2.84,0.68,2012
Bret Bell,CEN,6.1,34.78,17.39,.500,2.84,5.09,2012
Donny Baran,LOR,12.1,23.53,11.76,.516,2.92,2.35,2012
Kyle Staats,DBQ,25.2,21.70,10.38,.433,3.16,2.85,2012
Spencer Radabaugh,LOR,28.1,31.48,11.11,.473,3.18,2.19,2012
Andrew Withers,LUT,10.1,22.73,11.36,.393,3.48,2.00,2012
Chase Hirschauer,WAR,28,31.78,17.76,.522,3.54,4.19,2012
Austin Safranski,LOR,35.1,13.08,10.77,.376,3.57,2.84,2012
Max Nank,DBQ,16.2,2.90,8.70,.333,3.78,2.12,2012
Jake Scieszinski,SIM,17,4.41,4.41,.379,4.24,1.96,2012
Joshua Eastman,DBQ,37.1,14.00,10.67,.389,4.34,3.08,2012
Todd Whited,DBQ,26.2,21.15,8.65,.377,4.39,2.71,2012
Miles Canady,LOR,32.1,6.20,7.75,.333,4.45,2.76,2012
Michael Chia,SIM,6,20.83,0.00,.353,4.5,0.81,2012
Andrew Marshall,BVU,4,0.00,20.00,.500,4.5,3.93,2012
Kyle Helmerson,SIM,4,12.50,12.50,.333,4.5,2.06,2012
Zach Wilcox,COR,2,14.29,57.14,1.000,4.5,12.53,2012
Zach Rogers,COR,31.2,14.75,11.48,.390,4.55,3.05,2012
AJ Reuter,COE,23,10.00,8.89,.400,4.7,2.67,2012
Drew Arends,COE,39.1,12.74,14.65,.400,5.03,3.04,2012
Eric Jones,SIM,7,13.79,17.24,.526,5.14,3.85,2012
Marcus Walczyk,WAR,27,27.84,25.77,.439,5.33,4.51,2012
Brennan Holm,BVU,16.2,25.00,6.25,.371,5.4,3.95,2012
Phil Richmond,COE,37,29.69,31.25,.686,5.59,7.01,2012
Lucas Hadaway,BVU,25.1,20.59,12.75,.419,5.68,3.03,2012
Spencer Kuehn,DBQ,22,23.40,20.21,.608,5.73,4.51,2012
Joseph Moen,WAR,14,11.86,15.25,.472,5.79,5.42,2012
Jake Norton,LOR,9,11.11,19.44,.417,6,4.16,2012
Jerry Ellendson,COE,3,15.79,15.79,.636,6,7.61,2012
Eric Edkin,DBQ,8.2,9.68,19.35,.333,6.23,4.06,2012
Matt McKinney,LUT,21.1,15.12,12.79,.533,6.75,2.54,2012
Jackson Litterer,WAR,2.2,0.00,18.18,.500,6.75,7.14,2012
Travis Mateer,SIM,1.1,20.00,20.00,.333,6.75,3.74,2012
Jacob Courtright,COR,13.2,15.87,9.52,.386,7.24,4.82,2012
Jake Wittman,WAR,14.2,17.24,15.52,.429,7.36,5.95,2012
Brett Crable,SIM,3.2,40.00,6.67,.625,7.36,-0.46,2012
Matt Reynolds,LUT,44.2,12.57,16.94,.455,7.46,4.11,2012
Jeremy Ryan,COR,34.2,7.59,6.33,.444,7.53,1.60,2012
Logan Potter,LOR,8.1,18.42,2.63,.519,7.56,1.62,2012
Drew Campbell,COR,4.2,10.00,15.00,.385,7.71,8.99,2012
Connor Schreck,LOR,6.2,27.27,6.06,.600,8.1,6.21,2012
Alex Sharp,WAR,7.1,17.86,32.14,.600,8.59,10.75,2012
Beriah Quick,COR,32.1,11.68,21.17,.517,8.63,6.71,2012
Elliott Visuri,DBQ,16.2,18.57,14.29,.558,8.64,3.63,2012
Alex Byom,LUT,29,14.53,19.66,.479,8.69,4.22,2012
Tyler Hixson,COE,6,9.09,13.64,.667,9,3.99,2012
Kelsen Ganeku,BVU,2,14.29,42.86,.667,9,7.29,2012
Cam Beatty,BVU,8.2,16.22,16.22,.650,9.35,7.89,2012
Brian Birks,SIM,14.2,5.13,5.13,.522,9.82,3.24,2012
David Lowe,LUT,5,17.39,4.35,.625,10.8,2.25,2012
Joel Martin,LUT,7,10.00,7.50,.533,11.57,3.85,2012
Aaron Collins,COE,2.1,0.00,44.44,.800,11.57,9.97,2012
Brady Harris,DBQ,3,0.00,6.67,.333,12,5.24,2012
Corey Miller,LUT,8,7.89,15.79,.571,12.38,4.16,2012
Scott Harris,BVU,4.1,14.29,14.29,.923,12.46,5.57,2012
Jon Heinzman,WAR,7.1,14.29,17.14,.700,14.73,6.59,2012
Tim Ciskowski,DBQ,1.2,33.33,33.33,2.000,16.2,14.66,2012
Brenden Drahn,COE,2,16.67,8.33,.778,22.5,1.50,2012
Chris Rana,COR,3,5.88,64.71,2.000,42,25.18,2012
Nick Norris,COR,1.1,0.00,0.00,.667,47.25,4.76,2012
Alex Byom,LUT,49,18.13,15.20,.321,1.84,3.10,2013
Nate Whitham,LUT,37,8.72,10.74,.331,1.95,2.31,2013
Ben Cottrell,LOR,56.1,16.82,7.01,.297,2.08,2.06,2013
Jon Ringblom,BVU,61.2,26.18,7.30,.377,2.19,0.73,2013
Connor Alberhasky,COE,63.1,17.62,6.56,.356,2.7,1.55,2013
Will Petrosky,LOR,60.1,24.65,14.42,.383,2.83,2.12,2013
Josh Eastman,DBQ,56.2,11.52,5.99,.318,2.86,2.16,2013
Ryan Doty,WAR,51,29.80,7.07,.355,3,3.26,2013
Alec Knop,LUT,47.2,16.48,8.79,.358,3.02,1.38,2013
Drew Arends,COE,60,26.22,10.22,.377,3.15,1.44,2013
Ben Rettenmeier,WAR,83,21.10,8.44,.348,3.25,1.85,2013
Ryan Goetzinger,CEN,58,18.92,13.06,.349,3.26,2.13,2013
Ben Strellner,COE,62.2,7.57,3.19,.339,3.3,1.37,2013
Nick Martin,DBQ,46,13.69,6.55,.328,3.33,2.94,2013
Spencer Kuehn,DBQ,56.1,20.38,11.37,.343,3.51,3.01,2013
Scott Benson,WAR,80,21.62,5.07,.349,3.71,1.21,2013
Judson McKown,CEN,60.1,14.35,6.96,.354,3.73,1.36,2013
Ryan Dusil,CEN,51.1,7.84,8.33,.333,3.86,2.15,2013
Adam Schwoebel,LOR,60.1,19.25,7.11,.381,4.03,1.42,2013
Gage Reis,SIM,53.2,14.81,18.52,.328,4.19,3.76,2013
Junior Rodriguez,SIM,70,11.03,7.83,.396,4.5,2.12,2013
Marcus Walczyk,WAR,50,22.17,7.08,.455,4.5,1.94,2013
Michael Schinstock,WAR,47.1,22.91,7.26,.325,4.56,0.75,2013
Danny Smith,LUT,48.1,7.85,12.04,.388,4.66,3.01,2013
Matt Pennings,SIM,50,11.44,7.46,.361,4.68,1.99,2013
Scott Harris,BVU,43,19.62,15.19,.449,5.23,3.27,2013
Dirk Lindaman,CEN,56.1,12.66,7.59,.401,5.43,2.92,2013
Aaron Young,SIM,43,10.22,15.59,.553,10.67,4.04,2013
Jacob Schletzbaum,COE,5.2,9.09,9.09,.167,0,1.70,2013
Jesse Munsterman,BVU,4,28.57,35.71,.400,0,5.82,2013
Alex Steines,WAR,3,30.00,40.00,.667,0,6.29,2013
Brett Crable,SIM,2.2,10.00,0.00,.111,0,-0.54,2013
Alex Matzen,WAR,2,0.00,0.00,.286,0,0.00,2013
Aaron Collins,COE,1,0.00,0.00,.000,0,0.00,2013
Travis Misner,LOR,0,0.00,Inf,.000,0,Inf,2013
Tyson Valentine,BVU,11,11.76,5.88,.259,0.82,1.10,2013
Cam Beatty,BVU,10.2,30.56,30.56,.583,1.69,5.86,2013
Jeremy Gerardy,LOR,33.2,18.18,10.61,.356,1.87,2.18,2013
Alan Kopp,DBQ,13.2,11.76,15.69,.297,1.98,2.86,2013
Jake Bjorkgren,BVU,26.1,20.39,4.85,.333,2.05,0.54,2013
Parker Bolt,WAR,16.1,19.12,1.47,.346,2.2,0.08,2013
Wade Morris,COE,24,10.59,5.88,.243,2.25,0.95,2013
Brennan Holm,BVU,31.2,18.85,4.92,.300,2.27,0.74,2013
Danny Baran,LOR,15.1,15.09,7.55,.263,2.35,2.95,2013
Connor Schreck,LOR,19,17.65,11.76,.273,2.37,2.79,2013
Patrick Walsh,LOR,22.1,27.71,12.05,.417,2.42,1.80,2013
Jake Tickle,COE,11,14.29,11.90,.267,2.45,2.41,2013
Landon Klostermann,DBQ,3.2,18.75,18.75,.250,2.45,12.28,2013
Lucas Hadaway,BVU,20.1,25.61,12.20,.479,2.66,2.38,2013
Tyler Lefeber,BVU,16,14.52,9.68,.311,2.81,3.06,2013
Brock Borgeson,SIM,13.1,18.75,8.33,.321,3.38,6.15,2013
Andrew Withers,LUT,15.2,14.52,14.52,.395,3.45,2.98,2013
Kendall Hazel,BVU,30,11.29,8.87,.344,3.6,2.62,2013
Joey Kilsdonk,DBQ,12.1,8.00,10.00,.361,3.65,6.69,2013
Mark Schroeder,CEN,17,6.06,13.64,.269,3.71,3.02,2013
Ian Grigsby,BVU,28.2,20.00,8.70,.395,3.77,1.21,2013
Jake Norton,LOR,35.2,18.57,10.71,.404,3.79,3.15,2013
AJ Reuter,COE,36.1,11.35,4.26,.362,3.96,1.28,2013
Taylor Neff,SIM,20,9.33,12.00,.379,4.05,2.39,2013
Noah Nelson-Gross,LUT,6.2,11.54,7.69,.368,4.05,3.04,2013
Andrew Marshall,BVU,6.2,20.00,32.00,.364,4.05,7.18,2013
Joe Moen,WAR,17.2,5.63,2.82,.349,4.08,1.03,2013
Kyle Helmerson,SIM,15.1,36.36,30.91,1.143,4.11,7.20,2013
Eric Jones,SIM,24,17.89,15.79,.541,4.12,3.75,2013
Jake Scieszinski,SIM,28,10.09,8.26,.318,4.18,2.14,2013
Tyler Trifiletti,DBQ,34,11.11,11.85,.400,4.24,2.77,2013
Blake Peterson,LUT,25,11.34,14.43,.422,4.32,5.60,2013
Kelsen Ganeku,BVU,2,0.00,0.00,.333,4.5,0.00,2013
Griffin Hatten,BVU,15.2,27.59,25.86,.560,4.6,5.02,2013
Lucas Ware,DBQ,11.2,10.00,30.00,.448,4.63,7.48,2013
Jack Hoffmann,COE,21.1,7.87,5.62,.286,4.64,4.90,2013
Michael Jontz,CEN,22.2,17.65,15.29,.463,4.76,3.24,2013
Chase Hirschauer,WAR,19.1,13.70,12.33,.451,5.12,2.90,2013
Andy Carr,CEN,13.1,17.86,19.64,.576,5.4,5.79,2013
Kyle Brady,COE,31.1,8.82,7.35,.426,5.46,3.86,2013
Adam Bernstorf,BVU,23,16.67,10.71,.309,5.48,2.93,2013
Jeremy Santiago,COE,6,16.00,8.00,.222,6,4.48,2013
Matt McKinney,LUT,35.2,15.11,14.39,.441,6.06,3.69,2013
Matt Kass,LOR,14.2,12.90,14.52,.488,6.75,4.72,2013
Max Nank,DBQ,24.2,9.18,14.29,.493,6.93,5.27,2013
Tyler Hixson,COE,9.1,12.20,7.32,.625,7.71,1.81,2013
Ryan Deuel,CEN,17.1,13.75,20.00,.528,7.79,4.48,2013
James Longo,CEN,5.2,3.13,6.25,.464,7.94,5.86,2013
Robbie Rushing,CEN,10,15.38,17.95,.400,8.1,3.77,2013
Corey Miller,LUT,3.1,16.67,27.78,1.000,8.1,11.52,2013
Matt Schissel,CEN,21,6.19,9.28,.494,8.57,3.40,2013
Phillip Lapointe,LUT,4,5.26,21.05,.615,9,6.72,2013
Reggie Kock,BVU,13.2,11.86,20.34,.706,9.22,7.02,2013
Zane Butler,SIM,9.2,10.00,27.50,.565,9.31,7.41,2013
Jordan Jeske,DBQ,5.1,7.69,11.54,.556,10.12,9.04,2013
Andrew Nelson,LUT,5.1,0.00,28.57,.533,10.12,6.60,2013
Tim Ciskowski,DBQ,1,16.67,0.00,1.000,18,4.42,2013
Kelly O'Rourke,COE,4.2,13.64,9.09,.786,19.29,9.36,2013
Nick Petruzzi,LOR,1.2,16.67,66.67,.000,21.6,22.39,2013
Joel Martin,LUT,3.2,9.52,9.52,.706,22.09,2.76,2013
Aaron Laskowski,DBQ,2,27.27,0.00,1.200,22.5,6.62,2013
Michael Wilson,SIM,0.1,0.00,50.00,Inf,54,112.27,2013
Mitch Haferbier,DBQ,1,12.50,0.00,1.000,63,10.03,2013
Jon Ringblom,BVU,78.2,0.00,0.00,.000,1.03,-0.11,2014
Judson McKown,CEN,66,0.00,0.00,.000,1.5,0.06,2014
Ben Rettenmeier,WAR,79,0.00,0.00,.000,2.05,-0.04,2014
Alec Knop,LUT,58,0.00,0.00,.000,2.33,0.26,2014
Jake Norton,LOR,45.2,0.00,0.00,.000,2.36,0.02,2014
Matt Pennings,SIM,74,0.00,0.00,.000,2.68,-0.17,2014
Scott Harris,BVU,68,0.00,0.00,.000,2.78,0.14,2014
AJ Reuter,COE,57,0.00,0.00,.000,3,0.15,2014
Connor Alberhasky,COE,62.1,0.00,0.00,.000,3.18,0.25,2014
Matt Schissel,CEN,49.2,0.00,0.00,.000,3.26,0.08,2014
Parker Bolt,WAR,78.1,0.00,0.00,.000,3.33,0.14,2014
Michael Schinstock,WAR,53,0.00,0.00,.000,3.4,0.27,2014
Dakotah Wolken,CEN,65,0.00,0.00,.000,3.6,0.27,2014
Patrick Walsh,LOR,46.2,0.00,0.00,.000,4.05,0.30,2014
Gage Reis,SIM,67,0.00,0.00,.000,4.16,0.41,2014
Josh Eastman,DBQ,57.2,0.00,0.00,.000,5.15,0.03,2014
Teddy Klingsporn,LUT,40,0.00,0.00,.000,5.18,1.03,2014
Adam Schwoebel,LOR,53.1,0.00,0.00,.000,5.23,0.32,2014
Will Petrosky,LOR,52,0.00,0.00,.000,5.54,0.64,2014
Mitch Adams,LUT,1.1,0.00,0.00,.000,0,1.47,2014
Kyle Jagminas,LOR,1,0.00,0.00,.000,0,0.00,2014
Jackson Litterer,WAR,1,0.00,0.00,.000,0,1.62,2014
Joel Martin,LUT,1,0.00,0.00,.000,0,0.00,2014
Aaron Boettger,DBQ,0.2,0.00,0.00,.000,0,5.89,2014
Chris Fields,DBQ,0.1,0.00,0.00,.000,0,0.00,2014
Ian Grigsby,BVU,24.1,0.00,0.00,.000,0.74,0.14,2014
Mack Boothe,CEN,19.2,0.00,0.00,.000,1.37,0.51,2014
Justin Naval,DBQ,24.1,0.00,0.00,.000,1.85,0.50,2014
Cal Kragenbrink,COE,19,0.00,0.00,.000,1.89,0.80,2014
Connor Schreck,LOR,9,0.00,0.00,.000,2,0.62,2014
Brock Borgeson,SIM,29.2,0.00,0.00,.000,2.12,-0.01,2014
Justin Lange,BVU,36,0.00,0.00,.000,2.25,0.48,2014
Eric Jones,SIM,4,0.00,0.00,.000,2.25,1.21,2014
Lucas Hadaway,BVU,27.2,0.00,0.00,.000,2.28,0.02,2014
Cam Beatty,BVU,23.2,0.00,0.00,.000,2.28,0.96,2014
Michael Wilson,SIM,22.2,0.00,0.00,.000,2.38,0.50,2014
Jack Hoffmann,COE,37,0.00,0.00,.000,2.43,0.41,2014
Shane Chafa,WAR,3,0.00,0.00,.000,3,1.22,2014
Gavin Nadermann,WAR,17.1,0.00,0.00,.000,3.12,0.30,2014
Jacob Hadaway,BVU,23.2,0.00,0.00,.000,3.42,1.66,2014
Jacob Schletzbaum,COE,12.1,0.00,0.00,.000,3.65,0.74,2014
Trent Van Egtern,DBQ,31.2,0.00,0.00,.000,3.69,0.45,2014
Tyson Valentine,BVU,21.1,0.00,0.00,.000,3.8,0.29,2014
Kendall Hazel,BVU,18.2,0.00,0.00,.000,3.86,1.27,2014
James Longo Jr.,CEN,6.2,0.00,0.00,.000,4.05,0.78,2014
Jake Tickle,COE,17.2,0.00,0.00,.000,4.08,1.03,2014
Michael Golinski,COE,30.2,0.00,0.00,.000,4.11,0.42,2014
Daultan Gibson,SIM,15,0.00,0.00,.000,4.2,0.33,2014
Dalton Garst,DBQ,25.1,0.00,0.00,.000,4.26,0.13,2014
Kyle Helmerson,SIM,43,0.00,0.00,.000,4.4,0.18,2014
Daniel Karnick,DBQ,14,0.00,0.00,.000,4.5,0.86,2014
Adam Bernstorf,BVU,10,0.00,0.00,.000,4.5,0.96,2014
Corey Miller,LUT,8,0.00,0.00,.000,4.5,0.24,2014
Andy Sorensen,WAR,2,0.00,0.00,.000,4.5,0.59,2014
Jake Lewis,BVU,2,0.00,0.00,.000,4.5,3.45,2014
Nick Carlisle,SIM,2,0.00,0.00,.000,4.5,1.03,2014
DJ Utley,WAR,37.1,0.00,0.00,.000,4.58,0.20,2014
Harley Miller,DBQ,33,0.00,0.00,.000,4.64,1.07,2014
Ben Jacobson,COE,19.1,0.00,0.00,.000,4.66,0.45,2014
Ben Voss,LUT,11.1,0.00,0.00,.000,4.76,0.54,2014
Blake Judkins,CEN,37.1,0.00,0.00,.000,4.82,1.22,2014
Andy Carr,CEN,16.2,0.00,0.00,.000,4.86,1.12,2014
Jake Scieszinski,SIM,36.2,0.00,0.00,.000,4.91,-0.08,2014
Jeremy Gerardy,LOR,34.1,0.00,0.00,.000,4.98,0.79,2014
Alex Sharp,WAR,14.1,0.00,0.00,.000,5.02,1.54,2014
Jake Bjorkgren,BVU,44.2,0.00,0.00,.000,5.04,0.02,2014
Miles Canady,LOR,31.2,0.00,0.00,.000,5.12,0.63,2014
Matt Kass,LOR,22.2,0.00,0.00,.000,5.16,0.35,2014
Jacob Padilla,DBQ,13.1,0.00,0.00,.000,5.4,0.36,2014
Mitchell Haferbier,DBQ,10,0.00,0.00,.000,5.4,0.10,2014
Nate Witham,LUT,24.2,0.00,0.00,.000,5.47,1.03,2014
Adam Richman,SIM,29,0.00,0.00,.000,5.59,0.62,2014
Cody Reimer,LUT,25.2,0.00,0.00,.000,5.96,0.26,2014
Reed Stumpf,DBQ,31,0.00,0.00,.000,6.39,0.42,2014
Robbie Rushing,CEN,39.1,0.00,0.00,.000,6.41,0.63,2014
Alan Kopp,DBQ,22.1,0.00,0.00,.000,6.45,1.56,2014
Matt McKinney,LUT,38.1,0.00,0.00,.000,6.81,0.91,2014
Joey Kilsdonk,DBQ,7.2,0.00,0.00,.000,7.04,0.10,2014
Phillip LaPointe,LUT,27.2,0.00,0.00,.000,7.16,0.99,2014
Nate Beckman,LUT,10.2,0.00,0.00,.000,7.59,0.27,2014
Chase Hirschauer,WAR,13,0.00,0.00,.000,7.62,0.64,2014
Jeremy Santiago,COE,4.2,0.00,0.00,.000,7.71,1.75,2014
Michael Knouse,WAR,5.2,0.00,0.00,.000,7.94,2.43,2014
Ryan Dusil,CEN,32.2,0.00,0.00,.000,7.99,1.05,2014
Mark Schroeder,CEN,10,0.00,0.00,.000,8.1,1.13,2014
Andrew Withers,LUT,20.2,0.00,0.00,.000,8.27,0.90,2014
Kyle Brady,COE,27,0.00,0.00,.000,8.33,0.77,2014
Zach Forkenbrock,LOR,11.1,0.00,0.00,.000,8.74,1.40,2014
Alex Funaro,SIM,7,0.00,0.00,.000,9,0.44,2014
Greg Harris,CEN,1,0.00,0.00,.000,9,3.67,2014
Kody Massner,LOR,15.2,0.00,0.00,.000,9.19,0.99,2014
Blake Peterson,LUT,35.2,0.00,0.00,.000,9.34,0.92,2014
Tyler Trifiletti,DBQ,27.2,0.00,0.00,.000,9.43,0.58,2014
Alex Steines,WAR,19.1,0.00,0.00,.000,10.71,0.69,2014
Max Langheinrich,WAR,10.2,0.00,0.00,.000,10.97,2.23,2014
Tyler Hixson,COE,8,0.00,0.00,.000,11.25,0.35,2014
Jalen Sickels,SIM,10.1,0.00,0.00,.000,11.32,0.96,2014
Nick Petruzzi,LOR,2.2,0.00,0.00,.000,13.5,1.67,2014
Carlos Pineda,LUT,6.2,0.00,0.00,.000,14.85,1.45,2014
Ryan Moritz,DBQ,4.1,0.00,0.00,.000,16.62,0.29,2014
Aaron Young,SIM,3.2,0.00,0.00,.000,17.18,2.66,2014
Carter Trager,CEN,1,0.00,0.00,.000,18,1.62,2014
Taylor Gilson,WAR,1.2,0.00,0.00,.000,21.6,2.33,2014
Tony Becker,COE,1.2,0.00,0.00,.000,21.6,3.06,2014
Mac Shepherd,DBQ,1,0.00,0.00,.000,27,4.11,2014
Derek Erwin,DBQ,0.2,0.00,0.00,.000,54,10.27,2014
Andrew Nelson,LUT,0.1,0.00,0.00,.000,54,41.10,2014
Chad Fitzgerald,LOR,0,0.00,0.00,.000,99,Inf,2014
Joe Silversmith,LUT,0,0.00,0.00,.000,99,Inf,2014
Jack Hoffmann,COE,66.1,15.66,4.02,.359,1.63,0.48,2015
Teddy Klingsporn,LUT,67.2,24.38,7.02,.302,1.73,0.82,2015
Lucas Hadaway,BVU,23,36.14,13.25,.400,1.96,2.01,2015
Dylan Diveney,CEN,60.2,19.91,9.73,.305,2.23,2.14,2015
Taylor Gilson,WAR,68.1,23.14,10.20,.348,2.37,1.62,2015
Andy Carr,CEN,68.1,14.45,9.38,.335,2.37,1.67,2015
Connor Alberhasky,COE,82.1,21.82,10.10,.333,2.51,2.52,2015
Justin Lange,BVU,56,22.86,10.95,.366,2.57,1.83,2015
AJ Reuter,COE,63.2,17.69,2.69,.332,2.83,1.22,2015
Parker Bolt,WAR,85.2,17.54,4.09,.350,2.84,1.03,2015
Jake Bjorkgren,BVU,59.2,16.67,3.15,.310,2.87,1.44,2015
Wes Onken,BVU,40,18.12,5.37,.305,2.92,2.07,2015
Adam Schwoebel,LOR,75.2,11.23,2.46,.324,3.09,0.72,2015
Doug Van Dyke,DBQ,45,15.85,4.37,.362,3.2,1.35,2015
Gavin Nadermann,WAR,28,11.82,9.09,.376,3.21,2.12,2015
Ben Jacobson,COE,63.2,17.50,8.33,.325,3.39,2.66,2015
Dakotah Wolken,CEN,52.2,24.04,6.73,.353,3.42,1.85,2015
Max Langheinrich,WAR,63.2,17.79,4.74,.362,3.53,1.69,2015
Kendall Hazel,BVU,40.2,29.22,12.34,.469,3.54,2.29,2015
Matt Schissel,CEN,63.2,15.55,8.40,.315,3.96,3.25,2015
Alex Steines,LOR,60.2,24.23,12.78,.361,4.01,3.15,2015
Nate Beckman,LUT,59,14.88,4.96,.348,4.12,2.37,2015
Matt Pennings,SIM,67.2,16.72,4.53,.391,4.12,1.24,2015
Josh Eastman,DBQ,68,15.41,3.01,.364,4.37,0.95,2015
Ian Grigsby,BVU,34.2,15.00,8.57,.356,4.41,1.93,2015
Will Petrosky,LOR,61.2,18.18,22.08,.429,4.52,4.07,2015
Michael Knouse,WAR,63.1,22.86,8.57,.388,4.55,1.77,2015
Alec Knop,LUT,72.1,21.80,8.65,.480,4.98,1.01,2015
Jacob Hadaway,BVU,39.1,28.57,15.53,.554,5.03,2.84,2015
Trent Van Egtern,DBQ,52.2,18.96,11.37,.383,5.47,3.34,2015
Alex Dornacker,CEN,37.2,15.69,15.69,.459,5.5,4.55,2015
Jacob Padilla,DBQ,26,10.91,5.45,.422,5.54,1.56,2015
Connor Schreck,LOR,22.2,19.57,15.22,.556,5.56,3.65,2015
Jake Scieszinski,SIM,44,10.15,5.58,.404,5.73,3.41,2015
Tyler Trifiletti,DBQ,38.2,21.47,9.20,.514,5.82,1.86,2015
Brock Borgeson,SIM,42,21.18,7.65,.465,6,1.78,2015
Mark Schroeder,CEN,24.1,13.83,15.96,.304,6.29,7.91,2015
Reed Stumpf,DBQ,39.1,16.86,9.30,.484,6.64,2.24,2015
Jalen Sickels,SIM,21.2,11.36,17.05,.538,6.65,5.64,2015
Daultan Gibson,SIM,22,14.56,8.74,.474,6.95,3.21,2015
Zeb Noel,SIM,44.1,17.93,8.15,.483,7.11,3.85,2015
Kody Massner,LOR,22,14.14,9.09,.439,7.36,4.25,2015
Dan Millius,LOR,1.2,0.00,12.50,.143,0,4.18,2015
Matt Greene,LOR,1.2,16.67,33.33,.667,0,7.46,2015
Mason Whitham,LUT,1.2,40.00,0.00,.333,0,-1.78,2015
Brett Kirk,LOR,0,0.00,Inf,.000,0,Inf,2015
Andy Sorensen,WAR,9.2,8.11,5.41,.250,0.93,0.74,2015
Robert Hovey,LOR,9,27.27,12.12,.333,2,2.27,2015
David Lowe,LUT,13,20.83,2.08,.389,2.08,-0.05,2015
Matt Burrell,SIM,8.1,23.08,23.08,.250,2.16,5.79,2015
Chris Tomkins,WAR,10.2,14.29,0.00,.207,2.53,-0.03,2015
Chris Fields,DBQ,9,13.89,8.33,.308,3,2.19,2015
Jeremy Santiago,COE,17.2,14.06,12.50,.400,3.06,3.12,2015
Thomas Schaedel,COE,18.2,17.33,6.67,.429,3.38,1.62,2015
Zach Forkenbrock,LOR,5.1,10.00,20.00,.214,3.38,3.51,2015
Jake Lewis,BVU,13,15.00,6.67,.543,3.46,1.19,2015
Eli Patrikus,LUT,15.1,6.45,6.45,.315,3.52,1.04,2015
Blake Judkins,CEN,12,29.17,2.08,.375,3.75,0.69,2015
Tyler Smith,COE,6.2,20.69,10.34,.450,4.05,1.39,2015
Cody Reimer,LUT,12.1,16.33,16.33,.313,4.38,4.11,2015
Tony Becker,COE,20.1,12.66,13.92,.321,4.43,2.71,2015
Carlos Pineda,LUT,4,21.43,14.29,.429,4.5,4.21,2015
Joe Silversmith,LUT,4,23.81,9.52,.667,4.5,3.67,2015
Bud Smith,SIM,2,25.00,37.50,.667,4.5,6.45,2015
Blake Peterson,LUT,43,17.92,12.14,.464,4.81,2.96,2015
Ethan Kain,SIM,14.1,22.22,25.93,.462,5.02,4.78,2015
Daniel Karnick,DBQ,5.1,13.04,26.09,.500,5.06,5.27,2015
Gage Reis,SIM,17.2,20.83,9.72,.468,5.09,3.52,2015
Dalton Garst,DBQ,35,13.66,1.86,.415,5.66,0.28,2015
Eric Huber,WAR,6,14.81,7.41,.450,6,4.00,2015
Dalton Mason,BVU,3,25.00,0.00,.583,6,-1.42,2015
Shane Chafa,WAR,30.2,13.82,9.76,.374,6.46,3.20,2015
Patrick Walsh,LOR,33,16.79,9.92,.402,7.09,4.99,2015
Nick Carlisle,SIM,6.1,8.82,5.88,.519,7.11,4.93,2015
Cal Kragenbrink,COE,29,11.50,19.47,.463,7.14,6.13,2015
Andrew Withers,LUT,17.2,10.13,3.80,.452,7.64,3.66,2015
Nick Spiess,LOR,20.1,14.12,9.41,.351,7.97,4.67,2015
Nick Petruzzi,LOR,9,14.63,24.39,.625,8,5.41,2015
Mitch Adams,LUT,20,17.98,6.74,.441,8.1,5.30,2015
Cam Beatty,BVU,8.2,33.33,45.45,7.000,8.31,13.01,2015
Michael Greene,COE,15,19.05,9.52,.405,8.4,6.47,2015
Curt Castenson,SIM,12.1,12.00,18.00,.448,8.76,7.87,2015
Derek Erwin,DBQ,4,11.76,11.76,.600,9,5.73,2015
Charlie Ruff,BVU,3,23.08,46.15,2.000,9,12.29,2015
Tanner Eckhart,WAR,3,16.67,0.00,.444,9,0.96,2015
Marshall Shedeck,COE,3,5.88,0.00,.533,9,1.31,2015
Caylor Deeth,SIM,1,0.00,0.00,.333,9,18.24,2015
Sean Westendorf,LUT,1,50.00,25.00,1.000,9,2.87,2015
Austin Meyer,CEN,14.1,15.63,14.06,.528,9.42,7.51,2015
Tyson Valentine,BVU,6.2,12.00,8.00,.500,9.45,1.10,2015
Nate Whitham,LUT,8.1,10.81,18.92,.542,9.72,6.67,2015
Aaron Boettger,DBQ,2.2,11.11,11.11,1.000,10.12,10.90,2015
Zach Brown,CEN,4.2,21.05,26.32,.875,11.57,7.33,2015
Brad Schwind,LOR,16.1,16.05,9.88,.614,12.12,4.20,2015
Nick Arnold,WAR,7.1,12.12,6.06,.476,12.27,10.63,2015
Samuel Langfritz,WAR,4,19.05,28.57,.800,13.5,7.70,2015
Austin Chipps,CEN,2,25.00,8.33,.714,13.5,10.02,2015
Jake Voss,CEN,4.1,4.76,28.57,.538,14.54,11.52,2015
Adam Carey,CEN,1,0.00,25.00,.667,18,5.01,2015
Tyler Lester,SIM,4.2,18.18,22.73,.600,19.29,11.67,2015
Andrew Brierton,COE,1.1,0.00,50.00,1.333,20.25,13.66,2015
Colin Sexton,SIM,1,0.00,14.29,.667,36,5.01,2015
Jordan Kohls,LUT,0.2,50.00,50.00,-1.000,54,89.52,2015
Cody Torkelson,LUT,0.1,0.00,50.00,3.000,99,150.31,2015
David Keaton,COE,0,0.00,300.00,-.500,99,Inf,2015
Tanner Eckhart,WAR,62.1,24.11,6.25,.284,1.3,0.23,2016
Parker Bolt,WAR,84,18.06,4.84,.303,2.46,0.91,2016
Nate Beckman,LUT,86.2,12.93,7.18,.372,3.12,1.65,2016
Jacob Hadaway,BVU,56.2,22.01,14.35,.365,3.18,2.33,2016
Max Langheinrich,WAR,78,17.16,4.62,.351,3.81,0.62,2016
Keenan Jones,BVU,55.1,20.37,10.19,.355,4.07,2.16,2016
Blake Peterson,LUT,73.2,26.84,13.24,.388,4.15,2.32,2016
Thomas Schaedel,COE,60,16.18,8.30,.418,4.2,2.30,2016
Justin Lange,BVU,62,18.53,12.93,.325,4.21,1.66,2016
Zach Kammin,COE,52.2,24.37,14.72,.367,4.27,3.12,2016
Dakotah Wolken,CEN,53.2,17.54,7.02,.461,4.36,1.30,2016
Alex Steines,LOR,66.2,19.33,8.18,.389,4.46,1.13,2016
Doug Van Dyke,DBQ,62.1,19.35,9.68,.405,4.48,1.93,2016
Taylor Gilson,WAR,71,23.47,6.12,.400,4.56,1.49,2016
Jacob Padilla,DBQ,52.1,18.75,7.69,.327,4.64,1.88,2016
Ben Jacobson,COE,67.2,15.65,8.78,.366,4.79,2.53,2016
Teddy Klingsporn,LUT,70,16.55,7.55,.382,4.89,2.25,2016
Cody Reimer,LUT,59.2,17.14,9.80,.409,5.13,2.29,2016
Reed Stumpf,DBQ,65.2,19.34,9.12,.431,5.76,2.10,2016
Gage Reis,SIM,50.1,17.19,6.33,.460,5.9,1.33,2016
Brad Schwind,LOR,56.2,25.11,9.59,.419,6.04,3.00,2016
Trevor Dudar,SIM,54.2,17.18,6.17,.442,6.91,1.64,2016
Jalen Sickels,SIM,48,19.66,20.79,.512,7.12,4.61,2016
Brock Borgeson,SIM,53,23.11,4.44,.493,7.47,1.71,2016
Matt Schissel,CEN,50.2,12.44,11.98,.507,7.64,3.23,2016
Patrick Walsh,LOR,38.1,18.18,10.39,.455,7.75,4.19,2016
Brandon Zumbach,CEN,5,16.67,16.67,.533,0,3.35,2016
Brian Sholty,DBQ,4,22.22,33.33,.250,0,2.60,2016
Spencer Gritsch,CEN,3,27.27,9.09,.500,0,1.83,2016
Zach Brown,CEN,1.1,0.00,0.00,.250,0,0.00,2016
Drew McDonough,CEN,1,25.00,25.00,1.000,0,7.22,2016
Sam Acheson-Adams,COE,0.2,0.00,0.00,.333,0,0.00,2016
Trent Van Egtern,DBQ,11.1,14.63,7.32,.233,1.59,1.35,2016
Dylan Diveney,CEN,15,32.76,5.17,.429,1.8,-0.01,2016
Austin Bohling,WAR,18.2,14.29,9.52,.255,1.93,1.13,2016
Mason Whitham,LUT,26.1,10.31,10.31,.338,2.05,1.68,2016
Mitch Adams,LUT,3.2,14.29,7.14,.444,2.45,3.25,2016
Tyson Valentine,BVU,41,14.12,7.06,.388,3.07,0.68,2016
Andy Sorenson,WAR,11,16.67,9.52,.393,3.27,2.02,2016
Wes Onken,BVU,33,17.78,2.22,.392,3.55,1.41,2016
Chase Kueter,DBQ,20,15.19,7.59,.411,3.6,2.24,2016
Tyler Verona,COE,22.1,12.64,21.84,.442,3.63,4.44,2016
Chris Tomkins,WAR,25.1,10.00,3.33,.278,3.91,1.56,2016
Nick Carlisle,SIM,6.2,13.04,8.70,.385,4.05,4.14,2016
Matt Greene,LOR,4.1,22.22,5.56,.417,4.15,3.73,2016
Derek Erwin,DBQ,14.2,18.75,4.69,.426,4.3,1.44,2016
Brian Pall,LOR,8,28.57,11.43,.550,4.5,1.45,2016
Dalton Mason,BVU,17.2,20.90,8.96,.364,4.58,2.03,2016
Nick Sewruk,DBQ,7.2,9.38,6.25,.370,4.7,0.76,2016
Hoffman,LOR,27.2,13.27,11.22,.296,4.88,2.06,2016
Daniel Karnick,DBQ,38.2,16.90,9.15,.376,4.89,1.54,2016
Shane Chafa,WAR,12.1,8.70,13.04,.371,5.11,2.93,2016
Aidan Wojciehowski,LOR,19.1,33.33,26.98,.632,5.12,4.47,2016
Joey Cardamon,LUT,18.2,19.44,16.67,.372,5.3,3.25,2016
Lucas Robbins,COE,21.1,7.37,8.42,.458,5.48,2.78,2016
Billy Coppage,CEN,28.2,14.68,13.76,.443,5.65,2.81,2016
Kendall Hazel,BVU,25.1,23.91,19.57,.538,5.68,5.08,2016
Mark Schroeder,CEN,28.1,17.80,8.47,.386,5.72,2.13,2016
Dalton Garst,DBQ,13.2,14.29,5.36,.400,5.93,3.54,2016
Jake Lewis,BVU,33,15.20,16.00,.481,6,4.02,2016
J Lowery,SIM,3,46.15,7.69,.500,6,-0.38,2016
Frankie Mauro,CEN,36.1,15.19,8.86,.410,6.19,1.92,2016
Nathan Schneiderman,DBQ,4.1,12.50,18.75,.273,6.23,2.53,2016
Patrick Moriarty,LOR,29.2,14.06,10.16,.402,6.37,3.05,2016
Charlie Ruff,BVU,16,25.86,15.52,.452,6.75,2.89,2016
Jake Halverson,LUT,5.1,8.70,13.04,.444,6.75,2.04,2016
Ryan LaPage,LUT,4,12.50,12.50,.545,6.75,2.60,2016
Robert Primrose,WAR,1.1,60.00,60.00,-1.000,6.75,8.67,2016
Tyler Englehardt,SIM,23.1,17.20,15.05,.433,6.94,2.84,2016
Joe Silversmith,LUT,10,17.78,15.56,.586,7.2,3.61,2016
Trey Kehoe,SIM,21,16.67,4.44,.478,7.29,1.94,2016
Ryan Duncan,BVU,11,22.00,18.00,.586,7.36,3.78,2016
Charlie Palmer,CEN,31.2,14.52,14.52,.443,7.39,4.02,2016
Blake Judkins,CEN,30.1,19.30,24.56,.509,7.42,5.40,2016
David Keaton,COE,31.2,10.45,18.66,.456,7.67,4.52,2016
Tyler Trifiletti,DBQ,28,18.26,7.83,.432,7.71,1.61,2016
Alex Milne,COE,12.2,12.00,8.00,.441,7.82,3.76,2016
Jonathan Greiner,SIM,10,2.27,9.09,.432,8.1,2.34,2016
Tyler Smith,COE,20.2,15.56,8.89,.452,8.27,4.31,2016
Seth Eash,CEN,9.2,15.91,6.82,.414,8.38,7.49,2016
Colin Coffey,LUT,7.1,13.33,13.33,.333,8.59,3.86,2016
Derek Kornfeind,DBQ,8.1,18.92,8.11,.458,8.64,3.56,2016
James Christ,COE,19.2,4.76,8.33,.388,8.69,4.22,2016
Gavin Nadermann,WAR,12.1,15.38,11.54,.444,8.76,2.98,2016
Daultan Gibson,SIM,27,15.75,8.66,.573,9,3.63,2016
Nick Petruzzi,LOR,4,5.88,35.29,.875,9,7.86,2016
Collin Nimrod,LUT,11.2,8.77,14.04,.525,9.26,5.85,2016
Robert Hovey,LOR,18.1,12.16,21.62,.455,9.33,5.44,2016
Nate Whitham,LUT,7.2,7.32,14.63,.452,9.39,5.05,2016
Kyle Crampton,CEN,10,17.95,17.95,.571,9.9,5.97,2016
Tyler Tomaka,LOR,6.1,20.83,29.17,.625,9.95,8.32,2016
Michael Knouse,WAR,9,28.21,17.95,.778,11,3.43,2016
Sawer Ocheltree,SIM,4,14.29,4.76,.438,11.25,4.04,2016
Curt Castenson,SIM,8.2,19.05,16.67,.667,12.46,2.61,2016
Andrew Brierton,COE,6.1,10.34,6.90,.556,12.79,10.12,2016
Nick Spiess,LOR,15.2,18.18,15.58,.638,13.21,4.16,2016
Adam Richman,SIM,11.2,16.33,26.53,1.067,13.89,8.76,2016
Michael Golinski,COE,3,6.25,0.00,.500,15,4.61,2016
Mitchell Schaffner,CEN,3,20.00,33.33,1.800,15,8.56,2016
Adam Bernstorf,BVU,5.2,11.54,26.92,.571,17.47,8.54,2016
Jacob Petry,SIM,2.1,6.25,6.25,.615,19.29,8.51,2016
Phillip Lapointe,LUT,4,12.50,25.00,1.000,20.25,11.32,2016
Colin Sexton,SIM,2,0.00,40.00,1.000,27,19.47,2016
Adam Carey,CEN,2,7.69,30.77,1.167,36,11.69,2016
Zach Forkenbrock,LOR,0.1,0.00,33.33,1.000,54,40.39,2016
A. Bohling,WAR,40.2,28.46,11.54,.293,0.89,1.44,2017
Lucas Robbins,COE,33,21.85,11.76,.338,3.55,2.85,2017
Michael Golinski,COE,28,22.55,12.75,.473,4.18,4.44,2017
Tyler Tomaka,LOR,27.2,27.19,14.04,.500,4.55,3.16,2017
Westendorf,LUT,8.1,12.90,16.13,.381,0,3.63,2017
Jared Scdoris,NWU,2.2,40.00,10.00,.400,0,0.38,2017
Mitch Adams,LUT,2,66.67,16.67,.000,0,0.42,2017
Nate Haveman,BVU,1,66.67,0.00,.000,0,-2.44,2017
Jordan Nelson,DBQ,1,0.00,100.00,.000,0,11.43,2017
Zach Greder,CEN,0.1,0.00,0.00,.000,0,57.16,2017
Nathan Schneidermann,DBQ,38,33.87,6.45,.257,0.47,0.46,2017
A. Jordan,WAR,18.2,17.65,10.29,.388,0.96,1.39,2017
Kyle Jagminas,LOR,5.2,8.70,0.00,.200,1.59,0.63,2017
Dylan Diveney,CEN,43.1,26.62,7.79,.300,1.66,0.56,2017
Eli Patrikus,LUT,9,8.57,0.00,.281,2,-0.41,2017
Dalton Mason,BVU,22,27.16,8.64,.367,2.05,2.06,2017
Nick Sewruk,DBQ,12.2,22.64,3.77,.405,2.13,0.68,2017
Jake Lewis,BVU,69.1,12.45,12.45,.345,2.21,3.06,2017
Chase Kueter,DBQ,80.1,22.30,3.93,.324,2.24,0.84,2017
Jack Greene,COE,59.2,27.14,18.57,.368,2.41,3.87,2017
B. Milewski,WAR,7.1,22.73,31.82,.400,2.45,4.78,2017
M. Langheinr,WAR,85,24.76,6.75,.332,2.54,2.34,2017
Thomas Schaedel,COE,73.2,21.25,7.67,.351,2.57,2.13,2017
Egan Bonde,BVU,28,11.93,7.34,.369,2.57,1.88,2017
Nate Beckman,LUT,83,17.53,5.52,.365,2.6,1.41,2017
Billy Coppage,CEN,51.2,11.68,9.64,.286,2.61,3.35,2017
Gage Smart,BVU,34.1,21.71,9.30,.349,2.62,1.51,2017
T. Gilson,WAR,97,21.88,7.39,.298,2.69,2.15,2017
McKnight,LUT,3.1,8.33,33.33,1.000,2.7,12.51,2017
Brody Murphy,NWU,72.1,25.00,11.36,.377,2.86,3.03,2017
Tanner Wood,CEN,15.2,25.00,12.50,.471,2.87,1.89,2017
Zach Edwards,CEN,44.1,12.57,5.14,.348,3.05,1.97,2017
Adam Carey,CEN,26.1,26.44,22.99,.351,3.08,6.00,2017
Jacob Hadaway,BVU,69,25.93,11.93,.359,3.13,2.47,2017
Andy Bower,BVU,19.2,20.00,14.67,.413,3.2,4.00,2017
Tanner Jansen,SIM,27,25.00,4.46,.419,3.33,0.85,2017
Ben Milks,LOR,29.2,20.72,8.11,.447,3.34,1.39,2017
E. Huber,WAR,15.1,22.95,6.56,.436,3.52,2.90,2017
Cody Reimer,LUT,63.1,18.60,14.05,.446,3.55,2.99,2017
Doug Van Dyke,DBQ,71.1,17.91,6.72,.376,3.66,1.24,2017
Zach Forkenbrock,LOR,14.2,10.34,8.62,.465,3.68,3.11,2017
Robert Hovey,LOR,52.2,14.61,8.68,.405,3.76,2.75,2017
Ethan Weinandy,CEN,11.2,21.28,17.02,.462,3.86,4.53,2017
Blake Vande Hoef,BVU,7,12.50,20.83,.357,3.86,5.19,2017
Jordan Kaplan,COE,4.2,10.00,15.00,.400,3.86,3.50,2017
Jesse Maguire,NWU,73.1,21.33,7.34,.368,3.93,2.10,2017
Joe Silversmith,LUT,42.1,19.50,9.43,.415,4.04,2.45,2017
Jayden Clark,BVU,11,6.67,8.89,.405,4.09,2.27,2017
Nicholas Long,CEN,57,16.14,13.00,.399,4.11,3.17,2017
Teddy Klingsporn,LUT,65.2,21.93,4.09,.392,4.11,0.99,2017
Cal Kragenbrink,COE,8.2,11.76,23.53,.412,4.15,10.31,2017
Reed Stumpf,DBQ,59,18.85,6.15,.425,4.27,1.63,2017
Ben Jacobson,COE,63.2,18.11,5.66,.398,4.38,1.45,2017
T. Eckhart,WAR,63.1,24.80,3.94,.382,4.41,1.85,2017
Trey Kehoe,SIM,55,8.66,6.49,.372,4.42,2.50,2017
M. Knouse,WAR,36,23.24,10.56,.432,4.5,2.64,2017
Tommy Gleason,LUT,2,12.50,25.00,.500,4.5,7.96,2017
Brad Schwind,LOR,61.1,26.52,9.13,.394,4.55,3.01,2017
Tate Holmes,BVU,38.2,10.07,6.04,.345,4.66,3.00,2017
Nick Spiess,LOR,44.1,17.71,18.29,.453,4.67,4.75,2017
Aidan Wojciehowski,LOR,24.1,27.47,15.38,.420,4.81,3.16,2017
Patrick Moriarty,LOR,37,15.65,12.24,.354,4.86,4.33,2017
Keenan Jones,BVU,46.2,12.37,9.14,.360,5.01,3.39,2017
G. Nadermann,WAR,19.2,21.25,6.25,.446,5.03,1.00,2017
Austin Ragland,NWU,50,13.27,6.12,.369,5.04,2.37,2017
Charlie Palmer,CEN,48.2,22.16,12.43,.371,5.18,3.22,2017
Kyle Crampton,CEN,17,9.86,8.45,.442,5.29,4.42,2017
C. Tomkins,WAR,23.1,18.09,9.57,.419,5.4,3.47,2017
Trent Van Egtern,DBQ,30,18.80,5.98,.383,5.4,3.28,2017
Derek Erwin,DBQ,15,25.42,8.47,.421,5.4,1.07,2017
Ryan LaPage,LUT,8.1,13.89,11.11,.407,5.4,2.07,2017
Alex Milne,COE,9.2,10.42,4.17,.450,5.59,1.20,2017
Colin Coffey,LUT,35.1,30.94,14.39,.574,5.6,3.07,2017
Micah Hoage,NWU,25.2,9.17,7.34,.402,5.61,3.44,2017
Caylor Deeth,SIM,16,8.33,18.33,.372,5.62,3.91,2017
Michael Prang,LOR,8,20.00,13.33,.375,5.62,8.57,2017
Andrew Schmit,COE,40.2,15.38,8.24,.417,5.75,3.74,2017
Ben Voss,LUT,7.2,15.15,9.09,.417,5.87,2.33,2017
Nate Teitler,NWU,16.1,20.00,25.45,.481,6.06,5.20,2017
Sean Conneely,LOR,11.2,16.67,8.33,.457,6.17,1.68,2017
Joey Cardamon,LUT,28.2,20.00,10.00,.487,6.28,2.61,2017
Adam Richman,SIM,49.1,17.51,6.45,.470,6.57,2.32,2017
Connor Cech,NWU,13.2,8.62,6.90,.400,6.59,3.00,2017
Cam Lulow,NWU,23,11.70,5.32,.366,6.65,3.71,2017
James Christ,COE,10.2,0.00,8.70,.400,6.75,3.36,2017
Casey Hendricks,BVU,5.1,22.73,31.82,.500,6.75,6.65,2017
Tyler Dralle,COE,5.1,9.09,4.55,.389,6.75,1.76,2017
Dalton Hinrichs,NWU,19.1,12.99,12.99,.510,6.98,6.33,2017
Curt Castenson,SIM,46,12.37,13.40,.387,7.04,4.12,2017
Jacob Padilla,DBQ,31.1,13.04,7.25,.375,7.18,3.21,2017
Nick Carlisle,SIM,13.1,10.00,8.33,.475,7.43,6.70,2017
Devon Veach,SIM,8.1,34.38,34.38,1.000,7.56,7.52,2017
Tyler Vorrie,BVU,9.1,12.77,10.64,.500,7.71,5.25,2017
Sam Condello,NWU,22.1,10.89,6.93,.467,8.06,5.32,2017
Colson Frakes,SIM,17,18.92,18.92,.595,8.47,5.05,2017
J Lowery,SIM,11.2,6.67,26.67,.375,8.49,10.21,2017
Colin Sexton,SIM,20.1,18.42,23.68,.537,8.85,5.87,2017
Alex Oswald,NWU,1,0.00,16.67,.600,9,5.72,2017
Rece Martin,CEN,12.2,10.71,21.43,.541,9.24,6.73,2017
Blake Judkins,CEN,7.2,40.00,23.33,.889,9.39,5.11,2017
Tyler Englehardt,SIM,18.2,15.85,32.93,.700,9.64,9.90,2017
,BVU,2.2,20.00,30.00,.600,10.12,6.69,2017
Nick Bruno,NWU,10.2,12.82,35.90,.400,10.97,13.01,2017
Mason Whitham,LUT,5.2,29.63,22.22,2.000,11.12,12.41,2017
David Keaton,COE,7,17.86,39.29,.818,11.57,8.93,2017
Derek Kornfeind,DBQ,8,11.43,0.00,.483,12.38,0.82,2017
Tyler Carlson,DBQ,2.2,20.00,6.67,.600,13.5,10.39,2017
Spencer Hoyka,CEN,2,0.00,20.00,.714,13.5,8.57,2017
Robert Stanton,CEN,10,29.55,36.36,1.200,14.4,10.42,2017
Jeffrey Anders,COE,2.1,22.22,22.22,.600,15.43,4.28,2017
Richard Bryza,LOR,4,4.17,4.17,.450,15.75,11.53,2017
Zach Kammin,COE,1.1,14.29,0.00,.500,20.25,-1.11,2017
Tucker McHugh,NWU,2.1,7.14,14.29,.700,23.14,7.59,2017
Brian Sholty,DBQ,1.2,33.33,22.22,1.667,27,11.24,2017
Jonathan Greiner,SIM,3,0.00,10.00,.563,33,12.65,2017
Nolan Even,LOR,0.1,0.00,0.00,.667,81,208.04,2017
Owen Gubbels,NWU,0,0.00,0.00,1.000,99,NA,2017
Tanner Eckhart, WAR,75,22.97,3.53,.307,1.2,0.10,2018
Joey Cardamon, LUT,81.2,18.03,4.76,.291,1.43,1.01,2018
Alex Timp, COE,54,13.16,10.00,.326,2.67,2.41,2018
Chase Kueter, DBQ,94,22.10,2.55,.289,2.68,0.23,2018
Brad Schwind, LOR,67.1,33.75,11.25,.381,2.81,1.50,2018
Tyler Boesel, LUT,51,22.11,10.53,.393,2.82,1.64,2018
Doug Van Dyke, DBQ,78.1,22.52,3.97,.327,2.99,0.57,2018
Tyler Carlson, DBQ,53.2,11.42,4.57,.324,3.19,0.95,2018
Jack Greene, COE,46.2,29.83,20.44,.494,3.28,2.80,2018
Benjamin Milewski, WAR,58,15.24,9.52,.349,3.41,2.01,2018
Colin Coffey, LUT,60.1,20.80,6.19,.361,3.43,1.17,2018
Nick Spiess, LOR,54.1,18.22,6.54,.377,3.64,1.44,2018
Darren Kilpatrick, WAR,39,10.96,6.16,.296,3.69,1.26,2018
Dylan Diveney, CEN,53.1,30.37,7.48,.465,3.71,1.07,2018
Riley Ward, NWU,38.1,18.49,8.90,.381,3.76,2.40,2018
Dylan Gotto, WAR,45.1,20.00,9.71,.397,3.77,1.33,2018
Zach Edwards, CEN,53.1,22.60,5.77,.403,4.05,0.98,2018
Eric LaRue, BVU,46,21.51,19.77,.434,4.3,2.59,2018
Andrew Schmit, COE,61.2,18.40,8.00,.379,4.38,1.77,2018
Egan Bonde, BVU,53,14.43,2.99,.340,4.42,0.94,2018
Jesse Maguire, NWU,64,20.31,9.96,.464,4.64,1.90,2018
Nick Long, CEN,51,19.00,8.00,.414,4.76,1.60,2018
Tanner Jansen, SIM,54,18.02,10.36,.381,4.83,1.87,2018
Trey Kehoe, SIM,59,15.00,10.42,.417,5.19,2.99,2018
Gage Smart, BVU,51.1,13.94,11.54,.413,7.01,3.55,2018
Hayden Parker, NWU,38.2,14.29,4.57,.403,7.22,1.77,2018
Curt Castenson, SIM,47.2,19.27,15.63,.583,7.55,4.21,2018
J. Seifert, NWU,3,16.67,8.33,.375,0,2.23,2018
Brady Kraus, WAR,1.1,25.00,25.00,.500,0,3.04,2018
N. Teitler, NWU,1,0.00,25.00,.333,0,4.25,2018
Spencer Davidson, CEN,1,0.00,0.00,.200,0,0.00,2018
Tyler Tennyson, BVU,1,12.50,0.00,.667,0,3.34,2018
Micah Hoage, NWU,1,33.33,0.00,.000,0,-0.91,2018
Travis Pelton, LOR,1,75.00,0.00,1.000,0,-2.72,2018
Brent Pendraft, SIM,0.2,0.00,75.00,Inf,0,84.93,2018
James Christ, COE,0.1,33.33,0.00,.500,0,-9.06,2018
W. Stute, NWU,0,0.00,Inf,.000,0,Inf,2018
McCarville, NWU,0,0.00,Inf,.000,0,Inf,2018
Ryan LaPage, LUT,7.1,25.93,11.11,.429,1.23,2.70,2018
Calvin Brinda, LUT,14.1,11.11,9.52,.400,1.26,1.36,2018
Tyler Tomaka, LOR,26.1,35.16,13.19,.277,1.37,0.84,2018
Aidan Wojciehowski, LOR,39.1,38.85,7.91,.366,1.6,0.27,2018
Zach Kammin, COE,10,20.59,2.94,.250,1.8,0.64,2018
Ben Milks, LOR,30.2,9.09,10.91,.181,2.05,2.83,2018
Drew Poulas, NWU,4,31.25,0.00,.364,2.25,-1.13,2018
Nick Henrichs, BVU,27,30.93,16.49,.449,2.67,2.65,2018
TJ Johnson, COE,20,19.44,2.78,.241,2.7,0.78,2018
Nick Bruno, NWU,3.1,25.00,16.67,.429,2.7,1.86,2018
T. McHugh, NWU,3.1,61.54,7.69,.667,2.7,0.40,2018
Kyle Bode, LUT,24,18.18,11.36,.423,3,3.87,2018
Nathan Schneiderman, DBQ,39.2,36.67,9.33,.468,3.18,0.46,2018
Erik Edminster, LOR,14,8.51,10.64,.250,3.21,1.86,2018
Josh Gonzales, COE,28,11.71,9.01,.318,3.54,2.35,2018
Tre Stanton, CEN,10,30.56,8.33,.429,3.6,0.70,2018
TJ Deardorff, COE,39.1,17.22,7.95,.315,3.66,1.53,2018
Tanner Wood, CEN,36,9.52,10.20,.342,3.75,2.24,2018
Austin Bohling, WAR,38.1,29.10,15.67,.507,3.76,2.26,2018
Ryan Riddle, CEN,13.2,23.08,3.85,.324,3.95,1.96,2018
Nathan Brown, WAR,19.2,13.33,14.67,.388,4.12,3.07,2018
Andy Bower, BVU,15,16.07,14.29,.324,4.2,2.29,2018
N. Bruno, NWU,6.1,32.00,12.00,.500,4.26,2.29,2018
Tyler Steward, CEN,31.1,23.73,12.71,.400,4.31,2.64,2018
Jordan Nelson, DBQ,28,14.78,8.70,.446,4.5,1.72,2018
Michael Hoffman, DBQ,18,22.54,7.04,.426,4.5,1.70,2018
Cameron Reed, LUT,33.1,11.51,6.47,.427,4.59,3.14,2018
Nick Sewruk, DBQ,31.1,12.21,6.87,.377,4.6,0.76,2018
Nolan Even, LOR,29.1,13.33,10.00,.349,4.6,2.51,2018
Doug Knight, DBQ,17.1,13.24,7.35,.306,4.67,2.66,2018
Tucker McHugh, NWU,15.1,15.15,6.06,.420,4.7,1.83,2018
Jeffrey Anders, COE,12.2,32.50,27.50,.833,4.97,4.26,2018
Chris Tomkins, WAR,21.2,18.18,9.09,.459,4.98,1.52,2018
Robert Hovey, LOR,36.1,20.59,18.38,.455,5.2,3.56,2018
Lucas Robbins, COE,29.1,17.92,15.09,.333,5.22,2.86,2018
Ross Hingst, LUT,31,13.24,9.56,.442,5.23,3.35,2018
Tony Rex, WAR,35.2,18.92,6.08,.406,5.3,3.16,2018
Rece Martin, CEN,20.2,27.50,17.50,.524,5.66,3.49,2018
Grant Bliss, LUT,4.2,27.27,0.00,.625,5.79,-1.29,2018
Clayton Christian, BVU,17,8.45,8.45,.314,5.82,4.50,2018
Nate Loch, LUT,12.1,25.49,11.76,.480,5.84,4.52,2018
Tanner Fallon, LOR,32,19.85,3.68,.442,5.91,1.79,2018
Brian Sholty, DBQ,3,30.77,23.08,.600,6,8.19,2018
Sean Westendorf, LUT,20.1,18.07,15.66,.423,6.2,3.26,2018
Josh Seifert, NWU,8.2,7.89,5.26,.281,6.23,2.59,2018
B. Murphy, NWU,18.2,30.67,13.33,.472,6.27,5.05,2018
Cameron Liston, SIM,33,16.67,12.32,.422,6.27,3.94,2018
David Keaton, COE,34,21.80,18.05,.577,6.35,3.68,2018
Gavin Barkema, DBQ,7,3.45,10.34,.375,6.43,3.90,2018
Tyler Dralle, COE,12,30.61,10.20,.393,6.75,1.93,2018
Josh Sharp, CEN,5.1,33.33,0.00,.533,6.75,-0.59,2018
Michael Sunga, SIM,16.2,25.37,34.33,.654,7.02,5.34,2018
Nathan Schwanke, CEN,14.2,14.75,16.39,.512,7.36,2.72,2018
Colin Sexton, SIM,24,33.01,15.53,.674,7.5,3.25,2018
Devon VanHouten, BVU,2.1,20.00,40.00,.750,7.71,7.23,2018
Tyler Heineman, BVU,33.2,14.19,7.43,.431,8.29,2.74,2018
Brody Murphy, NWU,21.2,18.37,8.16,.456,8.31,1.63,2018
Connor Cech, NWU,20,14.61,7.87,.530,8.55,1.53,2018
Emmanuel JEffery, WAR,3,23.08,0.00,.444,9,0.51,2018
Adam Carey, CEN,1,0.00,0.00,.250,9,0.00,2018
Tom Kunzer, SIM,18,20.48,12.05,.564,10,2.36,2018
Nate Teitler, NWU,2.2,20.00,30.00,.750,10.12,6.90,2018
Tate Holmes, BVU,28,10.32,15.87,.512,10.29,5.28,2018
Devon Veach, SIM,9.1,11.11,26.67,.643,10.61,5.10,2018
D. Hinrichs, NWU,1.2,0.00,40.00,.667,10.8,7.08,2018
Dalton Hinrichs, NWU,12.1,16.95,6.78,.524,10.95,2.63,2018
Sam Condello, NWU,10.2,12.77,17.02,.517,10.97,6.66,2018
Marcus Wenzel, CEN,5.2,18.52,14.81,.647,11.12,5.37,2018
Jayden Clark, BVU,9,11.63,11.63,.519,12,7.18,2018
Casey Hendricks, BVU,13,17.19,18.75,.703,12.46,4.46,2018
J Lowery, SIM,13.2,16.39,18.03,.700,12.51,7.77,2018
Sean Conneely, LOR,5,16.67,16.67,.714,12.6,4.37,2018
Jonathan Sailstad, SIM,9.1,12.20,26.83,.619,13.5,8.97,2018
R. Ward, NWU,2,50.00,0.00,1.000,13.5,2.44,2018
Ethan Coble, SIM,2.1,13.33,26.67,.889,15.43,7.23,2018
Collin Jurgensmeier, BVU,2.1,7.69,23.08,.625,15.43,12.99,2018
AJ Pierce, CEN,13.1,10.91,18.18,.593,15.53,8.43,2018
Travis Bowman, COE,7.1,16.67,27.78,.923,15.95,12.56,2018
Wyatt Stute, NWU,3.1,21.43,35.71,.500,16.2,5.97,2018
S. Condello, NWU,3,18.75,6.25,.583,18,0.51,2018
Benjamin Mason, WAR,1,0.00,20.00,.750,18,4.25,2018
Tyler Vorrie, BVU,6,3.23,22.58,.667,19.5,13.95,2018
Marshall Rice, LOR,3.1,9.52,14.29,.600,27,8.51,2018
Shaun Logan, DBQ,2,27.27,27.27,1.000,27,12.74,2018
Michael Prang, LOR,0.1,0.00,33.33,1.000,27,42.46,2018
Chris Gumto, BVU,4,4.55,40.91,1.000,29.25,15.31,2018
Kyle Crampton, CEN,2.2,21.05,5.26,.786,30.38,0.28,2018
Zach Greder, CEN,0.2,20.00,40.00,3.000,40.5,59.17,2018
C. Cech, NWU,1.1,18.18,9.09,1.167,47.25,9.93,2018
Ryan McKnight, LUT,1,0.00,57.14,1.333,54,16.99,2018
Dalton Vergith, NWU,0.1,0.00,400.00,-.333,54,169.85,2018
Nate Miller, LUT,0,0.00,100.00,Inf,99,Inf,2018
Trevor Hurd, WAR,0,0.00,50.00,2.000,99,Inf,2018
,,,,,,,,
,,,,,,,,
,,,,,,,,
,,,,,,,,
,,,,,,,,
,,,,,,,,
,,,,,,,,
,,,,,,,,
,,,,,,,,
,,,,,,,,
,,,,,,,,
,,,,,,,,
,,,,,,,,
,,,,,,,,
,,,,,,,,
,,,,,,,,
,,,,,,,,
,,,,,,,,
,,,,,,,,
,,,,,,,,
,,,,,,,,
,,,,,,,,
,,,,,,,,
,,,,,,,,
,,,,,,,,
,,,,,,,,
,,,,,,,,
,,,,,,,,
,,,,,,,,
,,,,,,,,
,,,,,,,,
,,,,,,,,
,,,,,,,,
,,,,,,,,
,,,,,,,,
,,,,,,,,
,,,,,,,,
,,,,,,,,
,,,,,,,,
,,,,,,,,
,,,,,,,,
,,,,,,,,
,,,,,,,,
,,,,,,,,
,,,,,,,,
,,,,,,,,
,,,,,,,,
,,,,,,,,
,,,,,,,,
,,,,,,,,
,,,,,,,,
,,,,,,,,
,,,,,,,,
,,,,,,,,
,,,,,,,,
,,,,,,,,
,,,,,,,,
,,,,,,,,
,,,,,,,,
,,,,,,,,
,,,,,,,,
,,,,,,,,
,,,,,,,,
,,,,,,,,
,,,,,,,,
,,,,,,,,
,,,,,,,,
,,,,,,,,
,,,,,,,,
,,,,,,,,
,,,,,,,,
,,,,,,,,
,,,,,,,,
,,,,,,,,
,,,,,,,,
,,,,,,,,
,,,,,,,,
,,,,,,,,
,,,,,,,,
,,,,,,,,
,,,,,,,,
,,,,,,,,
,,,,,,,,
,,,,,,,,
,,,,,,,,
,,,,,,,,
,,,,,,,,
,,,,,,,,
,,,,,,,,
,,,,,,,,
,,,,,,,,
,,,,,,,,
,,,,,,,,
,,,,,,,,
,,,,,,,,
,,,,,,,,
,,,,,,,,
,,,,,,,,
,,,,,,,,
,,,,,,,,
,,,,,,,,
,,,,,,,,
,,,,,,,,
,,,,,,,,
,,,,,,,,
,,,,,,,,
,,,,,,,,
,,,,,,,,
,,,,,,,,
,,,,,,,,
,,,,,,,,
,,,,,,,,
,,,,,,,,
,,,,,,,,
,,,,,,,,
,,,,,,,,
,,,,,,,,
,,,,,,,,
,,,,,,,,
,,,,,,,,
,,,,,,,,
,,,,,,,,
,,,,,,,,
,,,,,,,,
,,,,,,,,
,,,,,,,,
,,,,,,,,
,,,,,,,,
,,,,,,,,
,,,,,,,,
,,,,,,,,
,,,,,,,,
,,,,,,,,
,,,,,,,,
,,,,,,,,
,,,,,,,,
,,,,,,,,
,,,,,,,,
,,,,,,,,
,,,,,,,,
,,,,,,,,
,,,,,,,,
,,,,,,,,
,,,,,,,,
,,,,,,,,
,,,,,,,,
,,,,,,,,
,,,,,,,,
,,,,,,,,
,,,,,,,,
,,,,,,,,
,,,,,,,,
,,,,,,,,
,,,,,,,,
,,,,,,,,
,,,,,,,,
,,,,,,,,
,,,,,,,,
,,,,,,,,
,,,,,,,,
,,,,,,,,
,,,,,,,,
,,,,,,,,
,,,,,,,,
,,,,,,,,
,,,,,,,,
,,,,,,,,
,,,,,,,,
,,,,,,,,
,,,,,,,,
,,,,,,,,