No,Date,Time,"PA of Inning","Pitch of PA",Pitcher,"Pitcher ID","Pitcher Handedness","Pitcher Team",Batter,"Batter ID","Batter Handedness","Batter Team","Pitch Set",Col15,Top/Bottom,Col17,Col18,Col19,"Pitch Type",Col21,"Pitch Call",Col23,Col24,Col25,Col26,Col27,Notes,"Pitch Speed [m/s]","Pitch Launch (V) [°]","Pitch Launch (H) [°]","Pitch Spin [rpm]","Pitch Spin Axis [°]","Pitch Spin Tilt","Pitch Release Height [m]","Pitch Release Side [m]","Pitch Extension [m]","Pitch Break (V) [m]","Pitch Break Ind (V) [m]","Pitch Break (H) [m]","Pitch Strike Zone - Height [m]","Pitch Strike Zone - Offset [m]","Pitch Zone Speed [m/s]","Pitch Approach (V) [°]","Pitch Approach (H) [°]","Pitch Time [s]","Hit Ball Speed [m/s]","Hit Ball Launch (V) [°]","Hit Ball Launch (H) [°]",Col50,Col51,Col52,Col53,"Hit Carry Distance [m]",Col55,Col56,"Hit Ball Flight Time [s]","pfxx [m]","pfxz [m]","x0 [m]","y0 [m]","z0 [m]","vx0 [m/s]","vy0 [m/s]","vz0 [m/s]","ax [m/s²]","ay [m/s²]","az [m/s²]","Home Team","Away Team",Col71,Col72,Col73,Col74,GUID,"px [m]","pz [m]"
1,2019/09/07,09:50:53,0,0,"Zach Kammin",{02B4B91D-E816-4EA7-8B5E-D6754BDF04F3},R,"Coe College","Issac Evans",{6A29FB93-962B-45F0-A55E-F36B60F13EC7},R,"Coe College","Wind Up",,Top,,,,Fastball,,Ball,,,,,,,39.389,-0.336,-1.290,2329.00,198.491,12:30,1.851,0.380,2.119,-0.265,0.397,0.133,1.226,0.152,36.013,-4.405,-0.362,0.421,,,,,,,,,,,,-0.097,0.291,-0.359,15.240,1.883,0.894,-39.227,-0.868,-1.968,7.860,-3.924,"Coe College","Coe College",,,,,{6E1F0E85-1C15-4BEA-B0EC-5B46BB3A4935},-0.159,1.239
2,2019/09/07,09:51:05,0,0,"Zach Kammin",{02B4B91D-E816-4EA7-8B5E-D6754BDF04F3},R,"Coe College","Issac Evans",{6A29FB93-962B-45F0-A55E-F36B60F13EC7},R,"Coe College","Wind Up",,Top,,,,Fastball,,"Called Strike",,,,,,,39.378,-2.777,-1.588,2304.00,191.093,12:15,1.840,0.358,2.187,-0.157,0.499,0.098,0.606,-0.047,36.261,-6.352,-1.357,0.418,,,,,,,,,,,,-0.072,0.369,-0.344,15.240,1.835,1.256,-39.209,-2.595,-1.463,7.755,-2.350,"Coe College","Coe College",,,,,{CF71E12B-A7AA-4A0E-AA2F-2A5A0B121615},0.037,0.634
3,2019/09/07,09:51:18,0,0,"Zach Kammin",{02B4B91D-E816-4EA7-8B5E-D6754BDF04F3},R,"Coe College","Issac Evans",{6A29FB93-962B-45F0-A55E-F36B60F13EC7},R,"Coe College","Wind Up",,Top,,,,Fastball,,"Called Strike",,,,,,,39.725,-2.125,-1.575,2290.00,202.307,12:45,1.910,0.384,2.187,-0.325,0.320,0.131,0.778,0.126,36.551,-6.275,-0.255,0.414,,,,,,,,,,,,-0.097,0.237,-0.345,15.240,1.890,0.948,-39.493,-1.866,-1.997,7.615,-4.943,"Coe College","Coe College",,,,,{6A71F9CD-7F87-4BC2-A7F0-27879818320D},-0.128,0.787
4,2019/09/07,09:51:32,0,0,"Zach Kammin",{02B4B91D-E816-4EA7-8B5E-D6754BDF04F3},R,"Coe College","Issac Evans",{6A29FB93-962B-45F0-A55E-F36B60F13EC7},R,"Coe College","Wind Up",,Top,,,,Fastball,,"Called Strike",,,,,,,40.192,-2.007,-2.676,2406.00,194.656,12:30,1.793,0.343,2.221,-0.230,0.400,0.105,0.688,-0.301,36.976,-6.207,-2.012,0.409,,,,,,,,,,,,-0.077,0.295,-0.299,15.240,1.798,1.875,-39.985,-2.111,-1.629,7.772,-3.580,"Coe College","Coe College",,,,,{21986BEF-DCA9-49F0-9D37-3E092342C2D4},0.302,0.721
5,2019/09/07,09:51:44,0,0,"Zach Kammin",{02B4B91D-E816-4EA7-8B5E-D6754BDF04F3},R,"Coe College","Issac Evans",{6A29FB93-962B-45F0-A55E-F36B60F13EC7},R,"Coe College","Wind Up",,Top,,,,Fastball,,"Called Strike",,,,,,,40.163,-2.747,-0.870,2369.00,210.280,1:0,1.841,0.332,2.215,-0.281,0.354,0.207,0.571,0.185,36.883,-6.652,-0.162,0.411,,,,,,,,,,,,-0.152,0.260,-0.350,15.240,1.798,0.979,-39.964,-2.282,-3.193,7.920,-4.342,"Coe College","Coe College",,,,,{1E789F98-3DF1-4EF7-861B-6B2901E60372},-0.210,0.597
6,2019/09/07,09:51:57,0,0,"Zach Kammin",{02B4B91D-E816-4EA7-8B5E-D6754BDF04F3},R,"Coe College","Issac Evans",{6A29FB93-962B-45F0-A55E-F36B60F13EC7},R,"Coe College","Wind Up",,Top,,,,Changeup,,"Called Strike",,,,,,,34.593,-0.840,-0.986,1597.00,214.794,1:15,1.798,0.357,2.073,-0.457,0.399,0.277,0.823,0.333,31.585,-6.494,0.831,0.479,,,,,,,,,,,,-0.203,0.293,-0.349,15.240,1.832,0.720,-34.435,-1.110,-3.177,5.875,-5.238,"Coe College","Coe College",,,,,{597A7865-BE1D-42B2-BCE3-2FCD6BAD5D74},-0.345,0.812
7,2019/09/07,09:52:09,0,0,"Zach Kammin",{02B4B91D-E816-4EA7-8B5E-D6754BDF04F3},R,"Coe College","Issac Evans",{6A29FB93-962B-45F0-A55E-F36B60F13EC7},R,"Coe College","Wind Up",,Top,,,,Changeup,,Ball,,,,,,,34.654,-1.450,-2.711,1697.00,207.687,1:0,1.844,0.413,1.963,-0.574,0.274,0.144,0.447,-0.174,31.996,-8.816,-1.367,0.478,,,,,,,,,,,,-0.105,0.199,-0.340,15.240,1.866,1.523,-34.558,-1.682,-1.663,5.280,-6.641,"Coe College","Coe College",,,,,{ACEC43A6-2892-4DCE-BC2C-E9CEE82341C3},0.172,0.467
8,2019/09/07,09:52:24,0,0,"Zach Kammin",{02B4B91D-E816-4EA7-8B5E-D6754BDF04F3},R,"Coe College","Issac Evans",{6A29FB93-962B-45F0-A55E-F36B60F13EC7},R,"Coe College","Wind Up",,Top,,,,Changeup,,Ball,,,,,,,34.675,-1.979,-1.817,1501.00,211.954,1:0,1.819,0.336,2.019,-0.572,0.286,0.179,0.337,-0.038,31.766,-8.901,-0.614,0.480,,,,,,,,,,,,-0.130,0.209,-0.310,15.240,1.787,1.235,-34.497,-1.730,-2.041,5.886,-6.537,"Coe College","Coe College",,,,,{5CF20E2E-F431-43F4-826F-97F4A81F1D47},0.038,0.364
9,2019/09/07,09:52:39,0,0,"Zach Kammin",{02B4B91D-E816-4EA7-8B5E-D6754BDF04F3},R,"Coe College","Issac Evans",{6A29FB93-962B-45F0-A55E-F36B60F13EC7},R,"Coe College","Wind Up",,Top,,,,Fastball,,"Called Strike",,,,,,,40.030,-0.652,-3.121,2277.00,206.340,1:0,1.860,0.397,2.288,-0.282,0.350,0.173,1.121,-0.220,36.743,-4.958,-1.364,0.409,,,,,,,,,,,,-0.129,0.260,-0.336,15.240,1.887,1.977,-39.826,-1.064,-2.691,7.855,-4.374,"Coe College","Coe College",,,,,{58D56DEA-04FD-4AFC-A6D0-F9283D64AEB6},0.227,1.149
10,2019/09/07,09:52:51,0,0,"Zach Kammin",{02B4B91D-E816-4EA7-8B5E-D6754BDF04F3},R,"Coe College","Issac Evans",{6A29FB93-962B-45F0-A55E-F36B60F13EC7},R,"Coe College",,,Top,,,,,,,,,,,,,,,,,,,,,,,,,,,,,,,,,,,,,,,,,,,,,,,,,,,,,"Coe College","Coe College",,,,,{9E00C02F-420C-47C9-B708-C795B78B4755},,
11,2019/09/07,09:53:05,0,0,"Zach Kammin",{02B4B91D-E816-4EA7-8B5E-D6754BDF04F3},R,"Coe College","Issac Evans",{6A29FB93-962B-45F0-A55E-F36B60F13EC7},R,"Coe College",,,Top,,,,,,,,,,,,,35.464,1.252,0.170,1965.00,132.927,10:30,1.850,0.404,2.025,-0.729,0.081,-0.088,1.241,0.298,32.459,-5.962,-0.959,0.467,,,,,,,,,,,,0.064,0.059,-0.418,15.240,1.875,0.064,-35.218,0.429,1.061,4.753,-8.824,"Coe College","Coe College",,,,,{5C1A01C2-482A-4634-93F9-DF4E98C8B46A},-0.291,1.233
12,2019/09/07,09:53:21,0,0,"Zach Kammin",{02B4B91D-E816-4EA7-8B5E-D6754BDF04F3},R,"Coe College","Issac Evans",{6A29FB93-962B-45F0-A55E-F36B60F13EC7},R,"Coe College",,,Top,,,,,,,,,,,,,35.310,0.400,-1.025,2021.00,37.644,7:15,1.872,0.402,2.097,-1.049,-0.235,-0.181,0.737,-0.091,32.480,-8.929,-2.575,0.467,,,,,,,,,,,,0.133,-0.173,-0.375,15.240,1.831,0.607,-35.028,0.249,2.183,5.183,-12.641,"Coe College","Coe College",,,,,{B232AC81-A483-4154-99E8-78F489DEE8B8},0.099,0.734
13,2019/09/07,09:53:34,0,0,"Zach Kammin",{02B4B91D-E816-4EA7-8B5E-D6754BDF04F3},R,"Coe College","Issac Evans",{6A29FB93-962B-45F0-A55E-F36B60F13EC7},R,"Coe College","Wind Up",,Top,,,,Fastball,,"Called Strike",,,,,,,39.409,-3.701,-2.388,2177.00,187.171,12:15,1.959,0.323,2.191,-0.100,0.552,0.069,0.734,-0.265,36.342,-5.315,-1.869,0.417,,,,,,,,,,,,-0.051,0.408,-0.283,15.240,1.943,1.609,-39.269,-2.826,-1.045,7.451,-1.506,"Coe College","Coe College",,,,,{FDB464B3-4905-4785-ADE2-FE9B5E85476C},0.267,0.721
14,2019/09/07,09:53:48,0,0,"Zach Kammin",{02B4B91D-E816-4EA7-8B5E-D6754BDF04F3},R,"Coe College","Issac Evans",{6A29FB93-962B-45F0-A55E-F36B60F13EC7},R,"Coe College","Wind Up",,Top,,,,Curveball,,Ball,,,,,,,32.481,-0.502,-1.144,2164.00,73.744,8:30,1.889,0.392,2.065,-1.096,-0.119,-0.407,0.435,-0.266,29.715,-10.330,-3.605,0.512,,,,,,,,,,,,0.299,-0.087,-0.339,15.240,1.850,0.386,-32.213,-0.390,4.084,5.131,-11.001,"Coe College","Coe College",,,,,{29539143-A0E3-460A-934C-236C58E6FACC},0.312,0.407
15,2019/09/07,09:54:08,0,0,"Zach Kammin",{02B4B91D-E816-4EA7-8B5E-D6754BDF04F3},R,"Coe College","Issac Evans",{6A29FB93-962B-45F0-A55E-F36B60F13EC7},R,"Coe College","Wind Up",,Top,,,,Curveball,,Ball,,,,,,,32.271,2.747,0.701,2264.00,51.433,7:45,1.910,0.412,2.114,-1.186,-0.208,-0.261,1.226,0.393,29.433,-8.143,-0.887,0.512,,,,,,,,,,,,0.193,-0.154,-0.402,15.240,1.952,-0.561,-32.008,1.284,2.619,4.822,-11.899,"Coe College","Coe College",,,,,{E9D2EA66-9A7A-4DFD-9D24-0CEB25FA1421},-0.369,1.198
16,2019/09/07,09:54:20,0,0,"Zach Kammin",{02B4B91D-E816-4EA7-8B5E-D6754BDF04F3},R,"Coe College","Issac Evans",{6A29FB93-962B-45F0-A55E-F36B60F13EC7},R,"Coe College","Wind Up",,Top,,,,Curveball,,"Called Strike",,,,,,,32.724,1.578,-0.599,2094.00,50.324,7:45,1.889,0.428,2.380,-1.182,-0.253,-0.305,0.992,-0.044,29.991,-8.521,-3.159,0.495,,,,,,,,,,,,0.230,-0.190,-0.388,15.240,1.854,0.173,-32.494,1.062,3.218,4.797,-12.479,"Coe College","Coe College",,,,,{E560A36F-B0D9-4604-AB76-49F8B75638E6},0.052,0.964
17,2019/09/07,09:54:38,0,0,"Zach Kammin",{02B4B91D-E816-4EA7-8B5E-D6754BDF04F3},R,"Coe College","Issac Evans",{6A29FB93-962B-45F0-A55E-F36B60F13EC7},R,"Coe College","Wind Up",,Top,,,,Fastball,,"Called Strike",,,,,,,39.356,-1.949,-1.797,2280.00,200.580,12:45,1.758,0.452,2.240,-0.274,0.378,0.142,0.734,0.015,36.222,-5.697,-1.380,0.416,,,,,,,,,,,,-0.106,0.281,-0.446,15.240,1.742,1.479,-39.165,-1.732,-2.134,7.572,-4.127,"Coe College","Coe College",,,,,{DDB9DDDB-2DF5-4749-A560-D051E1F64B33},-0.030,0.742
18,2019/09/07,09:54:52,0,0,"Zach Kammin",{02B4B91D-E816-4EA7-8B5E-D6754BDF04F3},R,"Coe College","Issac Evans",{6A29FB93-962B-45F0-A55E-F36B60F13EC7},R,"Coe College","Wind Up",,Top,,,,Fastball,,"Called Strike",,,,,,,39.543,-1.926,-2.197,2324.00,197.448,12:30,1.800,0.370,2.232,-0.204,0.450,0.142,0.761,-0.055,36.212,-5.829,-0.879,0.417,,,,,,,,,,,,-0.105,0.333,-0.325,15.240,1.809,1.384,-39.319,-2.012,-2.123,8.044,-3.056,"Coe College","Coe College",,,,,{0454A0E2-DDA5-4AE3-B69E-9C3B604AFD35},0.054,0.785
19,2019/09/07,09:55:05,0,0,"Zach Kammin",{02B4B91D-E816-4EA7-8B5E-D6754BDF04F3},R,"Coe College","Issac Evans",{6A29FB93-962B-45F0-A55E-F36B60F13EC7},R,"Coe College","Wind Up",,Top,,,,Fastball,,Ball,,,,,,,38.752,0.495,-1.570,2279.00,209.053,1:0,1.720,0.397,2.153,-0.359,0.325,0.180,1.221,0.145,35.348,-4.343,-0.201,0.427,,,,,,,,,,,,-0.133,0.239,-0.375,15.240,1.766,1.073,-38.528,-0.312,-2.589,7.647,-5.149,"Coe College","Coe College",,,,,{81E11A16-E8C0-44A6-A5E9-1E708A1229E4},-0.153,1.228
20,2019/09/07,09:55:21,0,0,"Zach Kammin",{02B4B91D-E816-4EA7-8B5E-D6754BDF04F3},R,"Coe College","Issac Evans",{6A29FB93-962B-45F0-A55E-F36B60F13EC7},R,"Coe College","Wind Up",,Top,,,,Fastball,,Ball,,,,,,,39.562,-0.235,-1.228,2236.00,198.288,12:30,1.829,0.375,2.256,-0.221,0.428,0.141,1.353,0.079,36.164,-3.435,-0.933,0.415,,,,,,,,,,,,-0.105,0.318,-0.394,15.240,1.856,1.192,-39.358,-0.613,-2.137,8.008,-3.344,"Coe College","Coe College",,,,,{65EAE8D7-3A08-492B-949A-A886BF790A37},-0.091,1.359
21,2019/09/07,09:55:35,0,0,"Zach Kammin",{02B4B91D-E816-4EA7-8B5E-D6754BDF04F3},R,"Coe College","Issac Evans",{6A29FB93-962B-45F0-A55E-F36B60F13EC7},R,"Coe College","Wind Up",,Top,,,,Fastball,,Ball,,,,,,,40.154,-0.584,-2.844,2281.00,198.025,12:30,1.816,0.341,2.259,-0.235,0.397,0.129,1.203,-0.350,36.745,-4.078,-2.187,0.410,,,,,,,,,,,,-0.096,0.295,-0.300,15.240,1.837,2.053,-39.915,-0.925,-2.005,8.189,-3.649,"Coe College","Coe College",,,,,{74313865-2F2E-452B-B693-9FEB327F098F},0.343,1.208
22,2019/09/07,09:55:50,0,0,"Zach Kammin",{02B4B91D-E816-4EA7-8B5E-D6754BDF04F3},R,"Coe College","Issac Evans",{6A29FB93-962B-45F0-A55E-F36B60F13EC7},R,"Coe College","Wind Up",,Top,,,,Fastball,,"Called Strike",,,,,,,39.557,-0.727,-1.082,2218.00,217.591,1:15,1.834,0.381,2.223,-0.404,0.243,0.187,1.019,0.203,36.342,-5.378,-0.043,0.415,,,,,,,,,,,,-0.139,0.180,-0.384,15.240,1.838,0.994,-39.346,-0.896,-2.834,7.413,-6.129,"Coe College","Coe College",,,,,{55DA8F74-67E1-4E99-8B6E-250C47276E75},-0.212,1.020
23,2019/09/07,09:56:04,0,0,"Zach Kammin",{02B4B91D-E816-4EA7-8B5E-D6754BDF04F3},R,"Coe College","Issac Evans",{6A29FB93-962B-45F0-A55E-F36B60F13EC7},R,"Coe College","Wind Up",,Top,,,,Fastball,,Ball,,,,,,,39.794,-0.548,-2.964,2269.00,262.920,2:45,1.802,0.380,2.266,-0.623,0.021,0.166,0.860,-0.172,36.481,-6.532,-0.967,0.413,,,,,,,,,,,,-0.123,0.015,-0.302,15.240,1.777,1.720,-39.436,-0.495,-2.537,7.132,-9.495,"Coe College","Coe College",,,,,{C4EB2504-AF82-409F-8E8D-6FF7BB12F899},0.175,0.865
25,2019/09/07,10:17:10,0,0,"Matt Mittlemark",{F1CA4E41-9289-433F-B1A9-C61AA504C0DA},R,"Coe College","Luke Smailes",{02B4B91D-E816-4EA7-8B5E-D6754BDF04F3},R,"Coe College",,,Bottom,,,,,,,,,,,,,34.083,0.154,-1.062,1850.00,186.178,12:15,1.677,0.347,1.732,-0.415,0.515,0.056,0.935,0.131,30.583,-5.738,-0.481,0.503,,,,,,,,,,,,-0.040,0.369,-0.323,15.240,1.694,0.560,-33.844,-0.615,-0.588,7.115,-4.382,"Coe College","Coe College",,,,,{E300B5D3-02D6-4BBA-91AB-F3C25B9FB4E9},-0.127,0.948
26,2019/09/07,10:18:50,0,0,"Matt Mittlemark",{F1CA4E41-9289-433F-B1A9-C61AA504C0DA},R,"Coe College","Luke Smailes",{02B4B91D-E816-4EA7-8B5E-D6754BDF04F3},R,"Coe College","Wind Up",,Bottom,,,,Fastball,,"Called Strike",,,,,,,36.254,0.421,-0.658,1990.00,197.633,12:30,1.620,0.389,1.855,-0.679,0.143,0.045,0.825,0.216,32.511,-6.387,-0.520,0.471,,,,,,,,,,,,-0.033,0.103,-0.374,15.240,1.618,0.469,-35.824,-0.063,-0.541,8.009,-8.107,"Coe College","Coe College",,,,,{E637F9D8-A1A5-4B5B-88ED-872AA330F543},-0.221,0.826
27,2019/09/07,10:19:01,0,0,"Matt Mittlemark",{F1CA4E41-9289-433F-B1A9-C61AA504C0DA},R,"Coe College","Luke Smailes",{02B4B91D-E816-4EA7-8B5E-D6754BDF04F3},R,"Coe College","Wind Up",,Bottom,,,,Curveball,,"Foul Ball",,,,,,,33.853,2.150,-1.677,1486.00,311.031,4:15,1.432,0.384,1.831,-1.125,-0.186,0.214,0.620,0.087,30.404,-8.326,-0.272,0.504,,,,,,,,,,,,-0.154,-0.134,-0.357,15.240,1.438,1.060,-33.444,0.951,-2.231,6.596,-11.751,"Coe College","Coe College",,,,,{E90DEFF5-54DB-4DAC-AB24-CB56298077E3},-0.105,0.614
28,2019/09/07,10:19:30,0,0,"Matt Mittlemark",{F1CA4E41-9289-433F-B1A9-C61AA504C0DA},R,"Coe College","Luke Smailes",{02B4B91D-E816-4EA7-8B5E-D6754BDF04F3},R,"Coe College","Wind Up",,Bottom,,,,Curveball,,Ball,,,,,,,33.984,-1.047,-0.679,1624.00,237.267,2:0,1.537,0.376,1.849,-0.739,0.197,0.307,0.347,0.444,30.499,-7.688,1.337,0.503,,,,,,,,,,,,-0.223,0.143,-0.392,15.240,1.561,0.584,-33.710,-0.918,-3.219,7.557,-7.741,"Coe College","Coe College",,,,,{D491D167-A9E9-48EF-9FAF-67EC6DF63139},-0.467,0.305
29,2019/09/07,10:19:47,0,0,"Matt Mittlemark",{F1CA4E41-9289-433F-B1A9-C61AA504C0DA},R,"Coe College","Luke Smailes",{02B4B91D-E816-4EA7-8B5E-D6754BDF04F3},R,"Coe College","Wind Up",,Bottom,,,,Fastball,,"Swinging Strike",,,,,,,37.067,-0.282,-1.171,1943.00,146.771,11:0,1.665,0.268,1.857,-0.642,0.140,-0.092,0.678,-0.178,33.415,-7.014,-2.033,0.460,,,,,,,,,,,,0.066,0.101,-0.243,15.240,1.659,0.763,-36.603,-0.590,1.152,7.702,-8.051,"Coe College","Coe College",,,,,{12AB9910-1B5E-415C-9948-FB492598E6E1},0.184,0.687
30,2019/09/07,10:20:13,0,0,"Matt Mittlemark",{F1CA4E41-9289-433F-B1A9-C61AA504C0DA},R,"Coe College","Luke Smailes",{02B4B91D-E816-4EA7-8B5E-D6754BDF04F3},R,"Coe College","Wind Up",,Bottom,,,,Fastball,,"Contact Out",,,,,,,33.103,2.265,-1.336,2316.00,49.669,7:45,1.549,0.404,1.698,-1.167,-0.173,-0.203,0.797,-0.200,29.647,-8.025,-2.819,0.521,19.029,19.390,11.419,,,,,23.975,,,1.511,0.146,-0.124,-0.356,15.240,1.559,0.719,-32.638,1.079,2.007,6.481,-11.514,"Coe College","Coe College",,,,,{1562CF56-6D64-49B2-815A-7C1FC5FF62F4},0.214,0.767
31,2019/09/07,10:20:37,0,0,"Matt Mittlemark",{F1CA4E41-9289-433F-B1A9-C61AA504C0DA},R,"Coe College","Riley LeGrand",{24ACC51A-2541-446C-BA2C-8087FA840B67},R,"Coe College","Wind Up",,Bottom,,,,Fastball,,Ball,,,,,,,33.488,1.426,-0.792,1691.00,231.469,1:45,1.457,0.312,1.876,-0.812,0.147,0.184,0.622,0.210,30.022,-7.735,0.375,0.509,,,,,,,,,,,,-0.134,0.107,-0.304,15.240,1.503,0.613,-33.127,0.130,-1.885,6.921,-8.309,"Coe College","Coe College",,,,,{3E9A2928-E58F-4A61-881D-42A20A1D7B46},-0.224,0.646
32,2019/09/07,10:20:50,0,0,"Matt Mittlemark",{F1CA4E41-9289-433F-B1A9-C61AA504C0DA},R,"Coe College","Riley LeGrand",{24ACC51A-2541-446C-BA2C-8087FA840B67},R,"Coe College","Wind Up",,Bottom,,,,Fastball,,"Called Strike",,,,,,,37.217,-1.651,-0.752,1777.00,182.830,12:0,1.789,0.268,1.876,-0.365,0.404,0.020,0.636,0.044,33.689,-6.808,-0.871,0.456,,,,,,,,,,,,-0.014,0.293,-0.240,15.240,1.727,0.488,-36.932,-1.531,-0.255,8.240,-4.657,"Coe College","Coe College",,,,,{280D5D43-1E28-4816-A0BE-5DCAAD023DFF},-0.057,0.671
33,2019/09/07,10:21:03,0,0,"Matt Mittlemark",{F1CA4E41-9289-433F-B1A9-C61AA504C0DA},R,"Coe College","Riley LeGrand",{24ACC51A-2541-446C-BA2C-8087FA840B67},R,"Coe College","Wind Up",,Bottom,,,,Fastball,,"Swinging Strike",,,,,,,37.222,1.306,-0.514,1966.00,273.321,3:0,1.529,0.313,1.797,-0.787,-0.011,0.182,0.865,0.340,33.513,-6.326,0.817,0.459,,,,,,,,,,,,-0.132,-0.008,-0.302,15.240,1.558,0.369,-36.793,0.441,-2.302,8.076,-9.944,"Coe College","Coe College",,,,,{6D23A76F-28BA-419B-84C8-DAAD79B8DAC0},-0.352,0.859
34,2019/09/07,10:21:18,0,0,"Matt Mittlemark",{F1CA4E41-9289-433F-B1A9-C61AA504C0DA},R,"Coe College","Riley LeGrand",{24ACC51A-2541-446C-BA2C-8087FA840B67},R,"Coe College","Wind Up",,Bottom,,,,Curveball,,"Foul Ball",,,,,,,32.667,1.500,-0.031,2354.00,105.070,9:30,1.612,0.370,1.725,-0.943,0.081,-0.300,0.910,0.040,29.143,-6.858,-2.411,0.528,34.557,32.220,-40.891,,,,,79.400,,,3.907,0.216,0.058,-0.361,15.240,1.642,0.011,-32.269,0.594,2.873,6.707,-9.036,"Coe College","Coe College",,,,,{A3BB997E-F38F-4A17-9050-BB862EFE23F0},-0.020,0.874
35,2019/09/07,10:21:36,0,0,"Matt Mittlemark",{F1CA4E41-9289-433F-B1A9-C61AA504C0DA},R,"Coe College","Riley LeGrand",{24ACC51A-2541-446C-BA2C-8087FA840B67},R,"Coe College","Wind Up",,Bottom,,,,Changeup,,"Foul Ball",,,,,,,33.263,0.766,-0.731,2330.00,141.360,10:45,1.526,0.426,2.213,-0.730,0.209,-0.167,0.869,0.067,29.942,-5.865,-2.102,0.499,42.338,20.781,-40.907,,,,,97.755,,,3.554,0.124,0.155,-0.396,15.240,1.567,0.296,-33.059,0.208,1.746,6.631,-7.626,"Coe College","Coe College",,,,,{B19AB711-859D-4E81-ADF5-27D5B2BAB31E},-0.063,0.823
36,2019/09/07,10:21:55,0,0,"Matt Mittlemark",{F1CA4E41-9289-433F-B1A9-C61AA504C0DA},R,"Coe College","Riley LeGrand",{24ACC51A-2541-446C-BA2C-8087FA840B67},R,"Coe College","Wind Up",,Bottom,,,,Fastball,,"Contact Out",,,,,,,37.758,0.858,-0.682,2043.00,112.742,9:45,1.557,0.255,1.877,-0.707,0.037,-0.088,0.623,-0.021,34.275,-7.837,-1.205,0.449,37.873,-8.870,21.063,,,,,3.335,,,0.085,0.063,0.026,-0.215,15.240,1.651,0.334,-37.357,-0.519,1.156,6.948,-9.325,"Coe College","Coe College",,,,,{AEF31C1C-FEB1-455D-86EA-2BCEDD3465C8},0.021,0.645
37,2019/09/07,10:29:00,0,0,"Matt Mittlemark",{F1CA4E41-9289-433F-B1A9-C61AA504C0DA},R,"Coe College","Daniel Berger",{71459C93-0649-4C52-BACE-0A940CA18F4D},R,"Coe College","Wind Up",,Bottom,,,,Fastball,,"Contact Out",,,,,,,36.933,1.116,-1.462,1812.00,192.518,12:30,1.476,0.326,1.778,-0.443,0.333,0.074,1.035,0.044,33.467,-4.546,-0.558,0.460,30.337,-20.038,4.192,,,,,2.274,,,0.084,-0.054,0.241,-0.264,15.240,1.642,0.712,-36.606,-0.309,-0.934,7.393,-5.604,"Coe College","Coe College",,,,,{D0431A47-5A10-4C2E-B7F1-C52F4D4EA3A5},-0.046,1.011
38,2019/09/07,10:29:26,0,0,"Matt Mittlemark",{F1CA4E41-9289-433F-B1A9-C61AA504C0DA},R,"Coe College","Nolan Cavanaugh",{9AFDA1EE-B1E1-4EEA-8A35-92D08D9FA3B1},R,"Coe College",,,Bottom,,,,,,,,,,,,,32.650,2.491,1.038,2220.00,87.853,9:0,1.580,0.363,1.720,-1.012,-0.014,-0.373,1.015,0.193,29.488,-6.891,-2.401,0.522,,,,,,,,,,,,0.268,-0.010,-0.381,15.240,1.623,-0.470,-32.370,1.088,3.662,5.691,-9.947,"Coe College","Coe College",,,,,{DD335D0B-07EE-403C-8EC2-56A5F05234B6},-0.188,1.008
39,2019/09/07,10:29:39,0,0,"Matt Mittlemark",{F1CA4E41-9289-433F-B1A9-C61AA504C0DA},R,"Coe College","Nolan Cavanaugh",{9AFDA1EE-B1E1-4EEA-8A35-92D08D9FA3B1},R,"Coe College","Wind Up",,Bottom,,,,Fastball,,Ball,,,,,,,36.800,1.785,-2.304,1995.00,183.369,12:0,1.576,0.294,1.827,-0.606,0.168,0.010,1.227,-0.405,33.450,-4.558,-2.828,0.459,,,,,,,,,,,,-0.007,0.122,-0.229,15.240,1.647,1.501,-36.396,0.602,-0.126,6.389,-7.676,"Coe College","Coe College",,,,,{AD7D1D03-7F27-4AFB-A5DE-CE768D634B55},0.394,1.216
40,2019/09/07,10:29:52,0,0,"Matt Mittlemark",{F1CA4E41-9289-433F-B1A9-C61AA504C0DA},R,"Coe College","Nolan Cavanaugh",{9AFDA1EE-B1E1-4EEA-8A35-92D08D9FA3B1},R,"Coe College","Wind Up",,Bottom,,,,Fastball,,Error,,,,,,,36.439,-0.926,-0.554,1869.00,185.256,12:15,1.722,0.277,1.917,-0.376,0.410,0.038,0.738,0.115,33.210,-6.355,-0.578,0.461,38.287,3.069,-26.969,,,,,29.258,,,0.819,-0.027,0.297,-0.302,15.240,1.701,0.543,-36.185,-1.185,-0.471,6.654,-4.695,"Coe College","Coe College",,,,,{6843B21B-5144-4086-87E5-59E2D4AAEA12},-0.113,0.770
41,2019/09/07,10:30:30,0,0,"Matt Mittlemark",{F1CA4E41-9289-433F-B1A9-C61AA504C0DA},R,"Coe College","Nolan Cavanaugh",{9AFDA1EE-B1E1-4EEA-8A35-92D08D9FA3B1},R,"Coe College",Stretch,,Bottom,,,,Fastball,,"Called Strike",,,,,,,36.014,-0.240,-1.846,1948.00,157.747,11:15,1.555,0.298,1.845,-0.583,0.226,-0.093,0.642,-0.332,32.781,-6.507,-2.839,0.469,,,,,,,,,,,,0.067,0.164,-0.263,15.240,1.553,1.179,-35.695,-0.583,1.123,6.342,-7.066,"Coe College","Coe College",,,,,{49EFDBE3-63AC-452C-89EE-81877251E53F},0.350,0.645
42,2019/09/07,10:30:48,0,0,"Matt Mittlemark",{F1CA4E41-9289-433F-B1A9-C61AA504C0DA},R,"Coe College","Nolan Cavanaugh",{9AFDA1EE-B1E1-4EEA-8A35-92D08D9FA3B1},R,"Coe College",Stretch,,Bottom,,,,Fastball,,"Swinging Strike",,,,,,,36.843,-0.125,-0.692,1976.00,166.087,11:30,1.635,0.215,1.877,-0.450,0.320,-0.079,0.793,-0.239,33.591,-6.161,-2.553,0.457,,,,,,,,,,,,0.057,0.232,-0.237,15.240,1.664,0.902,-36.570,-0.796,1.009,6.732,-5.737,"Coe College","Coe College",,,,,{763E9628-8B33-474E-9E43-CFDB06AA6FE6},0.233,0.820
43,2019/09/07,10:31:23,0,0,"Matt Mittlemark",{F1CA4E41-9289-433F-B1A9-C61AA504C0DA},R,"Coe College","Nolan Cavanaugh",{9AFDA1EE-B1E1-4EEA-8A35-92D08D9FA3B1},R,"Coe College",Stretch,,Bottom,,,,Fastball,,"Swinging Strikeout",,,,,,,38.308,-0.909,-1.399,2135.00,183.140,12:0,1.613,0.165,1.804,-0.086,0.634,0.035,0.812,-0.339,34.865,-4.981,-2.229,0.442,,,,,,,,,,,,-0.025,0.458,-0.177,15.240,1.712,1.353,-37.940,-1.935,-0.474,7.489,-1.176,"Coe College","Coe College",,,,,{CFE57857-582B-412E-B656-3305AE113662},0.334,0.828
44,2019/09/07,10:33:30,0,0,"Alex Timp",{9182D56F-DF6F-47EC-8B03-157C22AE79F6},R,"Coe College","Jordan Shifrin",{391682E7-492C-4096-893A-FC219DA083E3},R,"Coe College",Stretch,,Top,,,,Fastball,,"Called Strike",,,,,,,35.744,2.823,-2.614,1845.00,281.524,3:30,1.514,0.188,2.215,-0.880,-0.067,0.328,1.127,-0.264,32.217,-5.937,-0.367,0.465,,,,,,,,,,,,-0.243,-0.050,-0.178,15.240,1.583,1.880,-35.370,1.279,-3.951,7.045,-10.615,"Coe College","Coe College",,,,,{491915D8-53D4-40CC-9F8B-30053268D3C2},0.267,1.126
45,2019/09/07,10:33:44,0,0,"Alex Timp",{9182D56F-DF6F-47EC-8B03-157C22AE79F6},R,"Coe College","Jordan Shifrin",{391682E7-492C-4096-893A-FC219DA083E3},R,"Coe College","Wind Up",,Top,,,,Changeup,,"Swinging Strike",,,,,,,34.938,0.659,-0.028,1753.00,233.013,1:45,1.557,0.091,2.240,-0.767,0.077,0.103,0.814,0.000,31.612,-6.412,-0.579,0.473,,,,,,,,,,,,-0.076,0.057,-0.149,15.240,1.561,0.554,-34.833,0.253,-1.193,7.163,-8.911,"Coe College","Coe College",,,,,{A4F50D4C-34FC-43E3-9A7F-AAE2DAD33830},-0.020,0.789
46,2019/09/07,10:34:21,0,0,"Alex Timp",{9182D56F-DF6F-47EC-8B03-157C22AE79F6},R,"Coe College","Jordan Shifrin",{391682E7-492C-4096-893A-FC219DA083E3},R,"Coe College","Wind Up",,Top,,,,Curveball,,"Swinging Strikeout",,,,,,,31.024,1.415,-0.393,2237.00,115.226,9:45,1.644,0.190,2.043,-0.931,0.163,-0.346,0.736,-0.337,27.958,-8.339,-3.611,0.541,,,,,,,,,,,,0.254,0.120,-0.143,15.240,1.699,0.134,-30.807,0.174,3.101,5.735,-8.349,"Coe College","Coe College",,,,,{33A44649-41B3-43CC-B1F4-04E984C9D078},0.319,0.725
47,2019/09/07,10:34:43,0,0,"Alex Timp",{9182D56F-DF6F-47EC-8B03-157C22AE79F6},R,"Coe College","Jordan Shifrin",{391682E7-492C-4096-893A-FC219DA083E3},R,"Coe College","Wind Up",,Top,,,,Fastball,,Ball,,,,,,,35.850,2.094,-0.937,1647.00,251.042,2:15,1.575,0.234,2.178,-0.750,0.063,0.183,1.216,0.214,32.223,-5.066,0.756,0.465,,,,,,,,,,,,-0.136,0.047,-0.218,15.240,1.620,0.487,-35.490,1.017,-2.209,7.447,-9.051,"Coe College","Coe College",,,,,{16D6048F-C05C-4927-9738-4C6E45F86041},-0.217,1.199
48,2019/09/07,10:34:56,0,0,"Alex Timp",{9182D56F-DF6F-47EC-8B03-157C22AE79F6},R,"Coe College","Jordan Shifrin",{391682E7-492C-4096-893A-FC219DA083E3},R,"Coe College","Wind Up",,Top,,,,Fastball,,Ball,,,,,,,35.917,0.839,-2.362,1863.00,258.763,2:45,1.469,0.093,2.326,-0.790,0.015,0.076,0.380,-0.711,32.487,-9.158,-3.211,0.461,,,,,,,,,,,,-0.056,0.011,-0.090,15.240,1.535,2.013,-35.564,-0.497,-0.922,7.364,-9.627,"Coe College","Coe College",,,,,{3153C1C0-7448-409D-BCCC-977F96F35660},0.700,0.403
49,2019/09/07,10:35:09,0,0,"Alex Timp",{9182D56F-DF6F-47EC-8B03-157C22AE79F6},R,"Coe College","Jordan Shifrin",{391682E7-492C-4096-893A-FC219DA083E3},R,"Coe College","Wind Up",,Top,,,,Fastball,,"Swinging Strike",,,,,,,36.923,-3.655,-2.676,1796.00,,,1.012,0.112,2.209,,,,,,,,,,,,,,,,,,,,,-1.652,0.571,-0.073,15.240,0.955,3.340,-36.760,-3.323,-29.193,7.162,0.283,"Coe College","Coe College",,,,,{8688E910-1321-4B63-8C71-F54558EF28AE},-1.246,-0.416
50,2019/09/07,10:35:22,0,0,"Alex Timp",{9182D56F-DF6F-47EC-8B03-157C22AE79F6},R,"Coe College","Jordan Shifrin",{391682E7-492C-4096-893A-FC219DA083E3},R,"Coe College","Wind Up",,Top,,,,Fastball,,Ball,,,,,,,35.751,1.235,-3.053,1838.00,277.495,3:15,1.551,0.153,2.192,-0.842,-0.026,0.201,0.800,-0.591,32.294,-6.992,-2.059,0.466,,,,,,,,,,,,-0.149,-0.020,-0.125,15.240,1.573,2.161,-35.409,0.441,-2.414,7.262,-10.128,"Coe College","Coe College",,,,,{15115777-B47E-4FAD-A225-BA0BC1AE5E99},0.590,0.795
51,2019/09/07,10:35:36,0,0,"Alex Timp",{9182D56F-DF6F-47EC-8B03-157C22AE79F6},R,"Coe College","Jordan Shifrin",{391682E7-492C-4096-893A-FC219DA083E3},R,"Coe College","Wind Up",,Top,,,,Fastball,,"Swinging Strike",,,,,,,35.398,1.587,-1.007,1821.00,325.529,4:45,1.532,0.154,2.267,-0.986,-0.155,0.106,0.690,-0.008,31.909,-8.090,-0.029,0.469,,,,,,,,,,,,-0.079,-0.115,-0.158,15.240,1.567,0.696,-35.072,0.571,-1.256,7.373,-11.639,"Coe College","Coe College",,,,,{7AC5DAB1-E020-4AB0-BE7D-200A843907A7},0.027,0.679
52,2019/09/07,10:35:50,0,0,"Alex Timp",{9182D56F-DF6F-47EC-8B03-157C22AE79F6},R,"Coe College","Jordan Shifrin",{391682E7-492C-4096-893A-FC219DA083E3},R,"Coe College","Wind Up",,Top,,,,Fastball,,"Contact Out",,,,,,,35.544,1.296,-1.768,1818.00,224.494,1:30,1.526,0.156,2.272,-0.641,0.181,0.178,1.085,-0.184,31.962,-4.849,-0.717,0.466,30.315,-3.029,-27.859,,,,,11.500,,,0.395,-0.133,0.135,-0.145,15.240,1.578,1.214,-35.300,0.497,-2.127,7.574,-7.645,"Coe College","Coe College",,,,,{987F4B18-1D39-4ADE-AD9D-A5A27F6873FB},0.183,1.056
53,2019/09/07,10:36:20,0,0,"Alex Timp",{9182D56F-DF6F-47EC-8B03-157C22AE79F6},R,"Coe College","Issac Evans",{6A29FB93-962B-45F0-A55E-F36B60F13EC7},L,"Coe College","Wind Up",,Top,,,,Curveball,,"Called Strike",,,,,,,30.124,3.254,1.850,2176.00,89.587,9:0,1.552,0.248,1.995,-1.175,-0.003,-0.462,1.057,0.234,26.951,-7.264,-2.213,0.561,,,,,,,,,,,,0.338,-0.002,-0.269,15.240,1.602,-0.933,-29.795,1.458,3.865,5.377,-9.838,"Coe College","Coe College",,,,,{212B6330-32B8-4FA3-9AC6-E324F79B05CD},-0.230,1.024
54,2019/09/07,10:36:33,0,0,"Alex Timp",{9182D56F-DF6F-47EC-8B03-157C22AE79F6},R,"Coe College","Issac Evans",{6A29FB93-962B-45F0-A55E-F36B60F13EC7},L,"Coe College","Wind Up",,Top,,,,Fastball,,Ball,,,,,,,35.856,1.175,0.306,1863.00,206.432,1:0,1.608,0.124,2.194,-0.489,0.322,0.160,1.183,0.320,32.241,-4.570,1.151,0.465,,,,,,,,,,,,-0.119,0.239,-0.159,15.240,1.657,0.032,-35.571,0.212,-1.937,7.716,-5.913,"Coe College","Coe College",,,,,{0A842DF7-48B6-4023-ACC8-61883E131BEB},-0.330,1.185
55,2019/09/07,10:36:46,0,0,"Alex Timp",{9182D56F-DF6F-47EC-8B03-157C22AE79F6},R,"Coe College","Issac Evans",{6A29FB93-962B-45F0-A55E-F36B60F13EC7},L,"Coe College","Wind Up",,Top,,,,Fastball,,"Called Strike",,,,,,,36.017,1.817,-2.438,1852.00,301.869,4:0,1.492,0.199,2.317,-0.883,-0.085,0.137,0.780,-0.332,32.514,-7.375,-1.339,0.459,,,,,,,,,,,,-0.102,-0.063,-0.171,15.240,1.568,1.545,-35.680,0.546,-1.687,7.179,-10.859,"Coe College","Coe College",,,,,{FC31ED99-92E9-4D8B-A091-2DAFCD10A176},0.341,0.783
56,2019/09/07,10:37:00,0,0,"Alex Timp",{9182D56F-DF6F-47EC-8B03-157C22AE79F6},R,"Coe College","Issac Evans",{6A29FB93-962B-45F0-A55E-F36B60F13EC7},L,"Coe College","Wind Up",,Top,,,,Fastball,,Ball,,,,,,,35.299,-0.746,-0.416,1830.00,266.025,2:45,1.724,0.180,2.165,-0.829,0.015,0.209,0.700,0.313,31.779,-6.939,1.524,0.474,,,,,,,,,,,,-0.155,0.011,-0.156,15.240,1.636,0.158,-34.946,-0.010,-2.436,7.488,-9.641,"Coe College","Coe College",,,,,{636ED845-D952-4AA4-B850-0AAF8DA8737E},-0.327,0.677
57,2019/09/07,10:37:14,0,0,"Alex Timp",{9182D56F-DF6F-47EC-8B03-157C22AE79F6},R,"Coe College","Issac Evans",{6A29FB93-962B-45F0-A55E-F36B60F13EC7},L,"Coe College","Wind Up",,Top,,,,Fastball,,"Foul Ball",,,,,,,35.905,2.293,-1.112,1855.00,276.967,3:15,1.555,0.144,2.257,-0.825,-0.018,0.151,1.210,-0.036,32.287,-5.165,-0.241,0.462,30.501,28.352,-42.654,,,,,65.100,,,3.227,-0.112,-0.014,-0.142,15.240,1.590,0.799,-35.558,1.263,-1.832,7.412,-10.034,"Coe College","Coe College",,,,,{DF24608F-AFED-449B-B0D9-276E85D779E5},0.032,1.186
58,2019/09/07,10:37:33,0,0,"Alex Timp",{9182D56F-DF6F-47EC-8B03-157C22AE79F6},R,"Coe College","Issac Evans",{6A29FB93-962B-45F0-A55E-F36B60F13EC7},L,"Coe College","Wind Up",,Top,,,,Fastball,,Ball,,,,,,,29.397,3.352,2.844,2097.00,80.357,8:45,1.560,0.172,1.992,-1.275,-0.069,-0.407,0.958,0.584,26.586,-8.184,-0.090,0.570,,,,,,,,,,,,0.299,-0.051,-0.211,15.240,1.601,-1.554,-29.075,1.507,3.312,4.355,-10.373,"Coe College","Coe College",,,,,{35CC7EB9-6499-4C25-A684-4759891038BE},-0.569,0.941
59,2019/09/07,10:38:03,0,0,"Alex Timp",{9182D56F-DF6F-47EC-8B03-157C22AE79F6},R,"Coe College","Dvante Glenn",{2931A5E4-AF8B-41F2-B2DD-179D1E7E7993},L,"Coe College","Wind Up",,Top,,,,Fastball,,"Contact Out",,,,,,,34.946,1.242,-2.553,1709.00,268.655,3:0,1.688,0.122,2.242,-0.841,0.008,0.338,1.032,-0.270,31.507,-6.357,-0.212,0.475,35.342,28.891,32.396,,,,,81.843,,,3.748,-0.252,0.006,-0.101,15.240,1.659,1.688,-34.610,0.759,-3.906,6.924,-9.718,"Coe College","Coe College",,,,,{25187A5B-53B3-47AA-B197-6D239E0D37F7},0.263,1.024
60,2019/09/07,10:39:45,0,0,"Jeffrey Anders",{A098B26A-5758-4BE4-BE69-1983040DDDC9},R,"Coe College","Nolan Cavanaugh",{9AFDA1EE-B1E1-4EEA-8A35-92D08D9FA3B1},R,"Coe College",,,Bottom,,,,,,,,,,,,,37.280,2.333,-1.859,2477.00,337.064,5:15,1.336,0.673,2.067,-0.862,-0.110,0.047,0.868,0.201,33.741,-6.038,-1.481,0.449,,,,,,,,,,,,-0.034,-0.081,-0.632,15.240,1.378,1.162,-36.775,1.135,-0.608,6.618,-11.247,"Coe College","Coe College",,,,,{7EB8D69E-775A-4EFA-90B8-ECE0C7147232},-0.199,0.868
61,2019/09/07,10:39:54,0,0,"Jeffrey Anders",{A098B26A-5758-4BE4-BE69-1983040DDDC9},R,"Coe College","Nolan Cavanaugh",{9AFDA1EE-B1E1-4EEA-8A35-92D08D9FA3B1},R,"Coe College",,,Bottom,,,,,,,,,,,,,36.265,2.816,-0.916,2312.00,144.936,10:45,1.281,0.653,2.005,-0.724,0.073,-0.051,1.014,0.401,32.741,-5.093,-1.003,0.463,,,,,,,,,,,,0.038,0.054,-0.615,15.240,1.355,0.374,-35.918,1.151,0.632,6.985,-8.909,"Coe College","Coe College",,,,,{462561FA-DDAC-45EA-91BF-6F80EB2CF44C},-0.395,1.025
62,2019/09/07,10:40:20,0,0,"Jeffrey Anders",{A098B26A-5758-4BE4-BE69-1983040DDDC9},R,"Coe College","Nolan Cavanaugh",{9AFDA1EE-B1E1-4EEA-8A35-92D08D9FA3B1},R,"Coe College","Wind Up",,Bottom,,,,Fastball,,Ball,,,,,,,37.249,2.312,-1.071,2370.00,169.082,11:45,1.406,0.554,2.009,-0.583,0.165,-0.032,1.338,0.137,33.803,-3.104,-1.954,0.448,,,,,,,,,,,,0.023,0.120,-0.537,15.240,1.456,0.855,-36.907,1.260,0.417,6.405,-7.650,"Coe College","Coe College",,,,,{B46C535D-7F00-41A1-95BD-C59FEBBBC498},-0.145,1.318
63,2019/09/07,10:40:34,0,0,"Jeffrey Anders",{A098B26A-5758-4BE4-BE69-1983040DDDC9},R,"Coe College","Nolan Cavanaugh",{9AFDA1EE-B1E1-4EEA-8A35-92D08D9FA3B1},R,"Coe College","Wind Up",,Bottom,,,,Fastball,,"Foul Ball",,,,,,,37.300,2.683,-1.560,2473.00,208.043,1:0,1.307,0.556,2.050,-0.616,0.130,0.069,1.155,0.085,33.817,-4.104,-1.629,0.447,,,,,,,,,,,,-0.051,0.095,-0.546,15.240,1.375,1.284,-36.953,1.209,-0.912,6.812,-8.098,"Coe College","Coe College",,,,,{A512EC7C-6D06-469E-98AC-767384E185A8},-0.090,1.175
64,2019/09/07,10:40:55,0,0,"Jeffrey Anders",{A098B26A-5758-4BE4-BE69-1983040DDDC9},R,"Coe College","Nolan Cavanaugh",{9AFDA1EE-B1E1-4EEA-8A35-92D08D9FA3B1},R,"Coe College","Wind Up",,Bottom,,,,Fastball,,Ball,,,,,,,37.768,1.103,-3.416,2507.00,349.465,5:45,1.283,0.523,2.128,-0.805,-0.079,0.015,0.535,-0.462,34.390,-6.817,-3.569,0.441,,,,,,,,,,,,-0.011,-0.058,-0.475,15.240,1.295,2.333,-37.310,0.406,-0.198,6.615,-10.874,"Coe College","Coe College",,,,,{1307C73E-E168-44AA-9F43-F0584C65E131},0.470,0.540
65,2019/09/07,10:41:10,0,0,"Jeffrey Anders",{A098B26A-5758-4BE4-BE69-1983040DDDC9},R,"Coe College","Nolan Cavanaugh",{9AFDA1EE-B1E1-4EEA-8A35-92D08D9FA3B1},R,"Coe College","Wind Up",,Bottom,,,,Fastball,,"Foul Ball",,,,,,,37.676,1.734,-2.108,2590.00,160.403,11:15,1.306,0.592,2.034,-0.447,0.293,-0.104,1.031,-0.090,34.034,-3.980,-2.980,0.445,,,,,,,,,,,,0.077,0.215,-0.546,15.240,1.356,1.273,-37.303,0.499,1.384,7.804,-5.923,"Coe College","Coe College",,,,,{D6469A61-BA60-4DBD-8609-91DA96F510CB},0.102,1.053
66,2019/09/07,10:41:27,0,0,"Jeffrey Anders",{A098B26A-5758-4BE4-BE69-1983040DDDC9},R,"Coe College","Joey Sartain",{57BC746C-E6C6-4F3B-B8DA-9388DE1D1186},R,"Coe College","Wind Up",,Bottom,,,,Slider,,Ball,,,,,,,35.069,0.263,-3.332,2492.00,109.351,9:45,1.416,0.619,1.939,-0.780,0.083,-0.237,0.526,-0.642,31.703,-6.913,-5.788,0.482,,,,,,,,,,,,0.172,0.060,-0.535,15.240,1.390,2.068,-34.708,0.033,2.688,6.820,-8.866,"Coe College","Coe College",,,,,{98FA201E-647A-4483-B674-1478C94A422B},0.655,0.522
67,2019/09/07,10:41:44,0,0,"Jeffrey Anders",{A098B26A-5758-4BE4-BE69-1983040DDDC9},R,"Coe College","Joey Sartain",{57BC746C-E6C6-4F3B-B8DA-9388DE1D1186},R,"Coe College","Wind Up",,Bottom,,,,Fastball,,"Contact Out",,,,,,,37.912,0.998,-1.730,2417.00,142.047,10:45,1.328,0.516,2.125,-0.519,0.200,-0.156,0.869,-0.166,34.453,-4.575,-3.251,0.438,34.540,-11.464,-24.276,,,,,3.945,,,0.121,0.115,0.147,-0.479,15.240,1.350,1.156,-37.616,0.309,2.128,7.505,-7.082,"Coe College","Coe College",,,,,{06A486FC-AE64-4C07-83E3-7BFBA0ED0FDB},0.175,0.880
68,2019/09/07,10:42:13,0,0,"Jeffrey Anders",{A098B26A-5758-4BE4-BE69-1983040DDDC9},R,"Coe College","Joey Sartain",{57BC746C-E6C6-4F3B-B8DA-9388DE1D1186},R,"Coe College","Wind Up",,Bottom,,,,Fastball,,Ball,,,,,,,37.811,1.876,-0.515,2578.00,139.154,10:45,1.385,0.555,2.071,-0.646,0.086,-0.074,1.020,0.283,34.192,-4.830,-1.354,0.443,,,,,,,,,,,,0.054,0.063,-0.538,15.240,1.431,0.391,-37.392,0.807,0.993,7.380,-8.662,"Coe College","Coe College",,,,,{5C9EA944-BB8C-4674-A8AB-942035E25250},-0.291,1.026
69,2019/09/07,10:42:27,0,0,"Jeffrey Anders",{A098B26A-5758-4BE4-BE69-1983040DDDC9},R,"Coe College","Dawson Abiley",{B4AA7DF4-82A9-4CE3-ADB3-6A2D416784F8},R,"Coe College","Wind Up",,Bottom,,,,Fastball,,"Called Strike",,,,,,,37.582,-1.130,-3.220,2505.00,197.031,12:30,1.382,0.657,2.149,-0.323,0.406,0.124,0.602,0.097,34.239,-4.834,-0.903,0.441,,,,,,,,,,,,-0.092,0.299,-0.578,15.240,1.385,1.578,-37.443,-1.044,-1.673,7.694,-4.347,"Coe College","Coe College",,,,,{56188013-74A7-469F-9ACB-7B6CBE1C720C},-0.069,0.584
70,2019/09/07,10:42:43,0,0,"Jeffrey Anders",{A098B26A-5758-4BE4-BE69-1983040DDDC9},R,"Coe College","Dawson Abiley",{B4AA7DF4-82A9-4CE3-ADB3-6A2D416784F8},R,"Coe College","Wind Up",,Bottom,,,,Fastball,,"Swinging Strike",,,,,,,37.304,2.245,-1.690,2421.00,44.126,7:30,1.254,0.663,2.072,-0.795,-0.050,-0.049,0.691,0.144,33.940,-6.638,-2.005,0.447,,,,,,,,,,,,0.036,-0.037,-0.595,15.240,1.371,0.929,-36.935,0.546,0.641,6.759,-10.471,"Coe College","Coe College",,,,,{EA46EA30-83A7-44D0-B730-FA408B185E50},-0.152,0.689
71,2019/09/07,10:43:00,0,0,"Jeffrey Anders",{A098B26A-5758-4BE4-BE69-1983040DDDC9},R,"Coe College","Dawson Abiley",{B4AA7DF4-82A9-4CE3-ADB3-6A2D416784F8},R,"Coe College","Wind Up",,Bottom,,,,Fastball,,Ball,,,,,,,38.829,1.058,-1.616,2556.00,349.406,5:45,1.399,0.623,2.033,-0.830,-0.131,0.025,0.657,0.196,35.159,-6.690,-1.393,0.433,,,,,,,,,,,,-0.018,-0.096,-0.577,15.240,1.409,1.002,-38.171,0.472,-0.345,7.092,-11.654,"Coe College","Coe College",,,,,{3C44ECBC-9F87-428A-A147-33AA70F8FA1A},-0.201,0.653
72,2019/09/07,10:43:24,0,0,"Jeffrey Anders",{A098B26A-5758-4BE4-BE69-1983040DDDC9},R,"Coe College","Dawson Abiley",{B4AA7DF4-82A9-4CE3-ADB3-6A2D416784F8},R,"Coe College","Wind Up",,Bottom,,,,Fastball,,"Foul Ball",,,,,,,38.073,0.814,-2.480,2577.00,180.767,12:0,1.222,0.609,2.131,-0.304,0.416,0.006,0.889,-0.053,34.412,-3.471,-2.423,0.438,,,,,,,,,,,,-0.004,0.306,-0.531,15.240,1.325,1.430,-37.823,-0.237,-0.076,8.231,-4.143,"Coe College","Coe College",,,,,{85CAE8C6-A550-47AD-B3EA-C79301D3813A},0.049,0.880
73,2019/09/07,10:43:50,0,0,"Jeffrey Anders",{A098B26A-5758-4BE4-BE69-1983040DDDC9},R,"Coe College","Dawson Abiley",{B4AA7DF4-82A9-4CE3-ADB3-6A2D416784F8},R,"Coe College","Wind Up",,Bottom,,,,Slider,,Ball,,,,,,,35.849,-0.023,-4.093,2634.00,102.761,9:30,1.285,0.612,1.969,-0.779,0.041,-0.179,0.268,-0.726,32.585,-7.549,-5.526,0.470,,,,,,,,,,,,0.130,0.030,-0.519,15.240,1.267,2.463,-35.474,-0.282,2.146,6.689,-9.324,"Coe College","Coe College",,,,,{342D6769-62B3-477A-8209-D15DAEC804D1},0.757,0.261
74,2019/09/07,10:44:19,0,0,"Jeffrey Anders",{A098B26A-5758-4BE4-BE69-1983040DDDC9},R,"Coe College","Dawson Abiley",{B4AA7DF4-82A9-4CE3-ADB3-6A2D416784F8},R,"Coe College",Stretch,,Bottom,,,,Fastball,,"Called Strike",,,,,,,37.288,3.699,-1.497,2536.00,91.120,9:0,1.215,0.597,2.074,-0.738,0.001,-0.062,1.224,0.039,33.940,-3.998,-2.284,0.445,,,,,,,,,,,,0.046,0.001,-0.566,15.240,1.307,1.098,-36.914,1.846,0.823,6.233,-9.794,"Coe College","Coe College",,,,,{6FE854D6-AA0F-4D64-B9BB-50273F17B2E5},-0.039,1.228
75,2019/09/07,10:44:34,0,0,"Jeffrey Anders",{A098B26A-5758-4BE4-BE69-1983040DDDC9},R,"Coe College","Dawson Abiley",{B4AA7DF4-82A9-4CE3-ADB3-6A2D416784F8},R,"Coe College",Stretch,,Bottom,,,,Fastball,,Ball,,,,,,,37.063,2.639,-2.448,2445.00,167.711,11:30,1.298,0.560,2.140,-0.630,0.119,-0.026,1.261,-0.139,33.635,-3.208,-2.701,0.447,,,,,,,,,,,,0.019,0.088,-0.510,15.240,1.346,1.498,-36.712,1.495,0.341,6.288,-8.247,"Coe College","Coe College",,,,,{C6001AE7-B21B-4461-A464-8248F7551CA7},0.146,1.250
76,2019/09/07,10:44:51,0,0,"Jeffrey Anders",{A098B26A-5758-4BE4-BE69-1983040DDDC9},R,"Coe College","Cody Deardorff",{5825CA3E-8C65-4A22-BB6F-34970076BD73},R,"Coe College",Stretch,,Bottom,,,,Fastball,,"Called Strike",,,,,,,37.108,0.932,-3.637,2498.00,186.810,12:15,1.377,0.535,2.128,-0.441,0.306,0.036,0.779,-0.514,33.853,-5.535,-4.004,0.447,,,,,,,,,,,,-0.027,0.226,-0.479,15.240,1.416,2.466,-36.773,-0.225,-0.480,6.768,-5.793,"Coe College","Coe College",,,,,{6210FAE9-1480-4882-AF5F-A1869F83BFEC},0.512,0.814
77,2019/09/07,10:45:10,0,0,"Jeffrey Anders",{A098B26A-5758-4BE4-BE69-1983040DDDC9},R,"Coe College","Cody Deardorff",{5825CA3E-8C65-4A22-BB6F-34970076BD73},R,"Coe College",Stretch,,Bottom,,,,Fastball,,"Swinging Strike",,,,,,,37.460,1.057,-3.289,2359.00,207.568,1:0,1.270,0.549,2.132,-0.592,0.151,0.079,0.729,-0.288,33.903,-5.265,-2.775,0.445,,,,,,,,,,,,-0.058,0.111,-0.502,15.240,1.357,2.145,-37.082,0.089,-1.044,7.345,-7.811,"Coe College","Coe College",,,,,{DA3DF142-03AB-4DA8-A27D-273B9E62B0AB},0.301,0.717
78,2019/09/07,10:45:26,0,0,"Jeffrey Anders",{A098B26A-5758-4BE4-BE69-1983040DDDC9},R,"Coe College","Cody Deardorff",{5825CA3E-8C65-4A22-BB6F-34970076BD73},R,"Coe College",Stretch,,Bottom,,,,Fastball,,Ball,,,,,,,38.173,-1.327,-2.391,2437.00,168.704,11:30,1.451,0.463,2.075,-0.309,0.406,-0.081,0.499,-0.331,34.754,-5.710,-3.474,0.437,,,,,,,,,,,,0.059,0.297,-0.423,15.240,1.434,1.642,-37.900,-1.346,1.114,7.742,-4.235,"Coe College","Coe College",,,,,{C329AA20-2151-43FD-97F4-64B9ACB10352},0.339,0.533
79,2019/09/07,10:45:48,0,0,"Jeffrey Anders",{A098B26A-5758-4BE4-BE69-1983040DDDC9},R,"Coe College","Cody Deardorff",{5825CA3E-8C65-4A22-BB6F-34970076BD73},R,"Coe College",Stretch,,Bottom,,,,Fastball,,Ball,,,,,,,35.803,3.553,-2.152,2421.00,183.019,12:0,1.370,0.604,1.972,-0.677,0.133,0.007,1.511,-0.093,32.446,-2.884,-2.939,0.467,,,,,,,,,,,,-0.005,0.097,-0.580,15.240,1.441,1.567,-35.543,1.939,-0.085,6.388,-8.198,"Coe College","Coe College",,,,,{ABBBCD39-9D0B-46C2-A171-430891BD0FFD},0.092,1.512
80,2019/09/07,10:46:14,0,0,"Jeffrey Anders",{A098B26A-5758-4BE4-BE69-1983040DDDC9},R,"Coe College","James Carsrud",{90D19730-4B15-4510-A057-9FEE6586642A},R,"Coe College",Stretch,,Bottom,,,,Fastball,,"Called Strike",,,,,,,37.830,-0.350,-3.527,2388.00,192.331,12:30,1.333,0.599,2.148,-0.169,0.559,0.122,0.613,-0.244,34.298,-5.119,-2.660,0.440,,,,,,,,,,,,-0.090,0.412,-0.526,15.240,1.382,2.197,-37.577,-1.313,-1.646,8.141,-2.278,"Coe College","Coe College",,,,,{7072E1CF-D6D4-42B1-B222-58A5914D399D},0.240,0.647
81,2019/09/07,10:46:32,0,0,"Jeffrey Anders",{A098B26A-5758-4BE4-BE69-1983040DDDC9},R,"Coe College","James Carsrud",{90D19730-4B15-4510-A057-9FEE6586642A},R,"Coe College",Stretch,,Bottom,,,,Fastball,,"Called Strike",,,,,,,36.643,1.040,-2.678,2444.00,155.686,11:15,1.324,0.586,2.129,-0.577,0.186,-0.084,0.820,-0.385,33.411,-4.982,-4.329,0.452,,,,,,,,,,,,0.062,0.137,-0.558,15.240,1.351,2.003,-36.377,0.318,1.082,6.472,-7.415,"Coe College","Coe College",,,,,{F99E7F91-D4EA-4E08-9B7C-AF9A8BAC4D05},0.386,0.822
82,2019/09/07,10:46:50,0,0,"Jeffrey Anders",{A098B26A-5758-4BE4-BE69-1983040DDDC9},R,"Coe College","James Carsrud",{90D19730-4B15-4510-A057-9FEE6586642A},R,"Coe College",Stretch,,Bottom,,,,Fastball,,Ball,,,,,,,37.716,-0.302,-4.107,2579.00,147.088,11:0,1.407,0.505,2.113,-0.534,0.198,-0.128,0.580,-0.835,34.326,-5.892,-5.615,0.442,,,,,,,,,,,,0.094,0.146,-0.409,15.240,1.407,2.647,-37.283,-0.509,1.718,7.144,-7.155,"Coe College","Coe College",,,,,{6E5BF625-F6D6-4D92-9630-70039B541DFB},0.833,0.585
83,2019/09/07,10:47:12,0,0,"Jeffrey Anders",{A098B26A-5758-4BE4-BE69-1983040DDDC9},R,"Coe College","James Carsrud",{90D19730-4B15-4510-A057-9FEE6586642A},R,"Coe College",Stretch,,Bottom,,,,Slider,,"Swinging Strikeout",,,,,,,35.154,0.514,-3.061,1544.00,101.942,9:30,1.418,0.650,1.947,-0.767,0.081,-0.384,0.486,-0.492,31.973,-7.491,-5.161,0.478,,,,,,,,,,,,0.280,0.059,-0.540,15.240,1.440,1.453,-34.947,-0.173,4.440,6.885,-8.871,"Coe College","Coe College",,,,,{4319B115-BCF3-48F3-86BC-FD8AFC24068D},0.540,0.493
84,2019/09/07,10:47:37,0,0,"Jeffrey Anders",{A098B26A-5758-4BE4-BE69-1983040DDDC9},R,"Coe College","Luke Smailes",{02B4B91D-E816-4EA7-8B5E-D6754BDF04F3},L,"Coe College",Stretch,,Bottom,,,,Fastball,,Ball,,,,,,,37.662,2.079,-2.361,2469.00,195.303,12:30,1.400,0.636,2.116,-0.490,0.237,0.065,1.235,-0.009,34.200,-3.559,-2.376,0.441,,,,,,,,,,,,-0.048,0.174,-0.603,15.240,1.435,1.657,-37.279,0.909,-0.875,6.452,-6.612,"Coe College","Coe College",,,,,{8494A9E8-47C6-45A4-B4A8-1469561ABD77},0.005,1.248
85,2019/09/07,10:47:59,0,0,"Jeffrey Anders",{A098B26A-5758-4BE4-BE69-1983040DDDC9},R,"Coe College","Luke Smailes",{02B4B91D-E816-4EA7-8B5E-D6754BDF04F3},L,"Coe College",Stretch,,Bottom,,,,Fastball,,"Foul Ball",,,,,,,37.169,-0.202,-3.769,2499.00,178.447,12:0,1.315,0.631,2.131,-0.304,0.443,-0.012,0.657,-0.324,33.825,-4.810,-3.123,0.447,,,,,,,,,,,,0.009,0.327,-0.535,15.240,1.355,2.085,-36.923,-0.795,0.158,7.339,-3.994,"Coe College","Coe College",,,,,{7B229D92-434A-4994-97AA-5FBBBDB3C509},0.351,0.673
86,2019/09/07,10:48:25,0,0,"Jeffrey Anders",{A098B26A-5758-4BE4-BE69-1983040DDDC9},R,"Coe College","Luke Smailes",{02B4B91D-E816-4EA7-8B5E-D6754BDF04F3},L,"Coe College",Stretch,,Bottom,,,,Fastball,,"Contact Out",,,,,,,37.722,0.929,-3.464,2455.00,193.055,12:30,1.236,0.632,2.113,-0.456,0.269,0.062,0.684,-0.346,34.356,-5.189,-3.596,0.441,31.986,29.781,-25.251,,,,,66.363,,,3.502,-0.046,0.199,-0.568,15.240,1.322,2.372,-37.360,-0.266,-0.844,7.095,-6.170,"Coe College","Coe College",,,,,{CAFD8287-1060-4536-904D-9013F2F37679},0.338,0.688
87,2019/09/07,10:48:54,0,0,"Alex Timp",{9182D56F-DF6F-47EC-8B03-157C22AE79F6},R,"Coe College","Dvante Glenn",{2931A5E4-AF8B-41F2-B2DD-179D1E7E7993},R,"Coe College",,,Top,,,,,,,,,,,,,33.242,4.132,0.723,1707.00,232.723,1:45,1.585,0.164,2.438,-0.742,0.185,0.243,1.735,0.528,29.770,-3.435,2.022,0.493,,,,,,,,,,,,-0.184,0.140,-0.212,15.240,1.673,-0.104,-32.944,1.966,-2.574,6.534,-7.851,"Coe College","Coe College",,,,,{209CC11B-E16D-4340-B1A1-3FE10DBE07A8},-0.547,1.727
88,2019/09/07,10:49:07,0,0,"Alex Timp",{9182D56F-DF6F-47EC-8B03-157C22AE79F6},R,"Coe College","Dvante Glenn",{2931A5E4-AF8B-41F2-B2DD-179D1E7E7993},R,"Coe College",,,Top,,,,,,,,,,,,,33.708,1.493,-2.174,1678.00,236.163,1:45,1.549,0.203,2.050,-0.839,0.060,0.089,0.783,-0.252,30.807,-7.388,-1.012,0.491,,,,,,,,,,,,-0.066,0.044,-0.145,15.240,1.649,1.098,-33.592,0.186,-0.976,5.643,-9.155,"Coe College","Coe College",,,,,{DA9DE704-1A88-4CE3-845C-DC2F5D862D8C},0.256,0.772
89,2019/09/07,10:50:21,0,0,"Alex Timp",{9182D56F-DF6F-47EC-8B03-157C22AE79F6},R,"Coe College","Dvante Glenn",{2931A5E4-AF8B-41F2-B2DD-179D1E7E7993},R,"Coe College",,,Top,,,,,,,,,,,,,23.280,16.504,-14.647,1296.00,,,3.031,0.421,3.275,,,,,,19.360,-7.385,-5.419,,,,,,,,,,,,,,,,,,,,,,,,"Coe College","Coe College",,,,,{75CBE42B-BB36-4658-8F38-6EBAA1938F70},,
90,2019/09/07,10:50:48,0,0,"Alex Timp",{9182D56F-DF6F-47EC-8B03-157C22AE79F6},R,"Coe College","Tyrell Johnson",{0D9F25CD-2CFF-4600-A512-164EBCF4B760},R,"Coe College",,,Top,,,,,,,,,,,,,34.632,-0.657,-0.832,1634.00,216.315,1:15,1.718,0.172,2.148,-0.690,0.159,0.117,0.711,0.019,31.634,-6.947,-0.308,0.476,38.156,25.877,-21.489,,,,,80.868,,,4.002,-0.087,0.118,-0.160,15.240,1.650,0.606,-34.442,-0.315,-1.352,5.925,-7.971,"Coe College","Coe College",,,,,{5D225D51-7194-4765-B76E-8978D9BD6C18},-0.025,0.713
91,2019/09/07,10:50:58,0,0,"Alex Timp",{9182D56F-DF6F-47EC-8B03-157C22AE79F6},R,"Coe College","Tyrell Johnson",{0D9F25CD-2CFF-4600-A512-164EBCF4B760},R,"Coe College",,,Top,,,,,,,,,,,,,,,,,,,,,,,,,,,,,,,,,,,,,,,,,,,,,,,,,,,,,"Coe College","Coe College",,,,,{5ABFAA7F-EC8A-44B4-9768-A617B99248C9},,
92,2019/09/07,10:51:12,0,0,"Alex Timp",{9182D56F-DF6F-47EC-8B03-157C22AE79F6},R,"Coe College","Tyrell Johnson",{0D9F25CD-2CFF-4600-A512-164EBCF4B760},R,"Coe College",,,Top,,,,,,,,,,,,,29.080,4.113,0.031,2080.00,56.070,7:45,1.508,0.302,2.309,-1.403,-0.214,-0.318,0.893,0.115,26.509,-9.159,-1.597,0.561,,,,,,,,,,,,0.239,-0.161,-0.247,15.240,1.540,-0.415,-28.791,1.875,2.621,3.877,-11.574,"Coe College","Coe College",,,,,{81C33C8B-DA99-4E6F-B5A5-3FC171A7546A},-0.095,0.893
93,2019/09/07,10:51:24,0,0,"Alex Timp",{9182D56F-DF6F-47EC-8B03-157C22AE79F6},R,"Coe College","Tyrell Johnson",{0D9F25CD-2CFF-4600-A512-164EBCF4B760},R,"Coe College","Wind Up",,Top,,,,Fastball,,"Called Strike",,,,,,,35.511,0.924,-1.445,1775.00,276.114,3:15,1.506,0.015,2.240,-0.826,-0.016,0.152,0.681,-0.362,32.337,-7.266,-1.120,0.464,,,,,,,,,,,,-0.112,-0.012,-0.077,15.240,1.552,1.436,-35.229,0.169,-1.837,5.884,-10.007,"Coe College","Coe College",,,,,{26E348FB-E1AA-40AE-A5AC-3BDDA9ED4D50},0.375,0.673
94,2019/09/07,10:51:41,0,0,"Alex Timp",{9182D56F-DF6F-47EC-8B03-157C22AE79F6},R,"Coe College","Tyrell Johnson",{0D9F25CD-2CFF-4600-A512-164EBCF4B760},R,"Coe College","Wind Up",,Top,,,,Changeup,,"Foul Ball",,,,,,,35.258,2.780,-2.331,1687.00,274.714,3:15,1.477,0.286,2.269,-0.875,-0.045,0.545,1.103,0.129,31.810,-5.782,1.532,0.469,,,,,,,,,,,,-0.405,-0.033,-0.273,15.240,1.555,1.678,-34.910,1.210,-6.446,6.497,-10.342,"Coe College","Coe College",,,,,{62120E8D-C307-4A0F-8C63-ECCB3A8C91CA},-0.161,1.078
95,2019/09/07,10:51:58,0,0,"Alex Timp",{9182D56F-DF6F-47EC-8B03-157C22AE79F6},R,"Coe College","Tyrell Johnson",{0D9F25CD-2CFF-4600-A512-164EBCF4B760},R,"Coe College","Wind Up",,Top,,,,Fastball,,"Contact Out",,,,,,,30.181,3.866,-1.810,2209.00,34.845,7:15,1.335,0.318,2.148,-1.252,-0.100,-0.070,0.703,-0.201,27.123,-8.977,-1.897,0.554,35.999,23.567,-14.064,,,,,78.836,,,3.289,0.051,-0.074,-0.260,15.240,1.513,0.774,-29.885,1.125,0.593,5.128,-10.661,"Coe College","Coe College",,,,,{A2982EE1-C5A0-49D0-8EB5-07D1AC5D7A37},0.221,0.663
96,2019/09/07,10:52:08,0,0,"Alex Timp",{9182D56F-DF6F-47EC-8B03-157C22AE79F6},R,"Coe College","Nico Catan",{71B766F8-80AE-4818-9B66-FC4FA68737CE},R,"Coe College",,,Top,,,,,,,,,,,,,22.945,6.973,14.779,1230.00,,,2.458,0.783,-0.099,,,,,,18.765,-12.053,6.207,,,,,,,,,,,,,1.572,1.429,-1.534,15.240,2.817,-5.782,-20.889,0.465,7.417,5.956,-3.070,"Coe College","Coe College",,,,,{364A5A4A-C9D8-4271-825A-48699F49B27D},-3.786,2.207
97,2019/09/07,10:52:21,0,0,"Alex Timp",{9182D56F-DF6F-47EC-8B03-157C22AE79F6},R,"Coe College","Nico Catan",{71B766F8-80AE-4818-9B66-FC4FA68737CE},L,"Coe College","Wind Up",,Top,,,,Changeup,,Ball,,,,,,,35.004,-0.749,-2.741,1857.00,262.766,2:45,1.618,0.122,2.212,-0.829,0.023,0.181,0.357,-0.542,31.677,-8.714,-2.002,0.476,,,,,,,,,,,,-0.135,0.017,-0.102,15.240,1.626,1.885,-34.694,-0.749,-2.086,7.414,-9.545,"Coe College","Coe College",,,,,{70A60176-91CF-476B-BC4A-6D392992872D},0.533,0.331
98,2019/09/07,10:52:33,0,0,"Alex Timp",{9182D56F-DF6F-47EC-8B03-157C22AE79F6},R,"Coe College","Nico Catan",{71B766F8-80AE-4818-9B66-FC4FA68737CE},L,"Coe College","Wind Up",,Top,,,,Fastball,,"Called Strike",,,,,,,36.480,0.710,0.994,0.00,225.856,1:30,1.592,0.060,1.826,-0.241,0.546,0.563,1.356,0.020,33.075,-2.694,-1.242,0.463,,,,,,,,,,,,-0.406,0.394,-0.218,15.240,1.624,1.808,-36.148,0.000,-7.010,6.191,-3.006,"Coe College","Coe College",,,,,{AB002700-9C01-4E7B-8139-59E02B212C9E},-0.083,1.352
99,2019/09/07,10:52:49,0,0,"Alex Timp",{9182D56F-DF6F-47EC-8B03-157C22AE79F6},R,"Coe College","Nico Catan",{71B766F8-80AE-4818-9B66-FC4FA68737CE},L,"Coe College","Wind Up",,Top,,,,Fastball,,Error,,,,,,,34.877,1.571,-2.255,1787.00,271.422,3:0,1.464,0.204,2.228,-0.853,-0.009,0.359,0.746,0.017,31.629,-7.143,1.007,0.474,23.156,-3.402,-22.977,,,,,7.140,,,0.319,-0.266,-0.007,-0.168,15.240,1.536,1.262,-34.565,0.416,-4.167,6.126,-9.913,"Coe College","Coe College",,,,,{22766BED-C3A6-4ECD-A495-4C0149A87459},-0.020,0.735
100,2019/09/07,10:53:48,0,0,"Alex Timp",{9182D56F-DF6F-47EC-8B03-157C22AE79F6},R,"Coe College","Nico Catan",{71B766F8-80AE-4818-9B66-FC4FA68737CE},L,"Coe College",Stretch,,Top,,,,Fastball,,"Contact Out",,,,,,,33.458,1.832,-1.507,1604.00,292.141,3:45,1.525,0.167,2.228,-0.999,-0.074,0.183,0.899,-0.123,30.166,-6.749,-0.305,0.495,30.079,43.226,14.792,,,,,59.331,,,4.250,-0.135,-0.055,-0.149,15.240,1.536,1.025,-33.157,1.055,-1.937,5.879,-10.598,"Coe College","Coe College",,,,,{5335D40F-BEED-4263-B142-B8AEE91F956B},0.118,0.877
101,2019/09/07,10:56:00,0,0,"Jeffrey Anders",{A098B26A-5758-4BE4-BE69-1983040DDDC9},R,"Coe College","Matthew Schrader",{DDE80BB2-EF75-48B7-96ED-7043A1DAC199},L,"Coe College","Wind Up",,Bottom,,,,Fastball,,Ball,,,,,,,37.032,2.566,-1.742,2440.00,229.493,1:45,1.305,0.612,2.052,-0.689,0.070,0.082,1.146,0.163,33.528,-4.029,-1.472,0.451,,,,,,,,,,,,-0.060,0.051,-0.585,15.240,1.349,1.218,-36.648,1.405,-1.055,6.647,-8.909,"Coe College","Coe College",,,,,{4494C697-A147-4CE1-86EB-118DF95DF788},-0.166,1.154
102,2019/09/07,10:56:17,0,0,"Jeffrey Anders",{A098B26A-5758-4BE4-BE69-1983040DDDC9},R,"Coe College","Matthew Schrader",{DDE80BB2-EF75-48B7-96ED-7043A1DAC199},R,"Coe College","Wind Up",,Bottom,,,,Fastball,,"Foul Ball",,,,,,,37.177,0.769,-2.924,2405.00,231.887,1:45,1.349,0.551,2.126,-0.644,0.102,0.130,0.784,-0.118,33.800,-5.170,-2.070,0.447,,,,,,,,,,,,-0.096,0.075,-0.487,15.240,1.342,1.771,-36.815,0.411,-1.714,6.587,-8.466,"Coe College","Coe College",,,,,{3ADBA91A-9AF8-4C66-AD02-03EEC75BA82C},0.103,0.775
103,2019/09/07,10:56:39,0,0,"Jeffrey Anders",{A098B26A-5758-4BE4-BE69-1983040DDDC9},R,"Coe College","Matthew Schrader",{DDE80BB2-EF75-48B7-96ED-7043A1DAC199},R,"Coe College","Wind Up",,Bottom,,,,Slider,,Ball,,,,,,,34.791,0.433,-3.088,2561.00,79.805,8:45,1.433,0.648,2.054,-0.871,-0.006,-0.035,0.505,-0.242,31.510,-7.439,-3.371,0.481,,,,,,,,,,,,0.025,-0.005,-0.569,15.240,1.367,1.736,-34.413,0.313,0.393,6.133,-9.881,"Coe College","Coe College",,,,,{C640EC32-94BF-4BD3-A78B-3AACA49FFF85},0.249,0.515
104,2019/09/07,10:56:56,0,0,"Jeffrey Anders",{A098B26A-5758-4BE4-BE69-1983040DDDC9},R,"Coe College","Matthew Schrader",{DDE80BB2-EF75-48B7-96ED-7043A1DAC199},R,"Coe College","Wind Up",,Bottom,,,,Fastball,,"Called Strike",,,,,,,37.905,0.967,-2.070,2500.00,88.193,9:0,1.290,0.526,2.067,-0.734,-0.005,-0.145,0.593,-0.272,34.355,-6.275,-3.739,0.442,,,,,,,,,,,,0.107,-0.003,-0.478,15.240,1.328,1.408,-37.464,0.236,1.953,7.578,-9.872,"Coe College","Coe College",,,,,{3524AFCF-15C4-4EB2-BA17-EB306413BC12},0.269,0.585
105,2019/09/07,10:57:12,0,0,"Jeffrey Anders",{A098B26A-5758-4BE4-BE69-1983040DDDC9},R,"Coe College","Matthew Schrader",{DDE80BB2-EF75-48B7-96ED-7043A1DAC199},R,"Coe College","Wind Up",,Bottom,,,,Slider,,Ball,,,,,,,34.670,0.945,-3.090,2454.00,120.297,10:0,1.335,0.623,2.009,-0.785,0.105,-0.180,0.552,-0.416,31.112,-6.911,-4.421,0.488,,,,,,,,,,,,0.131,0.077,-0.555,15.240,1.433,1.755,-34.342,-0.059,1.980,7.421,-8.653,"Coe College","Coe College",,,,,{654A4CE7-CCE3-4B03-B6EC-43BBA58FB3D3},0.444,0.517
106,2019/09/07,10:57:32,0,0,"Jeffrey Anders",{A098B26A-5758-4BE4-BE69-1983040DDDC9},R,"Coe College","Matthew Schrader",{DDE80BB2-EF75-48B7-96ED-7043A1DAC199},R,"Coe College","Wind Up",,Bottom,,,,Fastball,,"Contact Out",,,,,,,38.275,1.333,-1.809,2469.00,75.109,8:30,1.311,0.518,2.066,-0.717,-0.007,-0.026,0.854,-0.041,34.738,-4.901,-2.223,0.437,38.107,34.127,2.822,,,,,80.167,,,4.707,0.019,-0.005,-0.488,15.240,1.297,1.255,-37.791,0.882,0.360,7.171,-9.906,"Coe College","Coe College",,,,,{17C37D1F-537F-4DBD-A852-CC310BC23F81},0.053,0.834
107,2019/09/07,10:58:00,0,0,"Jeffrey Anders",{A098B26A-5758-4BE4-BE69-1983040DDDC9},R,"Coe College","Riley LeGrand",{24ACC51A-2541-446C-BA2C-8087FA840B67},L,"Coe College","Wind Up",,Bottom,,,,Slider,,Ball,,,,,,,35.273,-1.046,-4.100,1663.00,174.166,11:45,1.303,0.595,2.204,-0.247,0.581,-0.059,0.177,-0.732,32.166,-7.355,-5.666,0.469,,,,,,,,,,,,0.044,0.428,-0.534,15.240,1.471,2.709,-35.099,-2.261,0.703,6.689,-2.926,"Coe College","Coe College",,,,,{652A3A02-6DDC-4F54-A179-B89A7B591C8F},0.727,0.192
108,2019/09/07,10:58:19,0,0,"Jeffrey Anders",{A098B26A-5758-4BE4-BE69-1983040DDDC9},R,"Coe College","Riley LeGrand",{24ACC51A-2541-446C-BA2C-8087FA840B67},L,"Coe College","Wind Up",,Bottom,,,,Fastball,,"Called Strike",,,,,,,38.935,0.177,-0.821,2358.00,164.369,11:30,1.330,0.580,2.059,-0.497,0.202,-0.057,0.695,0.172,35.079,-4.993,-2.169,0.433,,,,,,,,,,,,0.042,0.149,-0.526,15.240,1.296,0.646,-38.349,-0.071,0.794,8.390,-6.971,"Coe College","Coe College",,,,,{7F15A7D5-F0BC-4D32-9FD0-2FC44C855FA5},-0.200,0.698
109,2019/09/07,10:58:33,0,0,"Jeffrey Anders",{A098B26A-5758-4BE4-BE69-1983040DDDC9},R,"Coe College","Riley LeGrand",{24ACC51A-2541-446C-BA2C-8087FA840B67},L,"Coe College","Wind Up",,Bottom,,,,Fastball,,Ball,,,,,,,38.372,2.293,-0.879,2449.00,335.682,5:15,1.278,0.566,2.009,-0.841,-0.126,0.057,0.754,0.379,34.721,-6.384,-0.347,0.439,,,,,,,,,,,,-0.042,-0.092,-0.543,15.240,1.325,0.562,-37.766,0.992,-0.783,6.933,-11.542,"Coe College","Coe College",,,,,{8D6F64D1-003C-41CD-9593-5C4414A738CF},-0.379,0.772
110,2019/09/07,10:58:47,0,0,"Jeffrey Anders",{A098B26A-5758-4BE4-BE69-1983040DDDC9},R,"Coe College","Riley LeGrand",{24ACC51A-2541-446C-BA2C-8087FA840B67},L,"Coe College","Wind Up",,Bottom,,,,Fastball,,"Contact Out",,,,,,,38.068,2.425,-1.707,2370.00,3.211,6:0,1.318,0.639,2.052,-1.084,-0.361,-0.020,0.932,0.150,34.427,-5.526,-1.739,0.441,,,,,,,,,,,,0.015,-0.263,-0.574,15.240,1.230,0.943,-37.429,2.227,0.274,6.402,-14.701,"Coe College","Coe College",,,,,{A86CF3D9-872F-4FED-841E-D99894AFB31B},-0.164,0.907
111,2019/09/07,10:59:25,0,0,"Jeffrey Anders",{A098B26A-5758-4BE4-BE69-1983040DDDC9},R,"Coe College","Daniel Berger",{71459C93-0649-4C52-BACE-0A940CA18F4D},L,"Coe College","Wind Up",,Bottom,,,,Slider,,Ball,,,,,,,35.112,1.085,-2.705,2523.00,47.073,7:30,1.363,0.618,1.920,-1.028,-0.184,-0.197,0.383,-0.410,32.069,-8.446,-4.579,0.478,,,,,,,,,,,,0.144,-0.134,-0.546,15.240,1.361,1.665,-34.742,0.419,2.293,5.673,-11.943,"Coe College","Coe College",,,,,{4BCE27FB-47AC-41ED-A6B7-A0FAF3ADA848},0.415,0.379
112,2019/09/07,10:59:40,0,0,"Jeffrey Anders",{A098B26A-5758-4BE4-BE69-1983040DDDC9},R,"Coe College","Daniel Berger",{71459C93-0649-4C52-BACE-0A940CA18F4D},L,"Coe College","Wind Up",,Bottom,,,,Fastball,,"Swinging Strike",,,,,,,37.807,0.104,-1.384,2339.00,161.286,11:30,1.459,0.539,2.035,-0.538,0.191,-0.065,0.689,0.109,34.364,-5.896,-1.898,0.442,,,,,,,,,,,,0.047,0.140,-0.499,15.240,1.400,0.793,-37.364,-0.152,0.869,6.965,-7.244,"Coe College","Coe College",,,,,{A298AD40-10F7-4C0E-B571-BFF001EB87FD},-0.098,0.722
113,2019/09/07,10:59:56,0,0,"Jeffrey Anders",{A098B26A-5758-4BE4-BE69-1983040DDDC9},R,"Coe College","Daniel Berger",{71459C93-0649-4C52-BACE-0A940CA18F4D},L,"Coe College",,,Bottom,,,,,,,,,,,,,34.633,1.566,-2.381,2495.00,103.308,9:30,1.302,0.647,1.904,-0.831,0.040,-0.168,0.634,-0.190,31.493,-6.692,-3.655,0.485,,,,,,,,,,,,0.122,0.029,-0.581,15.240,1.387,1.346,-34.411,0.367,1.898,5.991,-9.361,"Coe College","Coe College",,,,,{210D89E4-A7A3-47DF-9DE8-C599A0F29B0F},0.212,0.613
114,2019/09/07,11:00:12,0,0,"Jeffrey Anders",{A098B26A-5758-4BE4-BE69-1983040DDDC9},R,"Coe College","Daniel Berger",{71459C93-0649-4C52-BACE-0A940CA18F4D},L,"Coe College",,,Bottom,,,,,,,,,,,,,15.738,9.427,0.436,1682.00,180.000,12:0,3.724,0.771,3.252,,,,0.092,0.334,13.777,-34.190,-3.878,1.249,,,,,,,,,,,,,,,,,,,,,,,"Coe College","Coe College",,,,,{BFD07B41-6275-4BF5-8E7E-42944EA71F11},,
115,2019/09/07,11:00:25,0,0,"Jeffrey Anders",{A098B26A-5758-4BE4-BE69-1983040DDDC9},R,"Coe College","Daniel Berger",{71459C93-0649-4C52-BACE-0A940CA18F4D},L,"Coe College","Wind Up",,Bottom,,,,Fastball,,"Contact Out",,,,,,,38.258,0.197,-1.687,2422.00,327.189,5:0,1.462,0.520,2.110,-0.775,-0.071,0.046,0.738,0.088,34.888,-5.693,-1.462,0.434,32.932,1.155,-20.135,,,,,15.808,,,0.500,-0.033,-0.052,-0.487,15.240,1.346,1.100,-37.789,0.686,-0.635,6.524,-10.794,"Coe College","Coe College",,,,,{C9717DDF-39D6-45B5-8B3C-ED7DE16D5DAE},-0.092,0.734
116,2019/09/07,11:03:28,0,0,"Jacob Jones",{AF2BE6E6-C56E-4318-96A5-B539F56884FC},R,"Coe College","Quintin Berglund",{4A6B1341-4344-4595-A7D0-FAFE81158BAD},L,"Coe College","Wind Up",,Top,,,,Fastball,,"Swinging Strike",,,,,,,37.594,-0.142,-0.925,2181.00,224.720,1:30,1.441,0.174,2.313,-0.452,0.274,0.271,0.697,0.185,34.117,-5.559,1.051,0.438,,,,,,,,,,,,-0.203,0.205,-0.186,15.240,1.482,0.742,-37.425,-0.640,-3.669,8.231,-6.105,"Coe College","Coe College",,,,,{FD70107D-0BEC-4C19-9518-F8B4F3BAF79F},-0.194,0.692
117,2019/09/07,11:03:46,0,0,"Jacob Jones",{AF2BE6E6-C56E-4318-96A5-B539F56884FC},R,"Coe College","Quintin Berglund",{4A6B1341-4344-4595-A7D0-FAFE81158BAD},L,"Coe College","Wind Up",,Top,,,,Fastball,,"Contact Out",,,,,,,38.299,-0.385,-0.722,2219.00,196.449,12:30,1.465,0.131,2.332,-0.261,0.438,0.129,0.885,0.007,34.733,-4.094,-0.187,0.429,,,,,,,,,,,,-0.097,0.327,-0.139,15.240,1.492,0.674,-38.164,-0.748,-1.816,8.709,-3.661,"Coe College","Coe College",,,,,{2718C12B-F459-46BA-8EAF-1337C7A7FF45},-0.016,0.885
118,2019/09/07,11:04:17,0,0,"Jacob Jones",{AF2BE6E6-C56E-4318-96A5-B539F56884FC},R,"Coe College","Quintin Berglund",{4A6B1341-4344-4595-A7D0-FAFE81158BAD},L,"Coe College","Wind Up",,Top,,,,Fastball,,Ball,,,,,,,38.055,1.149,-0.650,2213.00,246.724,2:15,1.486,0.155,2.326,-0.686,0.020,0.046,0.570,0.003,34.688,-8.178,-0.298,0.432,,,,,,,,,,,,-0.034,0.015,-0.141,15.240,1.543,0.458,-37.854,-0.285,-0.644,7.683,-9.533,"Coe College","Coe College",,,,,{8A839B6B-68CE-431A-BA62-1A02FFE527B7},-0.008,0.633
119,2019/09/07,11:06:45,0,0,"Jacob Jones",{AF2BE6E6-C56E-4318-96A5-B539F56884FC},R,"Coe College","Camden Smyka",{F3BB4E34-A1BC-430E-B52A-EEC8F066F1DE},L,"Coe College","Wind Up",,Top,,,,Slider,,"Foul Ball",,,,,,,34.809,-0.093,0.131,2510.00,142.208,10:45,1.546,0.153,2.165,-0.560,0.280,-0.217,0.669,-0.081,31.785,-6.589,-1.836,0.473,,,,,,,,,,,,0.160,0.206,-0.159,15.240,1.613,-0.002,-34.746,-0.713,2.534,6.193,-6.543,"Coe College","Coe College",,,,,{97D35167-F43D-4B77-A825-D98BD7D61FDD},0.090,0.653
120,2019/09/07,11:07:02,0,0,"Jacob Jones",{AF2BE6E6-C56E-4318-96A5-B539F56884FC},R,"Coe College","Camden Smyka",{F3BB4E34-A1BC-430E-B52A-EEC8F066F1DE},L,"Coe College",Stretch,,Top,,,,Fastball,,"Called Strike",,,,,,,37.742,0.656,-1.844,2124.00,292.271,3:45,1.492,0.115,2.308,-0.768,-0.046,0.111,0.788,-0.301,34.206,-6.091,-1.125,0.437,,,,,,,,,,,,-0.083,-0.034,-0.101,15.240,1.394,1.297,-37.322,0.716,-1.511,7.332,-10.429,"Coe College","Coe College",,,,,{E024FE36-D45B-4AC8-BAB8-826B072A86CA},0.306,0.798
121,2019/09/07,11:07:19,0,0,"Jacob Jones",{AF2BE6E6-C56E-4318-96A5-B539F56884FC},R,"Coe College","Camden Smyka",{F3BB4E34-A1BC-430E-B52A-EEC8F066F1DE},L,"Coe College",Stretch,,Top,,,,Fastball,,Ball,,,,,,,37.907,-3.223,-3.353,2192.00,192.867,12:30,1.628,0.131,2.330,-0.110,0.616,0.141,0.205,-0.737,34.351,-7.375,-2.993,0.437,,,,,,,,,,,,-0.105,0.462,-0.080,15.240,1.592,2.347,-37.724,-2.929,-1.900,9.751,-1.491,"Coe College","Coe College",,,,,{C6F3E8F8-B62E-4C9A-8D16-623D8F17039E},0.729,0.249
122,2019/09/07,11:08:04,0,0,"Jacob Jones",{AF2BE6E6-C56E-4318-96A5-B539F56884FC},R,"Coe College","Camden Smyka",{F3BB4E34-A1BC-430E-B52A-EEC8F066F1DE},R,"Coe College",Stretch,,Top,,,,Fastball,,Ball,,,,,,,37.899,-3.225,-1.267,2176.00,204.521,12:45,1.672,0.113,2.307,0.001,0.722,0.329,0.299,-0.146,34.441,-6.966,-0.493,0.436,,,,,,,,,,,,-0.244,0.536,-0.158,15.240,1.723,1.584,-37.828,-3.387,-4.482,9.004,0.016,"Coe College","Coe College",,,,,{6E0075A1-0BEC-4051-83AD-13726952D7E4},0.115,0.330
123,2019/09/07,11:08:24,0,0,"Jacob Jones",{AF2BE6E6-C56E-4318-96A5-B539F56884FC},R,"Coe College","Camden Smyka",{F3BB4E34-A1BC-430E-B52A-EEC8F066F1DE},R,"Coe College",Stretch,,Top,,,,Fastball,,"Foul Ball",,,,,,,37.510,1.000,0.057,2172.00,188.385,12:15,1.538,0.109,2.281,-0.466,0.268,0.040,1.174,0.075,33.854,-3.921,-0.336,0.441,,,,,,,,,,,,-0.029,0.199,-0.124,15.240,1.564,0.179,-37.235,0.357,-0.528,7.761,-6.229,"Coe College","Coe College",,,,,{E6CFE79B-E0E2-46D5-9D01-6039B8E38DA0},-0.095,1.175
124,2019/09/07,11:08:47,0,0,"Jacob Jones",{AF2BE6E6-C56E-4318-96A5-B539F56884FC},R,"Coe College","Camden Smyka",{F3BB4E34-A1BC-430E-B52A-EEC8F066F1DE},R,"Coe College",Stretch,,Top,,,,Fastball,,"Called Strike",,,,,,,37.697,-0.670,-0.731,2110.00,209.261,1:0,1.445,0.045,2.347,-0.442,0.280,0.157,0.583,-0.361,34.211,-5.894,-2.281,0.436,,,,,,,,,,,,-0.117,0.209,-0.120,15.240,1.439,1.516,-37.469,-0.801,-2.130,8.203,-6.008,"Coe College","Coe College",,,,,{D0D486AC-3677-4F1B-A81D-C5F217C0F3EE},0.325,0.592
125,2019/09/07,11:17:31,0,0,"Jacob Jones",{AF2BE6E6-C56E-4318-96A5-B539F56884FC},R,"Coe College","Camden Smyka",{F3BB4E34-A1BC-430E-B52A-EEC8F066F1DE},R,"Coe College",Stretch,,Top,,,,Fastball,,Ball,,,,,,,37.439,0.156,0.452,2124.00,213.946,1:15,1.440,0.127,2.258,-0.419,0.307,0.207,0.908,0.465,34.120,-4.247,2.115,0.439,,,,,,,,,,,,-0.154,0.228,-0.142,15.240,1.469,-0.229,-37.374,-0.206,-2.794,7.789,-5.659,"Coe College","Coe College",,,,,{63063002-AD8A-4FF1-AE29-8ADDA13CB1FE},-0.476,0.898
126,2019/09/07,11:17:47,0,0,"Jacob Jones",{AF2BE6E6-C56E-4318-96A5-B539F56884FC},R,"Coe College","Issac Evans",{6A29FB93-962B-45F0-A55E-F36B60F13EC7},R,"Coe College",Stretch,,Top,,,,Fastball,,"Called Strike",,,,,,,38.000,0.527,-0.484,2189.00,241.605,2:0,1.421,0.116,2.302,-0.628,0.078,0.145,0.673,0.045,34.624,-6.254,0.188,0.432,,,,,,,,,,,,-0.108,0.058,-0.129,15.240,1.440,0.579,-37.790,-0.065,-2.010,7.719,-8.724,"Coe College","Coe College",,,,,{01070FF4-5F9D-44BF-8747-24966A7DDF01},-0.060,0.684
127,2019/09/07,11:18:06,0,0,"Jacob Jones",{AF2BE6E6-C56E-4318-96A5-B539F56884FC},R,"Coe College","Issac Evans",{6A29FB93-962B-45F0-A55E-F36B60F13EC7},R,"Coe College",Stretch,,Top,,,,Fastball,,Ball,,,,,,,37.921,2.168,0.897,2166.00,216.065,1:15,1.535,0.129,2.241,-0.435,0.277,0.202,1.535,0.585,34.394,-2.405,2.538,0.435,,,,,,,,,,,,-0.150,0.206,-0.166,15.240,1.587,-0.469,-37.730,1.091,-2.779,7.968,-5.993,"Coe College","Coe College",,,,,{16EBB41C-6EDE-42AE-8574-F7F8CB9F0775},-0.592,1.531
128,2019/09/07,11:18:31,0,0,"Jacob Jones",{AF2BE6E6-C56E-4318-96A5-B539F56884FC},R,"Coe College","Issac Evans",{6A29FB93-962B-45F0-A55E-F36B60F13EC7},R,"Coe College",Stretch,,Top,,,,Fastball,,Ball,,,,,,,38.453,2.593,0.198,2175.00,286.090,3:30,1.350,0.173,2.302,-0.789,-0.099,0.344,0.948,0.551,35.038,-5.793,2.847,0.427,,,,,,,,,,,,-0.255,-0.074,-0.189,15.240,1.443,0.055,-38.250,1.058,-4.891,7.696,-11.221,"Coe College","Coe College",,,,,{53290C52-5A8B-41B4-8781-C9C341B8BE15},-0.564,0.956
129,2019/09/07,11:18:49,0,0,"Jacob Jones",{AF2BE6E6-C56E-4318-96A5-B539F56884FC},R,"Coe College","Issac Evans",{6A29FB93-962B-45F0-A55E-F36B60F13EC7},R,"Coe College",Stretch,,Top,,,,Fastball,,"Foul Ball",,,,,,,38.008,0.844,-1.228,2172.00,311.212,4:15,1.397,0.115,2.301,-0.773,-0.071,0.081,0.591,-0.160,34.763,-7.032,-0.662,0.431,,,,,,,,,,,,-0.060,-0.053,-0.086,15.240,1.470,0.837,-37.771,0.016,-1.133,7.062,-10.802,"Coe College","Coe College",,,,,{D9BB6B51-DCD1-4B71-A862-3B038DF48048},0.161,0.579
130,2019/09/07,11:19:12,0,0,"Jacob Jones",{AF2BE6E6-C56E-4318-96A5-B539F56884FC},R,"Coe College","Issac Evans",{6A29FB93-962B-45F0-A55E-F36B60F13EC7},R,"Coe College",Stretch,,Top,,,,Fastball,,"Foul Ball",,,,,,,38.559,0.087,-1.093,2070.00,206.590,1:0,1.339,0.084,2.398,-0.352,0.339,0.170,0.541,-0.112,34.932,-6.207,-0.236,0.426,,,,,,,,,,,,-0.128,0.255,-0.083,15.240,1.370,0.938,-38.361,-0.909,-2.408,9.207,-4.999,"Coe College","Coe College",,,,,{FBBCF3A2-2244-4C3C-92AD-26FE51760ECC},0.100,0.590
131,2019/09/07,11:19:50,0,0,"Jacob Jones",{AF2BE6E6-C56E-4318-96A5-B539F56884FC},R,"Coe College","Issac Evans",{6A29FB93-962B-45F0-A55E-F36B60F13EC7},R,"Coe College",,,Top,,,,,,,,,,,,,38.820,0.639,-0.640,2323.00,191.464,12:30,1.570,0.141,2.283,-0.434,0.255,0.052,1.149,0.016,35.033,-3.966,-0.303,0.427,39.789,23.721,6.270,,,,,93.191,,,3.721,-0.038,0.190,-0.133,15.240,1.583,0.440,-38.479,0.157,-0.735,8.756,-6.186,"Coe College","Coe College",,,,,{D7D4FD48-03EC-45BD-8A7F-AE79823C50E4},-0.016,1.143
132,2019/09/07,11:19:58,0,0,"Jacob Jones",{AF2BE6E6-C56E-4318-96A5-B539F56884FC},R,"Coe College","Issac Evans",{6A29FB93-962B-45F0-A55E-F36B60F13EC7},R,"Coe College",,,Top,,,,,,,,,,,,,24.210,5.856,-0.376,1165.00,179.876,12:0,3.006,0.286,2.998,2.757,4.536,-0.010,3.649,-0.432,20.969,-1.755,-5.166,0.671,,,,,,,,,,,,0.008,3.521,-0.359,15.240,3.422,0.990,-23.790,-2.482,0.054,4.123,15.202,"Coe College","Coe College",,,,,{2CF668CE-45B8-4BE1-A78B-83B915CFF96E},0.306,5.097
133,2019/09/07,11:21:18,0,0,"Jacob Jones",{AF2BE6E6-C56E-4318-96A5-B539F56884FC},R,"Coe College","Tyrell Johnson",{0D9F25CD-2CFF-4600-A512-164EBCF4B760},R,"Coe College","Wind Up",,Top,,,,Fastball,,Ball,,,,,,,38.683,-3.178,-2.027,2227.00,205.559,12:45,1.649,0.125,2.319,-0.151,0.529,0.253,0.355,-0.338,35.450,-6.460,-1.360,0.424,,,,,,,,,,,,-0.189,0.394,-0.118,15.240,1.631,1.802,-38.542,-2.702,-3.648,8.152,-2.181,"Coe College","Coe College",,,,,{4F096E51-901D-48D4-9C82-50E6915408ED},0.311,0.371
134,2019/09/07,11:21:52,0,0,"Jacob Jones",{AF2BE6E6-C56E-4318-96A5-B539F56884FC},R,"Coe College","Tyrell Johnson",{0D9F25CD-2CFF-4600-A512-164EBCF4B760},R,"Coe College","Wind Up",,Top,,,,Fastball,,Single,,,,,,,40.940,-4.616,-0.715,1760.00,,,0.623,0.087,1.438,,,,,,,,,,38.131,10.238,2.355,,,,,55.786,,,1.614,-0.952,-0.270,-0.208,15.240,0.409,2.062,-40.541,-2.364,-18.156,17.742,-14.954,"Coe College","Coe College",,,,,{92AA94CF-9061-4D87-BE45-83AE99B163F3},-0.838,-1.735
135,2019/09/07,11:22:20,0,0,"Jacob Jones",{AF2BE6E6-C56E-4318-96A5-B539F56884FC},R,"Coe College","Tyrell Johnson",{0D9F25CD-2CFF-4600-A512-164EBCF4B760},R,"Coe College",Stretch,,Top,,,,Fastball,,Ball,,,,,,,37.322,-2.068,-2.573,2177.00,242.244,2:0,1.505,0.098,2.302,-0.562,0.171,0.325,0.078,-0.402,34.158,-8.550,-0.836,0.440,,,,,,,,,,,,-0.242,0.127,-0.088,15.240,1.485,2.054,-37.062,-1.783,-4.350,7.151,-7.521,"Coe College","Coe College",,,,,{5AA13047-4B34-43AA-8B2E-A1E0D68DDF1E},0.391,0.091
136,2019/09/07,11:22:55,0,0,"Jacob Jones",{AF2BE6E6-C56E-4318-96A5-B539F56884FC},R,"Coe College","Tyrell Johnson",{0D9F25CD-2CFF-4600-A512-164EBCF4B760},R,"Coe College",Stretch,,Top,,,,Fastball,,"Contact Out",,,,,,,37.699,0.516,-1.519,2075.00,242.278,2:0,1.601,0.095,2.242,-0.595,0.133,0.252,1.025,-0.054,34.096,-4.971,0.501,0.440,40.492,29.395,-17.889,,,,,92.072,,,4.731,-0.188,0.099,-0.110,15.240,1.533,1.111,-37.302,0.493,-3.399,7.703,-8.024,"Coe College","Coe College",,,,,{051AA63D-FE80-489B-958A-F546C8731618},0.058,1.047
137,2019/09/07,11:24:42,0,0,"Mike Guinane",{F801B34F-F27D-4F5E-942D-E20B7628B09F},L,"Coe College","Nolan Cavanaugh",{9AFDA1EE-B1E1-4EEA-8A35-92D08D9FA3B1},R,"Coe College",,,Bottom,,,,,,,,,,,,,17.597,16.373,2.870,2464.00,165.515,11:30,2.857,0.005,2.670,-1.808,2.087,-0.539,4.189,0.738,14.467,-8.946,2.565,1.004,,,,,,,,,,,,0.415,1.605,0.028,15.240,3.174,-1.337,-16.071,3.496,1.358,1.754,-4.553,"Coe College","Coe College",,,,,{81993E08-09B8-48E8-A32E-67430527FF10},-0.630,4.421
