No,Date,Time,"PA of Inning","Pitch of PA",Pitcher,"Pitcher ID","Pitcher Handedness","Pitcher Team",Batter,"Batter ID","Batter Handedness","Batter Team","Pitch Set",Col15,Top/Bottom,Col17,Col18,Col19,"Pitch Type",Col21,"Pitch Call",Col23,Col24,Col25,Col26,Col27,Col28,"Pitch Speed [mph]","Pitch Launch (V) [°]","Pitch Launch (H) [°]","Pitch Spin [rpm]","Pitch Spin Axis [°]","Pitch Spin Tilt","Pitch Release Height [ft]","Pitch Release Side [ft]","Pitch Extension [ft]","Pitch Break (V) [in]","Pitch Break Ind (V) [in]","Pitch Break (H) [in]","Pitch Strike Zone - Height [ft]","Pitch Strike Zone - Offset [ft]","Pitch Zone Speed [mph]","Pitch Approach (V) [°]","Pitch Approach (H) [°]","Pitch Time [s]","Hit Ball Speed [mph]","Hit Ball Launch (V) [°]","Hit Ball Launch (H) [°]",Col50,Col51,Col52,Col53,"Hit Carry Distance [ft]",Col55,Col56,"Hit Ball Flight Time [s]","pfxx [in]","pfxz [in]","x0 [ft]","y0 [ft]","z0 [ft]","vx0 [ft/s]","vy0 [ft/s]","vz0 [ft/s]","ax [ft/s²]","ay [ft/s²]","az [ft/s²]","Home Team","Away Team",Col71,Col72,Col73,Col74,GUID,"px [ft]","pz [ft]"
1,2019/01/21,12:27:13,0,0,"AJ Reuter",{D215ACB7-67D3-4E8C-9C29-B5569CDADE0C},L,"Coe College","Ryan Baranowski",{CCB698DA-817E-466D-AF5F-77FCC3E3F24F},R,"Coe College","Wind Up",,Top,,,,Fastball,,Ball,,,,,,,78.624,0.128,6.110,1880.00,111.685,9:45,5.446,-2.473,6.933,-33.099,10.806,-27.176,2.805,0.845,70.890,-6.281,1.094,0.477,,,,,,,,,,,,25.946,23.703,2.082,50.001,5.497,-11.301,-113.759,-1.043,21.138,21.295,-23.087,"Coe College","Coe College",,,,,{FCACED64-92AF-48F8-9B1F-5A286B61ED64},-0.850,2.771
2,2019/01/21,12:27:57,0,0,"AJ Reuter",{D215ACB7-67D3-4E8C-9C29-B5569CDADE0C},L,"Coe College","Ryan Baranowski",{CCB698DA-817E-466D-AF5F-77FCC3E3F24F},R,"Coe College","Wind Up",,Top,,,,Fastball,,Ball,,,,,,,78.561,-0.143,4.384,1995.00,144.212,10:45,5.353,-2.067,6.989,-29.131,14.971,-10.793,2.794,1.027,70.580,-5.818,2.450,0.478,,,,,,,,,,,,15.398,19.515,1.810,50.001,5.295,-8.458,-113.789,0.089,9.702,22.333,-27.658,"Coe College","Coe College",,,,,{87B5CA2C-D7E3-45A4-AC82-8B0675C86811},-0.988,2.613
3,2019/01/21,12:28:20,0,0,"AJ Reuter",{D215ACB7-67D3-4E8C-9C29-B5569CDADE0C},L,"Coe College","Ryan Baranowski",{CCB698DA-817E-466D-AF5F-77FCC3E3F24F},R,"Coe College","Wind Up",,Top,,,,Fastball,,"Called Strike",,,,,,,79.268,0.137,2.523,1865.00,147.035,11:0,5.388,-2.018,6.714,-30.914,12.482,-8.095,2.937,-0.386,71.443,-5.820,1.013,0.474,,,,,,,,,,,,10.285,20.590,1.901,50.001,5.369,-5.100,-115.258,-0.172,7.673,22.658,-25.605,"Coe College","Coe College",,,,,{F686EA0D-BD67-415F-80F7-D4559E4ACE17},0.404,2.843
4,2019/01/21,12:28:35,0,0,"AJ Reuter",{D215ACB7-67D3-4E8C-9C29-B5569CDADE0C},L,"Coe College","Ryan Baranowski",{CCB698DA-817E-466D-AF5F-77FCC3E3F24F},R,"Coe College","Wind Up",,Top,,,,Fastball,,"Called Strike",,,,,,,78.563,0.033,1.806,1891.00,173.734,11:45,5.377,-1.944,6.730,-22.332,21.569,-2.368,3.546,-0.491,70.849,-4.361,1.236,0.477,,,,,,,,,,,,10.815,20.731,1.909,50.001,5.336,-4.880,-114.765,0.785,8.707,23.230,-24.186,"Coe College","Coe College",,,,,{BE4AB8BC-3481-4822-B88A-43A2683863F8},0.605,3.340
5,2019/01/21,12:28:52,0,0,"AJ Reuter",{D215ACB7-67D3-4E8C-9C29-B5569CDADE0C},L,"Coe College","Ryan Baranowski",{CCB698DA-817E-466D-AF5F-77FCC3E3F24F},R,"Coe College","Wind Up",,Top,,,,Fastball,,Ball,,,,,,,78.992,0.819,1.109,1887.00,171.560,11:45,5.258,-1.997,6.234,-31.076,13.458,-1.997,3.425,-1.141,70.999,-5.128,0.760,0.480,,,,,,,,,,,,9.085,16.956,1.980,50.001,5.258,-3.453,-114.870,1.733,8.395,23.085,-28.324,"Coe College","Coe College",,,,,{7086AFD1-30B4-4E4C-B5C7-A3C5BF62ACC5},1.273,3.289
6,2019/01/21,12:29:09,0,0,"AJ Reuter",{D215ACB7-67D3-4E8C-9C29-B5569CDADE0C},L,"Coe College","Ryan Baranowski",{CCB698DA-817E-466D-AF5F-77FCC3E3F24F},R,"Coe College","Wind Up",,Top,,,,Fastball,,"Called Strike",,,,,,,79.954,-0.068,3.655,1979.00,156.311,11:15,5.351,-2.291,6.322,-11.415,32.417,-14.223,4.337,-0.106,71.338,-2.401,1.041,0.476,,,,,,,,,,,,20.620,21.888,2.040,50.001,5.274,-8.128,-115.835,1.593,18.915,24.469,-20.498,"Coe College","Coe College",,,,,{E1D697B1-2C60-43DE-B03C-94882B5EE107},0.294,4.019
7,2019/01/21,12:29:42,0,0,"AJ Reuter",{D215ACB7-67D3-4E8C-9C29-B5569CDADE0C},L,"Coe College","Ryan Baranowski",{CCB698DA-817E-466D-AF5F-77FCC3E3F24F},R,"Coe College","Wind Up",,Top,,,,Fastball,,"Called Strike",,,,,,,79.072,1.344,5.297,1822.00,99.935,9:15,5.134,-2.327,6.409,-39.287,5.019,-28.655,3.101,0.169,71.129,-6.134,0.019,0.479,,,,,,,,,,,,24.511,14.229,1.965,50.001,5.170,-9.690,-114.599,2.129,21.930,22.597,-31.982,"Coe College","Coe College",,,,,{28D4B00E-6E9D-447E-ABBE-A6FDFACBA2AA},-0.176,3.011
8,2019/01/21,12:29:57,0,0,"AJ Reuter",{D215ACB7-67D3-4E8C-9C29-B5569CDADE0C},L,"Coe College","Ryan Baranowski",{CCB698DA-817E-466D-AF5F-77FCC3E3F24F},R,"Coe College","Wind Up",,Top,,,,Fastball,,Ball,,,,,,,80.963,0.757,2.891,1884.00,163.135,11:30,5.184,-2.195,5.819,-16.504,28.232,-8.559,4.514,-0.218,71.207,-2.498,1.366,0.481,,,,,,,,,,,,13.547,19.139,1.998,50.001,5.138,-6.227,-115.546,2.955,10.954,24.265,-22.665,"Coe College","Coe College",,,,,{7F99F9D8-6284-4681-8F62-BAFE4C875E16},0.323,4.266
9,2019/01/21,12:30:20,0,0,"AJ Reuter",{D215ACB7-67D3-4E8C-9C29-B5569CDADE0C},L,"Coe College","Ryan Baranowski",{CCB698DA-817E-466D-AF5F-77FCC3E3F24F},R,"Coe College","Wind Up",,Top,,,,Curveball,,Ball,,,,,,,73.377,0.961,4.692,,109.383,9:45,5.181,-3.259,6.307,-45.608,5.806,-16.503,2.269,-0.302,66.172,-7.699,1.680,0.516,,,,,,,,,,,,14.191,15.937,2.851,50.001,5.189,-7.435,-106.672,1.483,7.751,18.535,-33.776,"Coe College","Coe College",,,,,{63EFC504-6C1A-4CB1-A757-26BF00315AD5},0.207,2.132
10,2019/01/21,12:30:37,0,0,"AJ Reuter",{D215ACB7-67D3-4E8C-9C29-B5569CDADE0C},L,"Coe College","Ryan Baranowski",{CCB698DA-817E-466D-AF5F-77FCC3E3F24F},R,"Coe College","Wind Up",,Top,,,,Slider,,"Called Strike",,,,,,,74.062,4.184,2.447,2011.00,264.328,2:45,4.448,-2.275,5.854,-50.754,0.399,4.019,4.115,0.335,66.531,-5.378,3.162,0.515,,,,,,,,,,,,4.094,8.542,2.111,50.001,4.747,-4.791,-107.486,6.727,-1.708,18.651,-35.480,"Coe College","Coe College",,,,,{1BBFCFC8-3D23-443D-B16D-96FAB3855590},-0.316,4.014
11,2019/01/21,12:31:02,0,0,"AJ Reuter",{D215ACB7-67D3-4E8C-9C29-B5569CDADE0C},L,"Coe College","Ryan Baranowski",{CCB698DA-817E-466D-AF5F-77FCC3E3F24F},R,"Coe College","Wind Up",,Top,,,,Slider,,"Called Strike",,,,,,,74.008,2.249,2.720,1003.00,208.459,1:0,5.085,-2.470,6.398,-47.759,2.639,1.430,3.176,0.152,66.566,-6.834,2.869,0.511,,,,,,,,,,,,6.242,17.124,2.339,50.001,5.249,-5.410,-107.455,2.574,0.257,18.901,-30.207,"Coe College","Coe College",,,,,{7E316DF6-631B-4D86-8044-FC5B473244EC},-0.167,3.142
12,2019/01/21,12:31:23,0,0,"AJ Reuter",{D215ACB7-67D3-4E8C-9C29-B5569CDADE0C},L,"Coe College","Ryan Baranowski",{CCB698DA-817E-466D-AF5F-77FCC3E3F24F},R,"Coe College","Wind Up",,Top,,,,Slider,,"Called Strike",,,,,,,73.386,0.444,2.350,,202.632,12:45,5.481,-2.469,6.299,-33.341,18.133,7.560,3.113,0.327,65.966,-6.015,3.538,0.516,,,,,,,,,,,,6.681,24.521,2.339,50.001,5.424,-5.572,-106.541,0.544,0.528,18.342,-23.815,"Coe College","Coe College",,,,,{5CFD25CB-17EE-4E31-A45C-DB3650F08191},-0.232,3.027
13,2019/01/21,12:31:39,0,0,"AJ Reuter",{D215ACB7-67D3-4E8C-9C29-B5569CDADE0C},L,"Coe College","Ryan Baranowski",{CCB698DA-817E-466D-AF5F-77FCC3E3F24F},R,"Coe College","Wind Up",,Top,,,,Slider,,"Called Strike",,,,,,,74.903,2.410,3.829,,131.633,10:30,4.912,-2.476,6.038,-42.084,7.751,-8.720,3.643,0.347,67.285,-5.592,2.365,0.508,,,,,,,,,,,,11.794,13.303,2.190,50.001,5.046,-6.836,-108.927,4.145,5.912,19.588,-32.392,"Coe College","Coe College",,,,,{19DB9BA2-CFC7-4278-9720-B85A08EEDB29},-0.337,3.506
14,2019/01/21,12:31:58,0,0,"AJ Reuter",{D215ACB7-67D3-4E8C-9C29-B5569CDADE0C},L,"Coe College","Ryan Baranowski",{CCB698DA-817E-466D-AF5F-77FCC3E3F24F},R,"Coe College","Wind Up",,Top,,,,Slider,,Ball,,,,,,,67.609,3.161,1.165,2050.00,222.060,1:30,5.148,-2.170,5.748,-48.198,12.825,11.572,4.078,-0.121,60.953,-6.051,2.967,0.562,,,,,,,,,,,,-0.860,20.674,2.017,50.001,5.409,-2.493,-98.650,4.250,-4.444,15.905,-27.743,"Coe College","Coe College",,,,,{CEB1FE9F-6FD4-4453-AFC3-DD1E8CDA2035},0.169,3.972
15,2019/01/21,12:32:17,0,0,"AJ Reuter",{D215ACB7-67D3-4E8C-9C29-B5569CDADE0C},L,"Coe College","Ryan Baranowski",{CCB698DA-817E-466D-AF5F-77FCC3E3F24F},R,"Coe College","Wind Up",,Top,,,,Curveball,,"Called Strike",,,,,,,67.030,3.363,-0.548,2180.00,238.236,2:0,5.016,-1.935,5.865,-53.224,10.830,17.490,3.708,-0.987,59.386,-6.745,2.604,0.576,,,,,,,,,,,,-9.057,16.176,2.025,50.001,5.234,0.389,-96.629,5.179,-9.293,16.760,-32.561,"Coe College","Coe College",,,,,{244657B1-A65F-4DEB-BA0C-DD28F6F11F86},0.961,3.500
16,2019/01/21,12:32:46,0,0,"AJ Reuter",{D215ACB7-67D3-4E8C-9C29-B5569CDADE0C},L,"Coe College","Ryan Baranowski",{CCB698DA-817E-466D-AF5F-77FCC3E3F24F},R,"Coe College","Wind Up",,Top,,,,Curveball,,"Called Strike",,,,,,,67.342,2.021,2.004,2093.00,192.766,12:30,5.518,-2.301,5.693,-35.905,26.915,6.098,4.411,0.075,60.065,-4.875,3.117,0.570,,,,,,,,,,,,4.251,29.209,2.101,50.001,5.621,-3.883,-97.532,2.851,-0.587,16.501,-20.854,"Coe College","Coe College",,,,,{7BCEBBB4-7049-4D74-81CD-957EBE9FDD2C},0.017,4.311
17,2019/01/21,12:33:03,0,0,"AJ Reuter",{D215ACB7-67D3-4E8C-9C29-B5569CDADE0C},L,"Coe College","Ryan Baranowski",{CCB698DA-817E-466D-AF5F-77FCC3E3F24F},R,"Coe College","Wind Up",,Top,,,,Curveball,,"Called Strike",,,,,,,66.848,2.886,1.326,2117.00,199.892,12:45,5.200,-1.936,5.409,-41.369,21.748,7.869,4.458,-0.038,60.186,-4.979,2.759,0.572,,,,,,,,,,,,-2.609,26.698,1.764,50.001,5.407,-1.932,-97.560,3.771,-5.564,15.775,-22.251,"Coe College","Coe College",,,,,{298C7C62-0190-4FD7-8C4D-22ADCED68B68},0.029,4.396
18,2019/01/21,12:33:18,0,0,"AJ Reuter",{D215ACB7-67D3-4E8C-9C29-B5569CDADE0C},L,"Coe College","Ryan Baranowski",{CCB698DA-817E-466D-AF5F-77FCC3E3F24F},R,"Coe College","Wind Up",,Top,,,,Curveball,,"Called Strike",,,,,,,67.082,1.307,-1.124,2172.00,231.071,1:45,5.558,-1.645,6.039,-35.272,27.388,33.908,3.830,0.140,59.865,-5.500,5.122,0.570,,,,,,,,,,,,-9.574,26.471,1.784,50.001,5.587,-0.380,-97.735,2.459,-11.129,17.149,-24.383,"Coe College","Coe College",,,,,{9AB11460-106C-4A4F-ABE8-163FF3D592BB},0.104,3.606
19,2019/01/21,12:33:34,0,0,"AJ Reuter",{D215ACB7-67D3-4E8C-9C29-B5569CDADE0C},L,"Coe College","Ryan Baranowski",{CCB698DA-817E-466D-AF5F-77FCC3E3F24F},R,"Coe College","Wind Up",,Top,,,,Changeup,,Ball,,,,,,,68.186,3.456,3.309,1416.00,148.731,11:0,4.628,-2.709,6.162,-42.715,17.373,-10.550,4.270,-0.528,60.861,-4.722,1.311,0.558,,,,,,,,,,,,15.851,17.656,2.481,50.001,4.853,-6.072,-98.820,5.831,9.683,16.001,-28.937,"Coe College","Coe College",,,,,{7837591D-2587-481F-B7B9-73A0501D123C},0.644,4.072
20,2019/01/21,12:33:49,0,0,"AJ Reuter",{D215ACB7-67D3-4E8C-9C29-B5569CDADE0C},L,"Coe College","Ryan Baranowski",{CCB698DA-817E-466D-AF5F-77FCC3E3F24F},R,"Coe College","Wind Up",,Top,,,,Changeup,,"Called Strike",,,,,,,68.045,2.921,3.591,1361.00,121.188,10:0,4.858,-2.569,6.197,-52.584,7.477,-12.352,3.180,-0.279,61.078,-7.097,1.446,0.558,,,,,,,,,,,,12.284,16.608,2.283,50.001,5.026,-5.539,-98.748,4.351,6.332,15.892,-32.225,"Coe College","Coe College",,,,,{D9303478-F33D-456A-A54A-C8E2F216D3B7},0.283,3.061
21,2019/01/21,12:34:02,0,0,"AJ Reuter",{D215ACB7-67D3-4E8C-9C29-B5569CDADE0C},L,"Coe College","Ryan Baranowski",{CCB698DA-817E-466D-AF5F-77FCC3E3F24F},R,"Coe College","Wind Up",,Top,,,,Changeup,,"Called Strike",,,,,,,67.499,2.427,5.107,1406.00,144.447,10:45,5.059,-2.654,6.114,-34.711,27.061,-19.341,4.420,0.468,60.110,-4.192,1.389,0.566,,,,,,,,,,,,27.457,26.473,2.252,50.001,5.201,-9.439,-97.722,3.901,17.611,16.659,-22.383,"Coe College","Coe College",,,,,{95E5A7F9-B00E-4FF7-B3CF-95DBF95093C0},-0.274,4.234
22,2019/01/21,12:34:20,0,0,"AJ Reuter",{D215ACB7-67D3-4E8C-9C29-B5569CDADE0C},L,"Coe College","Ryan Baranowski",{CCB698DA-817E-466D-AF5F-77FCC3E3F24F},R,"Coe College","Wind Up",,Top,,,,Changeup,,"Called Strike",,,,,,,67.901,0.758,4.511,1341.00,121.887,10:0,5.444,-2.981,6.197,-47.115,13.453,-21.624,2.219,-0.610,61.047,-8.318,0.820,0.560,,,,,,,,,,,,18.225,28.271,2.634,50.001,5.451,-6.807,-98.536,0.123,11.158,17.552,-25.095,"Coe College","Coe College",,,,,{C9A50883-A628-4593-B98A-A8D92516F0BF},0.610,2.217
23,2019/01/21,12:34:34,0,0,"AJ Reuter",{D215ACB7-67D3-4E8C-9C29-B5569CDADE0C},L,"Coe College","Ryan Baranowski",{CCB698DA-817E-466D-AF5F-77FCC3E3F24F},R,"Coe College","Wind Up",,Top,,,,Changeup,,Ball,,,,,,,66.947,3.968,5.004,1413.00,124.732,10:15,4.825,-2.760,5.997,-48.944,14.031,-20.238,4.442,0.201,59.690,-5.227,1.044,0.571,,,,,,,,,,,,20.705,24.687,2.362,50.001,5.021,-7.996,-97.105,4.998,11.830,16.936,-23.297,"Coe College","Coe College",,,,,{309316CC-D69A-4FEC-8891-29E44DADAC14},-0.197,4.472
24,2019/01/21,12:34:47,0,0,"AJ Reuter",{D215ACB7-67D3-4E8C-9C29-B5569CDADE0C},L,"Coe College","Ryan Baranowski",{CCB698DA-817E-466D-AF5F-77FCC3E3F24F},R,"Coe College","Wind Up",,Top,,,,Fastball,,"Called Strike",,,,,,,79.298,0.875,6.208,1821.00,124.034,10:15,5.181,-2.423,6.709,-19.083,24.613,-36.444,4.395,0.238,71.010,-2.952,-0.518,0.476,,,,,,,,,,,,27.368,19.615,2.010,50.001,5.190,-10.756,-114.995,2.651,24.716,23.305,-22.772,"Coe College","Coe College",,,,,{C5DD8E60-8DB0-45EE-AA68-CA3B777C54E0},-0.330,4.159
25,2019/01/21,12:35:08,0,0,"AJ Reuter",{D215ACB7-67D3-4E8C-9C29-B5569CDADE0C},L,"Coe College","Ryan Baranowski",{CCB698DA-817E-466D-AF5F-77FCC3E3F24F},R,"Coe College","Wind Up",,Top,,,,Fastball,,"Called Strike",,,,,,,80.622,-0.390,6.264,2031.00,124.245,10:15,5.447,-2.476,6.938,-21.641,20.258,-29.759,3.287,0.768,72.505,-4.782,0.874,0.466,,,,,,,,,,,,26.816,19.236,2.054,50.001,5.372,-11.597,-116.922,0.293,23.571,24.115,-26.154,"Coe College","Coe College",,,,,{EC704A99-6A0A-40DE-86E0-3997341C78BD},-0.757,3.057
26,2019/01/21,12:35:30,0,0,"AJ Reuter",{D215ACB7-67D3-4E8C-9C29-B5569CDADE0C},L,"Coe College","Ryan Baranowski",{CCB698DA-817E-466D-AF5F-77FCC3E3F24F},R,"Coe College","Wind Up",,Top,,,,Fastball,,"Called Strike",,,,,,,80.925,0.877,6.819,1880.00,111.821,9:45,5.182,-2.669,6.946,-28.502,13.286,-33.182,3.611,0.800,72.569,-4.723,0.727,0.465,,,,,,,,,,,,33.381,15.347,2.278,50.001,5.175,-13.602,-117.247,2.249,30.795,25.164,-29.033,"Coe College","Coe College",,,,,{4ADC9A96-3772-46C0-8249-BED03082C618},-0.724,3.442
27,2019/01/21,12:35:45,0,0,"AJ Reuter",{D215ACB7-67D3-4E8C-9C29-B5569CDADE0C},L,"Coe College","Ryan Baranowski",{CCB698DA-817E-466D-AF5F-77FCC3E3F24F},R,"Coe College","Wind Up",,Top,,,,Fastball,,Ball,,,,,,,80.299,-0.438,4.301,1878.00,112.896,9:45,5.558,-2.398,6.856,-30.753,10.956,-25.942,2.595,-0.631,72.856,-6.372,-0.524,0.465,,,,,,,,,,,,20.364,22.847,2.078,50.001,5.463,-7.708,-117.463,-1.658,19.880,24.920,-23.334,"Coe College","Coe College",,,,,{473A1718-D728-43A0-B88C-5B43DC8A2FC0},0.602,2.587
28,2019/01/21,12:36:01,0,0,"AJ Reuter",{D215ACB7-67D3-4E8C-9C29-B5569CDADE0C},L,"Coe College","Ryan Baranowski",{CCB698DA-817E-466D-AF5F-77FCC3E3F24F},R,"Coe College","Wind Up",,Top,,,,"Four Seam Fastball",,Ball,,,,,,,83.613,1.418,3.463,1945.00,115.632,9:45,5.260,-2.285,5.554,-30.013,12.653,-26.371,4.087,-1.244,73.472,-4.318,-1.264,0.470,,,,,,,,,,,,21.059,19.573,2.033,50.001,5.358,-6.707,-118.526,1.699,23.337,24.801,-22.272,"Coe College","Coe College",,,,,{EE213FFE-06B9-4BF1-93DB-5E667F42427C},1.290,4.067
29,2019/01/21,12:38:21,0,0,"Ryan Baranowski",{CCB698DA-817E-466D-AF5F-77FCC3E3F24F},R,"Coe College","AJ Reuter",{D215ACB7-67D3-4E8C-9C29-B5569CDADE0C},L,"Coe College","Wind Up",,Bottom,,,,Fastball,,"Called Strike",,,,,,,71.938,1.146,-3.264,1803.00,222.180,1:30,5.357,2.760,5.561,-43.588,11.662,10.567,2.797,0.589,64.523,-7.060,-1.338,0.535,,,,,,,,,,,,-15.485,21.286,-2.507,50.001,5.409,6.275,-104.296,1.249,-10.481,18.937,-28.308,"Coe College","Coe College",,,,,{DBBF6375-2D5D-464D-8F99-D6B3242598A1},-0.700,2.711
30,2019/01/21,12:38:39,0,0,"Ryan Baranowski",{CCB698DA-817E-466D-AF5F-77FCC3E3F24F},R,"Coe College","AJ Reuter",{D215ACB7-67D3-4E8C-9C29-B5569CDADE0C},L,"Coe College","Wind Up",,Bottom,,,,Fastball,,Ball,,,,,,,71.764,1.258,-3.197,1943.00,230.234,1:45,5.349,2.699,5.900,-39.033,15.924,19.135,3.266,1.323,64.185,-6.191,0.271,0.533,,,,,,,,,,,,-14.864,22.882,-2.432,50.001,5.395,5.017,-103.944,1.687,-11.406,18.833,-25.888,"Coe College","Coe College",,,,,{A1F6DB52-ACAF-4C1D-9FBD-4E024986FF88},-1.340,3.169
31,2019/01/21,12:38:56,0,0,"Ryan Baranowski",{CCB698DA-817E-466D-AF5F-77FCC3E3F24F},R,"Coe College","AJ Reuter",{D215ACB7-67D3-4E8C-9C29-B5569CDADE0C},L,"Coe College","Wind Up",,Bottom,,,,Fastball,,Ball,,,,,,,71.175,0.870,-2.897,1885.00,250.970,2:15,5.356,2.737,5.704,-48.553,7.480,21.687,2.122,1.843,64.010,-8.241,1.100,0.539,,,,,,,,,,,,-17.725,22.426,-2.534,50.001,5.427,4.937,-103.300,0.148,-14.952,18.045,-28.991,"Coe College","Coe College",,,,,{A7562B72-E4EA-4F2D-842D-CCB7E07C866B},-1.904,2.058
32,2019/01/21,12:39:20,0,0,"Ryan Baranowski",{CCB698DA-817E-466D-AF5F-77FCC3E3F24F},R,"Coe College","AJ Reuter",{D215ACB7-67D3-4E8C-9C29-B5569CDADE0C},L,"Coe College","Wind Up",,Bottom,,,,Fastball,,"Called Strike",,,,,,,71.491,0.184,-2.633,,197.574,12:30,5.571,2.513,5.751,-39.419,16.149,5.115,2.457,0.487,64.176,-7.278,-1.645,0.536,,,,,,,,,,,,-19.339,24.746,-2.471,50.001,5.583,7.015,-103.565,-0.274,-14.036,18.282,-26.570,"Coe College","Coe College",,,,,{37D73D29-196E-42E3-BDD0-42B893607D31},-0.720,2.310
33,2019/01/21,12:39:41,0,0,"Ryan Baranowski",{CCB698DA-817E-466D-AF5F-77FCC3E3F24F},R,"Coe College","AJ Reuter",{D215ACB7-67D3-4E8C-9C29-B5569CDADE0C},L,"Coe College","Wind Up",,Bottom,,,,Fastball,,"Called Strike",,,,,,,71.621,1.420,-3.791,1784.00,223.117,1:30,5.257,2.974,5.919,-38.472,17.096,16.008,3.371,0.785,63.795,-5.814,-0.641,0.536,,,,,,,,,,,,-17.501,18.664,-2.684,50.001,5.311,6.735,-103.480,2.725,-12.061,18.835,-29.923,"Coe College","Coe College",,,,,{B52B0002-502B-40F2-9008-2F5DF9287E51},-0.834,3.086
34,2019/01/21,12:40:08,0,0,"Ryan Baranowski",{CCB698DA-817E-466D-AF5F-77FCC3E3F24F},R,"Coe College","AJ Reuter",{D215ACB7-67D3-4E8C-9C29-B5569CDADE0C},L,"Coe College","Wind Up",,Bottom,,,,Fastball,,Ball,,,,,,,72.655,0.981,-8.237,1909.00,257.459,2:30,5.401,3.329,5.686,-46.215,8.080,36.322,2.473,-1.374,65.252,-7.635,-1.627,0.530,,,,,,,,,,,,-34.489,24.250,-2.672,50.001,5.511,14.042,-104.547,-0.073,-23.611,17.410,-26.215,"Coe College","Coe College",,,,,{E5371629-2F29-4850-9297-95B7A413AAFF},1.349,2.452
35,2019/01/21,12:40:31,0,0,"Ryan Baranowski",{CCB698DA-817E-466D-AF5F-77FCC3E3F24F},R,"Coe College","AJ Reuter",{D215ACB7-67D3-4E8C-9C29-B5569CDADE0C},L,"Coe College","Wind Up",,Bottom,,,,Fastball,,Ball,,,,,,,71.075,3.221,-2.581,1823.00,182.337,12:0,4.934,2.980,5.425,-37.885,18.877,0.770,4.800,0.626,63.441,-3.949,-2.221,0.542,,,,,,,,,,,,-13.104,21.134,-2.820,50.001,5.154,6.029,-103.357,4.892,-7.605,18.692,-23.715,"Coe College","Coe College",,,,,{29BC3853-3F31-4A39-AC64-9C65070E28D1},-0.785,4.722
36,2019/01/21,12:40:52,0,0,"Ryan Baranowski",{CCB698DA-817E-466D-AF5F-77FCC3E3F24F},R,"Coe College","AJ Reuter",{D215ACB7-67D3-4E8C-9C29-B5569CDADE0C},L,"Coe College","Wind Up",,Bottom,,,,Curveball,,Ball,,,,,,,60.442,0.871,-4.669,1699.00,99.305,9:15,5.570,2.438,6.052,-75.878,3.407,-20.791,0.056,-3.626,54.430,-13.325,-8.214,0.641,,,,,,,,,,,,-5.067,21.175,-2.072,50.001,5.574,8.017,-87.509,0.816,5.120,17.328,-37.357,"Coe College","Coe College",,,,,{F1C7A006-FB77-4957-9681-FDBFE5A65DDF},3.473,-0.300
37,2019/01/21,12:41:27,0,0,"Ryan Baranowski",{CCB698DA-817E-466D-AF5F-77FCC3E3F24F},R,"Coe College","AJ Reuter",{D215ACB7-67D3-4E8C-9C29-B5569CDADE0C},L,"Coe College","Wind Up",,Bottom,,,,Curveball,,"Called Strike",,,,,,,58.632,0.716,-5.573,1617.00,195.501,12:30,6.022,3.532,4.754,-33.522,54.221,15.038,3.911,-0.516,51.855,-5.905,-3.065,0.674,,,,,,,,,,,,-14.555,43.450,-2.940,50.001,6.109,7.010,-84.317,1.507,-3.778,13.587,-19.433,"Coe College","Coe College",,,,,{DAB62BAE-6879-4423-89E0-1EF08943CB2B},0.579,3.529
38,2019/01/21,12:41:55,0,0,"Ryan Baranowski",{CCB698DA-817E-466D-AF5F-77FCC3E3F24F},R,"Coe College","AJ Reuter",{D215ACB7-67D3-4E8C-9C29-B5569CDADE0C},L,"Coe College","Wind Up",,Bottom,,,,Curveball,,Ball,,,,,,,58.816,4.163,-5.710,1509.00,242.279,2:0,5.034,3.391,5.467,-80.791,3.764,7.163,2.224,-1.373,52.652,-10.829,-4.322,0.662,,,,,,,,,,,,-19.407,16.060,-2.915,50.001,5.296,8.771,-84.925,5.487,-5.813,14.215,-37.140,"Coe College","Coe College",,,,,{E39CF500-5A2A-4C1A-BE9E-B531E74F381E},1.280,1.969
39,2019/01/21,12:42:22,0,0,"Ryan Baranowski",{CCB698DA-817E-466D-AF5F-77FCC3E3F24F},R,"Coe College","AJ Reuter",{D215ACB7-67D3-4E8C-9C29-B5569CDADE0C},L,"Coe College","Wind Up",,Bottom,,,,Fastball,,"Called Strike",,,,,,,71.242,0.700,-4.949,1886.00,223.040,1:30,5.465,3.004,5.709,-44.292,12.044,11.247,2.428,-0.681,63.895,-7.626,-2.847,0.540,,,,,,,,,,,,-19.311,24.358,-2.602,50.001,5.500,9.112,-102.922,0.128,-10.771,17.571,-26.805,"Coe College","Coe College",,,,,{DCA0E8A8-F0EA-4974-9514-D1520E6D1D63},0.565,2.363
40,2019/01/21,12:42:54,0,0,"Ryan Baranowski",{CCB698DA-817E-466D-AF5F-77FCC3E3F24F},R,"Coe College","AJ Reuter",{D215ACB7-67D3-4E8C-9C29-B5569CDADE0C},L,"Coe College","Wind Up",,Bottom,,,,Fastball,,Ball,,,,,,,72.945,2.298,-6.680,1906.00,229.334,1:45,5.137,3.477,4.984,-39.386,17.164,19.980,4.041,-1.194,64.365,-4.943,-2.887,0.541,,,,,,,,,,,,-27.101,24.371,-2.855,50.001,5.351,12.211,-104.148,2.624,-16.613,18.002,-22.324,"Coe College","Coe College",,,,,{F00E49C9-C7C7-49C8-B2E7-506F969A984A},1.102,4.020
41,2019/01/21,12:43:20,0,0,"Ryan Baranowski",{CCB698DA-817E-466D-AF5F-77FCC3E3F24F},R,"Coe College","AJ Reuter",{D215ACB7-67D3-4E8C-9C29-B5569CDADE0C},L,"Coe College","Wind Up",,Bottom,,,,Changeup,,Ball,,,,,,,65.435,4.933,-6.118,1533.00,250.091,2:15,4.428,3.736,6.145,-55.733,11.141,30.763,4.379,0.626,57.779,-5.671,-0.536,0.588,,,,,,,,,,,,-26.775,15.161,-3.259,50.001,4.736,9.106,-94.059,7.523,-15.688,14.573,-31.569,"Coe College","Coe College",,,,,{7CE3BB47-A5C1-4701-9707-A1CA1E58EA1C},-0.633,4.245
42,2019/01/21,12:43:41,0,0,"Ryan Baranowski",{CCB698DA-817E-466D-AF5F-77FCC3E3F24F},R,"Coe College","AJ Reuter",{D215ACB7-67D3-4E8C-9C29-B5569CDADE0C},L,"Coe College","Wind Up",,Bottom,,,,Changeup,,Ball,,,,,,,65.203,1.491,-6.690,1364.00,235.016,1:45,5.362,3.477,5.873,-49.573,16.872,24.110,2.626,-0.755,58.658,-7.892,-2.339,0.587,,,,,,,,,,,,-27.184,30.272,-2.946,50.001,5.513,10.575,-94.005,1.016,-14.205,14.014,-24.491,"Coe College","Coe College",,,,,{B10066D7-FA74-4380-B616-5C8F06CE9BD9},0.676,2.559
43,2019/01/21,12:44:06,0,0,"Ryan Baranowski",{CCB698DA-817E-466D-AF5F-77FCC3E3F24F},R,"Coe College","AJ Reuter",{D215ACB7-67D3-4E8C-9C29-B5569CDADE0C},L,"Coe College","Wind Up",,Bottom,,,,Changeup,,"Called Strike",,,,,,,64.007,2.702,-4.703,1609.00,258.341,2:30,5.196,2.954,5.838,-65.326,3.712,17.988,2.274,0.073,57.619,-9.440,-1.039,0.598,,,,,,,,,,,,-24.186,32.066,-2.679,50.001,5.542,8.313,-92.435,0.748,-13.414,13.886,-24.140,"Coe College","Coe College",,,,,{C3EBDA6B-273C-4762-8C7D-2733DD531FDA},-0.142,2.378
44,2019/01/21,12:44:29,0,0,"Ryan Baranowski",{CCB698DA-817E-466D-AF5F-77FCC3E3F24F},R,"Coe College","AJ Reuter",{D215ACB7-67D3-4E8C-9C29-B5569CDADE0C},L,"Coe College","Wind Up",,Bottom,,,,Fastball,,"Called Strike",,,,,,,71.566,0.823,-4.973,1965.00,233.798,1:45,5.399,3.011,5.956,-43.983,11.604,15.853,2.500,-0.291,64.000,-7.402,-1.823,0.537,,,,,,,,,,,,-25.917,25.036,-2.749,50.001,5.469,10.213,-103.061,0.127,-17.427,17.544,-25.902,"Coe College","Coe College",,,,,{F2DA5D2D-309F-4B17-BF84-401CC932023E},0.160,2.445
45,2019/01/21,12:44:48,0,0,"Ryan Baranowski",{CCB698DA-817E-466D-AF5F-77FCC3E3F24F},R,"Coe College","AJ Reuter",{D215ACB7-67D3-4E8C-9C29-B5569CDADE0C},L,"Coe College","Wind Up",,Bottom,,,,Curveball,,Ball,,,,,,,59.043,4.665,-3.263,1694.00,136.705,10:30,4.876,2.615,4.946,-72.464,14.474,-13.637,3.262,-1.608,52.100,-8.758,-5.891,0.671,,,,,,,,,,,,-2.969,19.543,-2.310,50.001,5.235,5.295,-84.736,6.232,3.743,14.157,-33.421,"Coe College","Coe College",,,,,{28AE4828-07CA-495F-AC12-471887260B46},1.516,3.004
46,2019/01/21,12:45:13,0,0,"Ryan Baranowski",{CCB698DA-817E-466D-AF5F-77FCC3E3F24F},R,"Coe College","AJ Reuter",{D215ACB7-67D3-4E8C-9C29-B5569CDADE0C},L,"Coe College","Wind Up",,Bottom,,,,Curveball,,Ball,,,,,,,54.774,5.922,0.190,1596.00,148.802,11:0,4.741,2.440,5.055,-48.843,50.215,-30.409,6.275,0.086,48.096,-3.717,-5.031,0.716,,,,,,,,,,,,5.792,37.952,-2.420,50.001,5.253,1.482,-78.957,7.883,5.824,11.447,-20.882,"Coe College","Coe College",,,,,{73CC9059-8267-417E-A1B5-AC9279148D6E},-0.286,6.029
47,2019/01/21,12:45:45,0,0,"Ryan Baranowski",{CCB698DA-817E-466D-AF5F-77FCC3E3F24F},R,"Coe College","AJ Reuter",{D215ACB7-67D3-4E8C-9C29-B5569CDADE0C},L,"Coe College","Wind Up",,Bottom,,,,Curveball,,Ball,,,,,,,57.032,2.496,-4.756,1718.00,123.335,10:0,5.263,3.094,5.696,-86.274,3.459,-5.258,0.409,-1.786,51.386,-13.514,-5.189,0.682,,,,,,,,,,,,-15.188,15.487,-2.737,50.001,5.347,7.915,-82.443,3.590,-2.824,14.605,-40.707,"Coe College","Coe College",,,,,{CAFAF228-DE8D-441E-8A40-B77590E6D30B},1.608,-0.181
48,2019/01/21,12:46:07,0,0,"Ryan Baranowski",{CCB698DA-817E-466D-AF5F-77FCC3E3F24F},R,"Coe College","AJ Reuter",{D215ACB7-67D3-4E8C-9C29-B5569CDADE0C},L,"Coe College","Wind Up",,Bottom,,,,Fastball,,Ball,,,,,,,71.753,0.441,-6.400,1976.00,255.322,2:30,5.391,3.486,6.095,-46.246,8.625,32.928,1.948,0.287,64.390,-8.439,-0.577,0.533,,,,,,,,,,,,-27.968,18.896,-2.973,50.001,5.377,10.324,-103.622,0.571,-20.077,17.985,-32.652,"Coe College","Coe College",,,,,{ABA4F480-26CF-46BB-B841-5DDF144A2FBA},-0.327,1.802
49,2019/01/21,12:46:27,0,0,"Ryan Baranowski",{CCB698DA-817E-466D-AF5F-77FCC3E3F24F},R,"Coe College","AJ Reuter",{D215ACB7-67D3-4E8C-9C29-B5569CDADE0C},L,"Coe College","Wind Up",,Bottom,,,,Changeup,,"Called Strike",,,,,,,65.828,1.540,-3.661,1638.00,195.319,12:30,5.333,3.173,6.012,-40.636,24.314,6.660,3.376,0.333,58.899,-6.202,-2.206,0.580,,,,,,,,,,,,-17.963,31.178,-2.984,50.001,5.478,7.256,-95.256,1.610,-9.335,15.311,-21.998,"Coe College","Coe College",,,,,{FDB3D477-9027-4F31-9693-213F7712869E},-0.453,3.255
50,2019/01/21,12:47:07,0,0,"Ryan Baranowski",{CCB698DA-817E-466D-AF5F-77FCC3E3F24F},R,"Coe College","AJ Reuter",{D215ACB7-67D3-4E8C-9C29-B5569CDADE0C},L,"Coe College","Wind Up",,Bottom,,,,Cutter,,Ball,,,,,,,72.488,3.915,-4.464,1858.00,192.038,12:30,4.580,3.312,4.895,-35.930,21.238,4.529,5.305,-0.541,63.809,-2.825,-3.443,0.544,,,,,,,,,,,,-22.020,21.702,-3.083,50.001,4.962,10.284,-103.552,5.750,-12.747,17.644,-21.479,"Coe College","Coe College",,,,,{78E4D018-0612-40A5-A01E-C617211CE85D},0.406,5.225
51,2019/01/21,12:47:35,0,0,"Ryan Baranowski",{CCB698DA-817E-466D-AF5F-77FCC3E3F24F},R,"Coe College","AJ Reuter",{D215ACB7-67D3-4E8C-9C29-B5569CDADE0C},L,"Coe College","Wind Up",,Bottom,,,,Cutter,,Ball,,,,,,,72.092,1.725,-6.114,1874.00,218.682,1:15,5.166,3.607,5.458,-25.501,31.561,25.269,4.665,-0.032,63.310,-3.240,-1.591,0.544,,,,,,,,,,,,-25.230,24.645,-3.051,50.001,5.190,10.189,-103.233,3.778,-16.470,20.323,-21.225,"Coe College","Coe College",,,,,{F0714B9A-AC16-4F25-9D88-9BB6DBA71306},-0.036,4.496
52,2019/01/21,12:47:54,0,0,"Ryan Baranowski",{CCB698DA-817E-466D-AF5F-77FCC3E3F24F},R,"Coe College","AJ Reuter",{D215ACB7-67D3-4E8C-9C29-B5569CDADE0C},L,"Coe College","Wind Up",,Bottom,,,,Curveball,,Ball,,,,,,,58.979,5.283,0.221,1666.00,125.036,10:15,4.776,2.803,5.635,-64.732,17.744,-25.307,4.324,0.900,52.527,-7.108,-3.999,0.654,,,,,,,,,,,,10.099,25.475,-2.810,50.001,5.226,0.514,-85.561,6.473,9.102,14.364,-27.821,"Coe College","Coe College",,,,,{5B2C439F-480D-4058-B91E-947DD6F24D26},-0.912,4.185
53,2019/01/21,12:48:17,0,0,"Ryan Baranowski",{CCB698DA-817E-466D-AF5F-77FCC3E3F24F},R,"Coe College","AJ Reuter",{D215ACB7-67D3-4E8C-9C29-B5569CDADE0C},L,"Coe College","Wind Up",,Bottom,,,,Fastball,,Ball,,,,,,,75.493,2.563,-4.641,2032.00,212.568,1:0,5.047,2.916,5.377,-35.010,16.082,10.272,4.541,-0.587,67.141,-4.058,-2.810,0.514,,,,,,,,,,,,-17.705,20.334,-2.498,50.001,5.217,8.932,-108.717,3.793,-10.878,19.605,-23.225,"Coe College","Coe College",,,,,{12921F28-02BC-4B07-ACC8-A9A3ED8263DE},0.468,4.489
54,2019/01/21,12:48:50,0,0,"Ryan Baranowski",{CCB698DA-817E-466D-AF5F-77FCC3E3F24F},R,"Coe College","AJ Reuter",{D215ACB7-67D3-4E8C-9C29-B5569CDADE0C},L,"Coe College","Wind Up",,Bottom,,,,Fastball,,Ball,,,,,,,76.353,2.725,-4.939,2076.00,191.889,12:30,5.047,2.605,5.360,-27.949,21.926,4.616,5.284,-1.653,67.959,-2.605,-4.127,0.508,,,,,,,,,,,,-13.307,24.219,-2.075,50.001,5.201,9.127,-110.108,3.997,-4.759,20.929,-16.681,"Coe College","Coe College",,,,,{A2695B1B-9D1E-4A79-AF71-493BBC0FA834},1.599,5.286
55,2019/01/21,12:49:20,0,0,"Ryan Baranowski",{CCB698DA-817E-466D-AF5F-77FCC3E3F24F},R,"Coe College","AJ Reuter",{D215ACB7-67D3-4E8C-9C29-B5569CDADE0C},L,"Coe College","Wind Up",,Bottom,,,,Fastball,,Ball,,,,,,,76.567,3.116,-5.502,2128.00,208.252,1:0,4.681,3.311,4.839,-16.098,34.683,18.638,6.306,-0.361,67.757,-0.184,-2.290,0.513,,,,,,,,,,,,-18.563,24.639,-2.766,50.001,5.061,9.431,-109.332,5.566,-11.541,19.773,-14.051,"Coe College","Coe College",,,,,{42F58693-3F1E-4AF0-BE53-087DA133E36C},0.349,6.135
56,2019/01/21,12:49:44,0,0,"Ryan Baranowski",{CCB698DA-817E-466D-AF5F-77FCC3E3F24F},R,"Coe College","AJ Reuter",{D215ACB7-67D3-4E8C-9C29-B5569CDADE0C},L,"Coe College","Wind Up",,Bottom,,,,Fastball,,Ball,,,,,,,74.171,0.383,-6.258,1941.00,211.999,1:0,5.501,3.320,5.789,-31.695,20.100,12.559,3.218,-1.478,66.515,-5.580,-3.802,0.518,,,,,,,,,,,,-27.173,24.051,-2.880,50.001,5.495,12.871,-106.764,0.536,-17.014,18.105,-24.246,"Coe College","Coe College",,,,,{03E1B311-548C-4BD3-90FD-5E05E865E2BF},1.292,3.063
57,2019/01/21,12:51:11,0,0,"Ryan Baranowski",{CCB698DA-817E-466D-AF5F-77FCC3E3F24F},R,"Coe College","AJ Reuter",{D215ACB7-67D3-4E8C-9C29-B5569CDADE0C},L,"Coe College","Wind Up",,Bottom,,,,Fastball,,"Called Strike",,,,,,,76.361,-0.565,-5.895,2108.00,222.949,1:30,5.617,3.397,6.216,-25.499,22.801,21.224,2.968,-0.293,68.354,-5.515,-2.039,0.500,,,,,,,,,,,,-27.836,20.244,-2.959,50.001,5.480,11.639,-110.050,0.262,-21.542,19.091,-28.068,"Coe College","Coe College",,,,,{6B92E1AB-CD13-4255-A6EA-63E7D50CBBAD},0.110,2.675
